Codice Regione-Data inizio;Regione-Data inizio;Codice Provincia/Uts-Data inizio;Provincia/uts-Data inizio;Codice Comune-Data inizio;Comune-Data inizio;Codice Comune-Data fine;Comune-Data fine;Codice Provincia/Uts-Data fine;Provincia/Uts-Data fine;Codice Regione-Data fine;Regione-Data fine
01;Piemonte;001;Torino;001001;Agliè;001001;Agliè;201;Torino;01;Piemonte
01;Piemonte;001;Torino;001002;Airasca;001002;Airasca;201;Torino;01;Piemonte
01;Piemonte;001;Torino;001003;Ala di Stura;001003;Ala di Stura;201;Torino;01;Piemonte
01;Piemonte;001;Torino;001004;Albiano d'Ivrea;001004;Albiano d'Ivrea;201;Torino;01;Piemonte
01;Piemonte;001;Torino;001005;Alice Superiore;001317;Val di Chy;201;Torino;01;Piemonte
01;Piemonte;001;Torino;001006;Almese;001006;Almese;201;Torino;01;Piemonte
01;Piemonte;001;Torino;001007;Alpette;001007;Alpette;201;Torino;01;Piemonte
01;Piemonte;001;Torino;001008;Alpignano;001008;Alpignano;201;Torino;01;Piemonte
01;Piemonte;001;Torino;001009;Andezeno;001009;Andezeno;201;Torino;01;Piemonte
01;Piemonte;001;Torino;001010;Andrate;001010;Andrate;201;Torino;01;Piemonte
01;Piemonte;001;Torino;001011;Angrogna;001011;Angrogna;201;Torino;01;Piemonte
01;Piemonte;001;Torino;001012;Arignano;001012;Arignano;201;Torino;01;Piemonte
01;Piemonte;001;Torino;001013;Avigliana;001013;Avigliana;201;Torino;01;Piemonte
01;Piemonte;001;Torino;001014;Azeglio;001014;Azeglio;201;Torino;01;Piemonte
01;Piemonte;001;Torino;001015;Bairo;001015;Bairo;201;Torino;01;Piemonte
01;Piemonte;001;Torino;001016;Balangero;001016;Balangero;201;Torino;01;Piemonte
01;Piemonte;001;Torino;001017;Baldissero Canavese;001017;Baldissero Canavese;201;Torino;01;Piemonte
01;Piemonte;001;Torino;001018;Baldissero Torinese;001018;Baldissero Torinese;201;Torino;01;Piemonte
01;Piemonte;001;Torino;001019;Balme;001019;Balme;201;Torino;01;Piemonte
01;Piemonte;001;Torino;001020;Banchette;001020;Banchette;201;Torino;01;Piemonte
01;Piemonte;001;Torino;001021;Barbania;001021;Barbania;201;Torino;01;Piemonte
01;Piemonte;001;Torino;001022;Bardonecchia;001022;Bardonecchia;201;Torino;01;Piemonte
01;Piemonte;001;Torino;001023;Barone Canavese;001023;Barone Canavese;201;Torino;01;Piemonte
01;Piemonte;001;Torino;001024;Beinasco;001024;Beinasco;201;Torino;01;Piemonte
01;Piemonte;001;Torino;001025;Bibiana;001025;Bibiana;201;Torino;01;Piemonte
01;Piemonte;001;Torino;001026;Bobbio Pellice;001026;Bobbio Pellice;201;Torino;01;Piemonte
01;Piemonte;001;Torino;001027;Bollengo;001027;Bollengo;201;Torino;01;Piemonte
01;Piemonte;001;Torino;001028;Borgaro Torinese;001028;Borgaro Torinese;201;Torino;01;Piemonte
01;Piemonte;001;Torino;001029;Borgiallo;001029;Borgiallo;201;Torino;01;Piemonte
01;Piemonte;001;Torino;001030;Borgofranco d'Ivrea;001030;Borgofranco d'Ivrea;201;Torino;01;Piemonte
01;Piemonte;001;Torino;001031;Borgomasino;001031;Borgomasino;201;Torino;01;Piemonte
01;Piemonte;001;Torino;001032;Borgone Susa;001032;Borgone Susa;201;Torino;01;Piemonte
01;Piemonte;001;Torino;001033;Bosconero;001033;Bosconero;201;Torino;01;Piemonte
01;Piemonte;001;Torino;001034;Brandizzo;001034;Brandizzo;201;Torino;01;Piemonte
01;Piemonte;001;Torino;001035;Bricherasio;001035;Bricherasio;201;Torino;01;Piemonte
01;Piemonte;001;Torino;001036;Brosso;001036;Brosso;201;Torino;01;Piemonte
01;Piemonte;001;Torino;001037;Brozolo;001037;Brozolo;201;Torino;01;Piemonte
01;Piemonte;001;Torino;001038;Bruino;001038;Bruino;201;Torino;01;Piemonte
01;Piemonte;001;Torino;001039;Brusasco;001039;Brusasco;201;Torino;01;Piemonte
01;Piemonte;001;Torino;001040;Bruzolo;001040;Bruzolo;201;Torino;01;Piemonte
01;Piemonte;001;Torino;001041;Buriasco;001041;Buriasco;201;Torino;01;Piemonte
01;Piemonte;001;Torino;001042;Burolo;001042;Burolo;201;Torino;01;Piemonte
01;Piemonte;001;Torino;001043;Busano;001043;Busano;201;Torino;01;Piemonte
01;Piemonte;001;Torino;001044;Bussoleno;001044;Bussoleno;201;Torino;01;Piemonte
01;Piemonte;001;Torino;001045;Buttigliera Alta;001045;Buttigliera Alta;201;Torino;01;Piemonte
01;Piemonte;001;Torino;001046;Cafasse;001046;Cafasse;201;Torino;01;Piemonte
01;Piemonte;001;Torino;001047;Caluso;001047;Caluso;201;Torino;01;Piemonte
01;Piemonte;001;Torino;001048;Cambiano;001048;Cambiano;201;Torino;01;Piemonte
01;Piemonte;001;Torino;001049;Campiglione Fenile;001049;Campiglione Fenile;201;Torino;01;Piemonte
01;Piemonte;001;Torino;001050;Candia Canavese;001050;Candia Canavese;201;Torino;01;Piemonte
01;Piemonte;001;Torino;001051;Candiolo;001051;Candiolo;201;Torino;01;Piemonte
01;Piemonte;001;Torino;001052;Canischio;001052;Canischio;201;Torino;01;Piemonte
01;Piemonte;001;Torino;001053;Cantalupa;001053;Cantalupa;201;Torino;01;Piemonte
01;Piemonte;001;Torino;001054;Cantoira;001054;Cantoira;201;Torino;01;Piemonte
01;Piemonte;001;Torino;001055;Caprie;001055;Caprie;201;Torino;01;Piemonte
01;Piemonte;001;Torino;001056;Caravino;001056;Caravino;201;Torino;01;Piemonte
01;Piemonte;001;Torino;001057;Carema;001057;Carema;201;Torino;01;Piemonte
01;Piemonte;001;Torino;001058;Carignano;001058;Carignano;201;Torino;01;Piemonte
01;Piemonte;001;Torino;001059;Carmagnola;001059;Carmagnola;201;Torino;01;Piemonte
01;Piemonte;001;Torino;001060;Casalborgone;001060;Casalborgone;201;Torino;01;Piemonte
01;Piemonte;001;Torino;001061;Cascinette d'Ivrea;001061;Cascinette d'Ivrea;201;Torino;01;Piemonte
01;Piemonte;001;Torino;001062;Caselette;001062;Caselette;201;Torino;01;Piemonte
01;Piemonte;001;Torino;001063;Caselle Torinese;001063;Caselle Torinese;201;Torino;01;Piemonte
01;Piemonte;001;Torino;001064;Castagneto Po;001064;Castagneto Po;201;Torino;01;Piemonte
01;Piemonte;001;Torino;001065;Castagnole Piemonte;001065;Castagnole Piemonte;201;Torino;01;Piemonte
01;Piemonte;001;Torino;001066;Castellamonte;001066;Castellamonte;201;Torino;01;Piemonte
01;Piemonte;001;Torino;001067;Castelnuovo Nigra;001067;Castelnuovo Nigra;201;Torino;01;Piemonte
01;Piemonte;001;Torino;001068;Castiglione Torinese;001068;Castiglione Torinese;201;Torino;01;Piemonte
01;Piemonte;001;Torino;001069;Cavagnolo;001069;Cavagnolo;201;Torino;01;Piemonte
01;Piemonte;001;Torino;001070;Cavour;001070;Cavour;201;Torino;01;Piemonte
01;Piemonte;001;Torino;001071;Cercenasco;001071;Cercenasco;201;Torino;01;Piemonte
01;Piemonte;001;Torino;001072;Ceres;001072;Ceres;201;Torino;01;Piemonte
01;Piemonte;001;Torino;001073;Ceresole Reale;001073;Ceresole Reale;201;Torino;01;Piemonte
01;Piemonte;001;Torino;001074;Cesana Torinese;001074;Cesana Torinese;201;Torino;01;Piemonte
01;Piemonte;001;Torino;001075;Chialamberto;001075;Chialamberto;201;Torino;01;Piemonte
01;Piemonte;001;Torino;001076;Chianocco;001076;Chianocco;201;Torino;01;Piemonte
01;Piemonte;001;Torino;001077;Chiaverano;001077;Chiaverano;201;Torino;01;Piemonte
01;Piemonte;001;Torino;001078;Chieri;001078;Chieri;201;Torino;01;Piemonte
01;Piemonte;001;Torino;001079;Chiesanuova;001079;Chiesanuova;201;Torino;01;Piemonte
01;Piemonte;001;Torino;001080;Chiomonte;001080;Chiomonte;201;Torino;01;Piemonte
01;Piemonte;001;Torino;001081;Chiusa di San Michele;001081;Chiusa di San Michele;201;Torino;01;Piemonte
01;Piemonte;001;Torino;001082;Chivasso;001082;Chivasso;201;Torino;01;Piemonte
01;Piemonte;001;Torino;001083;Ciconio;001083;Ciconio;201;Torino;01;Piemonte
01;Piemonte;001;Torino;001084;Cintano;001084;Cintano;201;Torino;01;Piemonte
01;Piemonte;001;Torino;001085;Cinzano;001085;Cinzano;201;Torino;01;Piemonte
01;Piemonte;001;Torino;001086;Ciriè;001086;Ciriè;201;Torino;01;Piemonte
01;Piemonte;001;Torino;001087;Claviere;001087;Claviere;201;Torino;01;Piemonte
01;Piemonte;001;Torino;001088;Coassolo Torinese;001088;Coassolo Torinese;201;Torino;01;Piemonte
01;Piemonte;001;Torino;001089;Coazze;001089;Coazze;201;Torino;01;Piemonte
01;Piemonte;001;Torino;001090;Collegno;001090;Collegno;201;Torino;01;Piemonte
01;Piemonte;001;Torino;001091;Colleretto Castelnuovo;001091;Colleretto Castelnuovo;201;Torino;01;Piemonte
01;Piemonte;001;Torino;001092;Colleretto Giacosa;001092;Colleretto Giacosa;201;Torino;01;Piemonte
01;Piemonte;001;Torino;001093;Condove;001093;Condove;201;Torino;01;Piemonte
01;Piemonte;001;Torino;001094;Corio;001094;Corio;201;Torino;01;Piemonte
01;Piemonte;001;Torino;001095;Cossano Canavese;001095;Cossano Canavese;201;Torino;01;Piemonte
01;Piemonte;001;Torino;001096;Cuceglio;001096;Cuceglio;201;Torino;01;Piemonte
01;Piemonte;001;Torino;001097;Cumiana;001097;Cumiana;201;Torino;01;Piemonte
01;Piemonte;001;Torino;001098;Cuorgnè;001098;Cuorgnè;201;Torino;01;Piemonte
01;Piemonte;001;Torino;001099;Druento;001099;Druento;201;Torino;01;Piemonte
01;Piemonte;001;Torino;001100;Exilles;001100;Exilles;201;Torino;01;Piemonte
01;Piemonte;001;Torino;001101;Favria;001101;Favria;201;Torino;01;Piemonte
01;Piemonte;001;Torino;001102;Feletto;001102;Feletto;201;Torino;01;Piemonte
01;Piemonte;001;Torino;001103;Fenestrelle;001103;Fenestrelle;201;Torino;01;Piemonte
01;Piemonte;001;Torino;001104;Fiano;001104;Fiano;201;Torino;01;Piemonte
01;Piemonte;001;Torino;001105;Fiorano Canavese;001105;Fiorano Canavese;201;Torino;01;Piemonte
01;Piemonte;001;Torino;001106;Foglizzo;001106;Foglizzo;201;Torino;01;Piemonte
01;Piemonte;001;Torino;001107;Forno Canavese;001107;Forno Canavese;201;Torino;01;Piemonte
01;Piemonte;001;Torino;001108;Frassinetto;001108;Frassinetto;201;Torino;01;Piemonte
01;Piemonte;001;Torino;001109;Front;001109;Front;201;Torino;01;Piemonte
01;Piemonte;001;Torino;001110;Frossasco;001110;Frossasco;201;Torino;01;Piemonte
01;Piemonte;001;Torino;001111;Garzigliana;001111;Garzigliana;201;Torino;01;Piemonte
01;Piemonte;001;Torino;001112;Gassino Torinese;001112;Gassino Torinese;201;Torino;01;Piemonte
01;Piemonte;001;Torino;001113;Germagnano;001113;Germagnano;201;Torino;01;Piemonte
01;Piemonte;001;Torino;001114;Giaglione;001114;Giaglione;201;Torino;01;Piemonte
01;Piemonte;001;Torino;001115;Giaveno;001115;Giaveno;201;Torino;01;Piemonte
01;Piemonte;001;Torino;001116;Givoletto;001116;Givoletto;201;Torino;01;Piemonte
01;Piemonte;001;Torino;001117;Gravere;001117;Gravere;201;Torino;01;Piemonte
01;Piemonte;001;Torino;001118;Groscavallo;001118;Groscavallo;201;Torino;01;Piemonte
01;Piemonte;001;Torino;001119;Grosso;001119;Grosso;201;Torino;01;Piemonte
01;Piemonte;001;Torino;001120;Grugliasco;001120;Grugliasco;201;Torino;01;Piemonte
01;Piemonte;001;Torino;001121;Ingria;001121;Ingria;201;Torino;01;Piemonte
01;Piemonte;001;Torino;001122;Inverso Pinasca;001122;Inverso Pinasca;201;Torino;01;Piemonte
01;Piemonte;001;Torino;001123;Isolabella;001123;Isolabella;201;Torino;01;Piemonte
01;Piemonte;001;Torino;001124;Issiglio;001124;Issiglio;201;Torino;01;Piemonte
01;Piemonte;001;Torino;001125;Ivrea;001125;Ivrea;201;Torino;01;Piemonte
01;Piemonte;001;Torino;001126;La Cassa;001126;La Cassa;201;Torino;01;Piemonte
01;Piemonte;001;Torino;001127;La Loggia;001127;La Loggia;201;Torino;01;Piemonte
01;Piemonte;001;Torino;001128;Lanzo Torinese;001128;Lanzo Torinese;201;Torino;01;Piemonte
01;Piemonte;001;Torino;001129;Lauriano;001129;Lauriano;201;Torino;01;Piemonte
01;Piemonte;001;Torino;001130;Leini;001130;Leini;201;Torino;01;Piemonte
01;Piemonte;001;Torino;001131;Lemie;001131;Lemie;201;Torino;01;Piemonte
01;Piemonte;001;Torino;001132;Lessolo;001132;Lessolo;201;Torino;01;Piemonte
01;Piemonte;001;Torino;001133;Levone;001133;Levone;201;Torino;01;Piemonte
01;Piemonte;001;Torino;001134;Locana;001134;Locana;201;Torino;01;Piemonte
01;Piemonte;001;Torino;001135;Lombardore;001135;Lombardore;201;Torino;01;Piemonte
01;Piemonte;001;Torino;001136;Lombriasco;001136;Lombriasco;201;Torino;01;Piemonte
01;Piemonte;001;Torino;001137;Loranzè;001137;Loranzè;201;Torino;01;Piemonte
01;Piemonte;001;Torino;001138;Lugnacco;001317;Val di Chy;201;Torino;01;Piemonte
01;Piemonte;001;Torino;001139;Luserna San Giovanni;001139;Luserna San Giovanni;201;Torino;01;Piemonte
01;Piemonte;001;Torino;001140;Lusernetta;001140;Lusernetta;201;Torino;01;Piemonte
01;Piemonte;001;Torino;001141;Lusigliè;001141;Lusigliè;201;Torino;01;Piemonte
01;Piemonte;001;Torino;001142;Macello;001142;Macello;201;Torino;01;Piemonte
01;Piemonte;001;Torino;001143;Maglione;001143;Maglione;201;Torino;01;Piemonte
01;Piemonte;001;Torino;001144;Marentino;001144;Marentino;201;Torino;01;Piemonte
01;Piemonte;001;Torino;001145;Massello;001145;Massello;201;Torino;01;Piemonte
01;Piemonte;001;Torino;001146;Mathi;001146;Mathi;201;Torino;01;Piemonte
01;Piemonte;001;Torino;001147;Mattie;001147;Mattie;201;Torino;01;Piemonte
01;Piemonte;001;Torino;001148;Mazzè;001148;Mazzè;201;Torino;01;Piemonte
01;Piemonte;001;Torino;001149;Meana di Susa;001149;Meana di Susa;201;Torino;01;Piemonte
01;Piemonte;001;Torino;001150;Mercenasco;001150;Mercenasco;201;Torino;01;Piemonte
01;Piemonte;001;Torino;001151;Meugliano;001318;Valchiusa;201;Torino;01;Piemonte
01;Piemonte;001;Torino;001152;Mezzenile;001152;Mezzenile;201;Torino;01;Piemonte
01;Piemonte;001;Torino;001153;Mombello di Torino;001153;Mombello di Torino;201;Torino;01;Piemonte
01;Piemonte;001;Torino;001154;Mompantero;001154;Mompantero;201;Torino;01;Piemonte
01;Piemonte;001;Torino;001155;Monastero di Lanzo;001155;Monastero di Lanzo;201;Torino;01;Piemonte
01;Piemonte;001;Torino;001156;Moncalieri;001156;Moncalieri;201;Torino;01;Piemonte
01;Piemonte;001;Torino;001157;Moncenisio;001157;Moncenisio;201;Torino;01;Piemonte
01;Piemonte;001;Torino;001158;Montaldo Torinese;001158;Montaldo Torinese;201;Torino;01;Piemonte
01;Piemonte;001;Torino;001159;Montalenghe;001159;Montalenghe;201;Torino;01;Piemonte
01;Piemonte;001;Torino;001160;Montalto Dora;001160;Montalto Dora;201;Torino;01;Piemonte
01;Piemonte;001;Torino;001161;Montanaro;001161;Montanaro;201;Torino;01;Piemonte
01;Piemonte;001;Torino;001162;Monteu da Po;001162;Monteu da Po;201;Torino;01;Piemonte
01;Piemonte;001;Torino;001163;Moriondo Torinese;001163;Moriondo Torinese;201;Torino;01;Piemonte
01;Piemonte;001;Torino;001164;Nichelino;001164;Nichelino;201;Torino;01;Piemonte
01;Piemonte;001;Torino;001165;Noasca;001165;Noasca;201;Torino;01;Piemonte
01;Piemonte;001;Torino;001166;Nole;001166;Nole;201;Torino;01;Piemonte
01;Piemonte;001;Torino;001167;Nomaglio;001167;Nomaglio;201;Torino;01;Piemonte
01;Piemonte;001;Torino;001168;None;001168;None;201;Torino;01;Piemonte
01;Piemonte;001;Torino;001169;Novalesa;001169;Novalesa;201;Torino;01;Piemonte
01;Piemonte;001;Torino;001170;Oglianico;001170;Oglianico;201;Torino;01;Piemonte
01;Piemonte;001;Torino;001171;Orbassano;001171;Orbassano;201;Torino;01;Piemonte
01;Piemonte;001;Torino;001172;Orio Canavese;001172;Orio Canavese;201;Torino;01;Piemonte
01;Piemonte;001;Torino;001173;Osasco;001173;Osasco;201;Torino;01;Piemonte
01;Piemonte;001;Torino;001174;Osasio;001174;Osasio;201;Torino;01;Piemonte
01;Piemonte;001;Torino;001175;Oulx;001175;Oulx;201;Torino;01;Piemonte
01;Piemonte;001;Torino;001176;Ozegna;001176;Ozegna;201;Torino;01;Piemonte
01;Piemonte;001;Torino;001177;Palazzo Canavese;001177;Palazzo Canavese;201;Torino;01;Piemonte
01;Piemonte;001;Torino;001178;Pancalieri;001178;Pancalieri;201;Torino;01;Piemonte
01;Piemonte;001;Torino;001179;Parella;001179;Parella;201;Torino;01;Piemonte
01;Piemonte;001;Torino;001180;Pavarolo;001180;Pavarolo;201;Torino;01;Piemonte
01;Piemonte;001;Torino;001181;Pavone Canavese;001181;Pavone Canavese;201;Torino;01;Piemonte
01;Piemonte;001;Torino;001182;Pecco;001317;Val di Chy;201;Torino;01;Piemonte
01;Piemonte;001;Torino;001183;Pecetto Torinese;001183;Pecetto Torinese;201;Torino;01;Piemonte
01;Piemonte;001;Torino;001184;Perosa Argentina;001184;Perosa Argentina;201;Torino;01;Piemonte
01;Piemonte;001;Torino;001185;Perosa Canavese;001185;Perosa Canavese;201;Torino;01;Piemonte
01;Piemonte;001;Torino;001186;Perrero;001186;Perrero;201;Torino;01;Piemonte
01;Piemonte;001;Torino;001187;Pertusio;001187;Pertusio;201;Torino;01;Piemonte
01;Piemonte;001;Torino;001188;Pessinetto;001188;Pessinetto;201;Torino;01;Piemonte
01;Piemonte;001;Torino;001189;Pianezza;001189;Pianezza;201;Torino;01;Piemonte
01;Piemonte;001;Torino;001190;Pinasca;001190;Pinasca;201;Torino;01;Piemonte
01;Piemonte;001;Torino;001191;Pinerolo;001191;Pinerolo;201;Torino;01;Piemonte
01;Piemonte;001;Torino;001192;Pino Torinese;001192;Pino Torinese;201;Torino;01;Piemonte
01;Piemonte;001;Torino;001193;Piobesi Torinese;001193;Piobesi Torinese;201;Torino;01;Piemonte
01;Piemonte;001;Torino;001194;Piossasco;001194;Piossasco;201;Torino;01;Piemonte
01;Piemonte;001;Torino;001195;Piscina;001195;Piscina;201;Torino;01;Piemonte
01;Piemonte;001;Torino;001196;Piverone;001196;Piverone;201;Torino;01;Piemonte
01;Piemonte;001;Torino;001197;Poirino;001197;Poirino;201;Torino;01;Piemonte
01;Piemonte;001;Torino;001198;Pomaretto;001198;Pomaretto;201;Torino;01;Piemonte
01;Piemonte;001;Torino;001199;Pont Canavese;001199;Pont Canavese;201;Torino;01;Piemonte
01;Piemonte;001;Torino;001200;Porte;001200;Porte;201;Torino;01;Piemonte
01;Piemonte;001;Torino;001201;Pragelato;001201;Pragelato;201;Torino;01;Piemonte
01;Piemonte;001;Torino;001202;Prali;001202;Prali;201;Torino;01;Piemonte
01;Piemonte;001;Torino;001203;Pralormo;001203;Pralormo;201;Torino;01;Piemonte
01;Piemonte;001;Torino;001204;Pramollo;001204;Pramollo;201;Torino;01;Piemonte
01;Piemonte;001;Torino;001205;Prarostino;001205;Prarostino;201;Torino;01;Piemonte
01;Piemonte;001;Torino;001206;Prascorsano;001206;Prascorsano;201;Torino;01;Piemonte
01;Piemonte;001;Torino;001207;Pratiglione;001207;Pratiglione;201;Torino;01;Piemonte
01;Piemonte;001;Torino;001208;Quagliuzzo;001208;Quagliuzzo;201;Torino;01;Piemonte
01;Piemonte;001;Torino;001209;Quassolo;001209;Quassolo;201;Torino;01;Piemonte
01;Piemonte;001;Torino;001210;Quincinetto;001210;Quincinetto;201;Torino;01;Piemonte
01;Piemonte;001;Torino;001211;Reano;001211;Reano;201;Torino;01;Piemonte
01;Piemonte;001;Torino;001212;Ribordone;001212;Ribordone;201;Torino;01;Piemonte
01;Piemonte;001;Torino;001213;Rivalba;001213;Rivalba;201;Torino;01;Piemonte
01;Piemonte;001;Torino;001214;Rivalta di Torino;001214;Rivalta di Torino;201;Torino;01;Piemonte
01;Piemonte;001;Torino;001215;Riva presso Chieri;001215;Riva presso Chieri;201;Torino;01;Piemonte
01;Piemonte;001;Torino;001216;Rivara;001216;Rivara;201;Torino;01;Piemonte
01;Piemonte;001;Torino;001217;Rivarolo Canavese;001217;Rivarolo Canavese;201;Torino;01;Piemonte
01;Piemonte;001;Torino;001218;Rivarossa;001218;Rivarossa;201;Torino;01;Piemonte
01;Piemonte;001;Torino;001219;Rivoli;001219;Rivoli;201;Torino;01;Piemonte
01;Piemonte;001;Torino;001220;Robassomero;001220;Robassomero;201;Torino;01;Piemonte
01;Piemonte;001;Torino;001221;Rocca Canavese;001221;Rocca Canavese;201;Torino;01;Piemonte
01;Piemonte;001;Torino;001222;Roletto;001222;Roletto;201;Torino;01;Piemonte
01;Piemonte;001;Torino;001223;Romano Canavese;001223;Romano Canavese;201;Torino;01;Piemonte
01;Piemonte;001;Torino;001224;Ronco Canavese;001224;Ronco Canavese;201;Torino;01;Piemonte
01;Piemonte;001;Torino;001225;Rondissone;001225;Rondissone;201;Torino;01;Piemonte
01;Piemonte;001;Torino;001226;Rorà;001226;Rorà;201;Torino;01;Piemonte
01;Piemonte;001;Torino;001227;Roure;001227;Roure;201;Torino;01;Piemonte
01;Piemonte;001;Torino;001228;Rosta;001228;Rosta;201;Torino;01;Piemonte
01;Piemonte;001;Torino;001229;Rubiana;001229;Rubiana;201;Torino;01;Piemonte
01;Piemonte;001;Torino;001230;Rueglio;001230;Rueglio;201;Torino;01;Piemonte
01;Piemonte;001;Torino;001231;Salassa;001231;Salassa;201;Torino;01;Piemonte
01;Piemonte;001;Torino;001232;Salbertrand;001232;Salbertrand;201;Torino;01;Piemonte
01;Piemonte;001;Torino;001233;Salerano Canavese;001233;Salerano Canavese;201;Torino;01;Piemonte
01;Piemonte;001;Torino;001234;Salza di Pinerolo;001234;Salza di Pinerolo;201;Torino;01;Piemonte
01;Piemonte;001;Torino;001235;Samone;001235;Samone;201;Torino;01;Piemonte
01;Piemonte;001;Torino;001236;San Benigno Canavese;001236;San Benigno Canavese;201;Torino;01;Piemonte
01;Piemonte;001;Torino;001237;San Carlo Canavese;001237;San Carlo Canavese;201;Torino;01;Piemonte
01;Piemonte;001;Torino;001238;San Colombano Belmonte;001238;San Colombano Belmonte;201;Torino;01;Piemonte
01;Piemonte;001;Torino;001239;San Didero;001239;San Didero;201;Torino;01;Piemonte
01;Piemonte;001;Torino;001240;San Francesco al Campo;001240;San Francesco al Campo;201;Torino;01;Piemonte
01;Piemonte;001;Torino;001241;Sangano;001241;Sangano;201;Torino;01;Piemonte
01;Piemonte;001;Torino;001242;San Germano Chisone;001242;San Germano Chisone;201;Torino;01;Piemonte
01;Piemonte;001;Torino;001243;San Gillio;001243;San Gillio;201;Torino;01;Piemonte
01;Piemonte;001;Torino;001244;San Giorgio Canavese;001244;San Giorgio Canavese;201;Torino;01;Piemonte
01;Piemonte;001;Torino;001245;San Giorio di Susa;001245;San Giorio di Susa;201;Torino;01;Piemonte
01;Piemonte;001;Torino;001246;San Giusto Canavese;001246;San Giusto Canavese;201;Torino;01;Piemonte
01;Piemonte;001;Torino;001247;San Martino Canavese;001247;San Martino Canavese;201;Torino;01;Piemonte
01;Piemonte;001;Torino;001248;San Maurizio Canavese;001248;San Maurizio Canavese;201;Torino;01;Piemonte
01;Piemonte;001;Torino;001249;San Mauro Torinese;001249;San Mauro Torinese;201;Torino;01;Piemonte
01;Piemonte;001;Torino;001250;San Pietro Val Lemina;001250;San Pietro Val Lemina;201;Torino;01;Piemonte
01;Piemonte;001;Torino;001251;San Ponso;001251;San Ponso;201;Torino;01;Piemonte
01;Piemonte;001;Torino;001252;San Raffaele Cimena;001252;San Raffaele Cimena;201;Torino;01;Piemonte
01;Piemonte;001;Torino;001253;San Sebastiano da Po;001253;San Sebastiano da Po;201;Torino;01;Piemonte
01;Piemonte;001;Torino;001254;San Secondo di Pinerolo;001254;San Secondo di Pinerolo;201;Torino;01;Piemonte
01;Piemonte;001;Torino;001255;Sant'Ambrogio di Torino;001255;Sant'Ambrogio di Torino;201;Torino;01;Piemonte
01;Piemonte;001;Torino;001256;Sant'Antonino di Susa;001256;Sant'Antonino di Susa;201;Torino;01;Piemonte
01;Piemonte;001;Torino;001257;Santena;001257;Santena;201;Torino;01;Piemonte
01;Piemonte;001;Torino;001258;Sauze di Cesana;001258;Sauze di Cesana;201;Torino;01;Piemonte
01;Piemonte;001;Torino;001259;Sauze d'Oulx;001259;Sauze d'Oulx;201;Torino;01;Piemonte
01;Piemonte;001;Torino;001260;Scalenghe;001260;Scalenghe;201;Torino;01;Piemonte
01;Piemonte;001;Torino;001261;Scarmagno;001261;Scarmagno;201;Torino;01;Piemonte
01;Piemonte;001;Torino;001262;Sciolze;001262;Sciolze;201;Torino;01;Piemonte
01;Piemonte;001;Torino;001263;Sestriere;001263;Sestriere;201;Torino;01;Piemonte
01;Piemonte;001;Torino;001264;Settimo Rottaro;001264;Settimo Rottaro;201;Torino;01;Piemonte
01;Piemonte;001;Torino;001265;Settimo Torinese;001265;Settimo Torinese;201;Torino;01;Piemonte
01;Piemonte;001;Torino;001266;Settimo Vittone;001266;Settimo Vittone;201;Torino;01;Piemonte
01;Piemonte;001;Torino;001267;Sparone;001267;Sparone;201;Torino;01;Piemonte
01;Piemonte;001;Torino;001268;Strambinello;001268;Strambinello;201;Torino;01;Piemonte
01;Piemonte;001;Torino;001269;Strambino;001269;Strambino;201;Torino;01;Piemonte
01;Piemonte;001;Torino;001270;Susa;001270;Susa;201;Torino;01;Piemonte
01;Piemonte;001;Torino;001271;Tavagnasco;001271;Tavagnasco;201;Torino;01;Piemonte
01;Piemonte;001;Torino;001272;Torino;001272;Torino;201;Torino;01;Piemonte
01;Piemonte;001;Torino;001273;Torrazza Piemonte;001273;Torrazza Piemonte;201;Torino;01;Piemonte
01;Piemonte;001;Torino;001274;Torre Canavese;001274;Torre Canavese;201;Torino;01;Piemonte
01;Piemonte;001;Torino;001275;Torre Pellice;001275;Torre Pellice;201;Torino;01;Piemonte
01;Piemonte;001;Torino;001276;Trana;001276;Trana;201;Torino;01;Piemonte
01;Piemonte;001;Torino;001277;Trausella;001318;Valchiusa;201;Torino;01;Piemonte
01;Piemonte;001;Torino;001278;Traversella;001278;Traversella;201;Torino;01;Piemonte
01;Piemonte;001;Torino;001279;Traves;001279;Traves;201;Torino;01;Piemonte
01;Piemonte;001;Torino;001280;Trofarello;001280;Trofarello;201;Torino;01;Piemonte
01;Piemonte;001;Torino;001281;Usseaux;001281;Usseaux;201;Torino;01;Piemonte
01;Piemonte;001;Torino;001282;Usseglio;001282;Usseglio;201;Torino;01;Piemonte
01;Piemonte;001;Torino;001283;Vaie;001283;Vaie;201;Torino;01;Piemonte
01;Piemonte;001;Torino;001284;Val della Torre;001284;Val della Torre;201;Torino;01;Piemonte
01;Piemonte;001;Torino;001285;Valgioie;001285;Valgioie;201;Torino;01;Piemonte
01;Piemonte;001;Torino;001286;Vallo Torinese;001286;Vallo Torinese;201;Torino;01;Piemonte
01;Piemonte;001;Torino;001287;Valperga;001287;Valperga;201;Torino;01;Piemonte
01;Piemonte;001;Torino;001288;Valprato Soana;001288;Valprato Soana;201;Torino;01;Piemonte
01;Piemonte;001;Torino;001289;Varisella;001289;Varisella;201;Torino;01;Piemonte
01;Piemonte;001;Torino;001290;Vauda Canavese;001290;Vauda Canavese;201;Torino;01;Piemonte
01;Piemonte;001;Torino;001291;Venaus;001291;Venaus;201;Torino;01;Piemonte
01;Piemonte;001;Torino;001292;Venaria Reale;001292;Venaria Reale;201;Torino;01;Piemonte
01;Piemonte;001;Torino;001293;Verolengo;001293;Verolengo;201;Torino;01;Piemonte
01;Piemonte;001;Torino;001294;Verrua Savoia;001294;Verrua Savoia;201;Torino;01;Piemonte
01;Piemonte;001;Torino;001295;Vestignè;001295;Vestignè;201;Torino;01;Piemonte
01;Piemonte;001;Torino;001296;Vialfrè;001296;Vialfrè;201;Torino;01;Piemonte
01;Piemonte;001;Torino;001297;Vico Canavese;001318;Valchiusa;201;Torino;01;Piemonte
01;Piemonte;001;Torino;001298;Vidracco;001298;Vidracco;201;Torino;01;Piemonte
01;Piemonte;001;Torino;001299;Vigone;001299;Vigone;201;Torino;01;Piemonte
01;Piemonte;001;Torino;001300;Villafranca Piemonte;001300;Villafranca Piemonte;201;Torino;01;Piemonte
01;Piemonte;001;Torino;001301;Villanova Canavese;001301;Villanova Canavese;201;Torino;01;Piemonte
01;Piemonte;001;Torino;001302;Villarbasse;001302;Villarbasse;201;Torino;01;Piemonte
01;Piemonte;001;Torino;001303;Villar Dora;001303;Villar Dora;201;Torino;01;Piemonte
01;Piemonte;001;Torino;001304;Villareggia;001304;Villareggia;201;Torino;01;Piemonte
01;Piemonte;001;Torino;001305;Villar Focchiardo;001305;Villar Focchiardo;201;Torino;01;Piemonte
01;Piemonte;001;Torino;001306;Villar Pellice;001306;Villar Pellice;201;Torino;01;Piemonte
01;Piemonte;001;Torino;001307;Villar Perosa;001307;Villar Perosa;201;Torino;01;Piemonte
01;Piemonte;001;Torino;001308;Villastellone;001308;Villastellone;201;Torino;01;Piemonte
01;Piemonte;001;Torino;001309;Vinovo;001309;Vinovo;201;Torino;01;Piemonte
01;Piemonte;001;Torino;001310;Virle Piemonte;001310;Virle Piemonte;201;Torino;01;Piemonte
01;Piemonte;001;Torino;001311;Vische;001311;Vische;201;Torino;01;Piemonte
01;Piemonte;001;Torino;001312;Vistrorio;001312;Vistrorio;201;Torino;01;Piemonte
01;Piemonte;001;Torino;001313;Viù;001313;Viù;201;Torino;01;Piemonte
01;Piemonte;001;Torino;001314;Volpiano;001314;Volpiano;201;Torino;01;Piemonte
01;Piemonte;001;Torino;001315;Volvera;001315;Volvera;201;Torino;01;Piemonte
01;Piemonte;002;Vercelli;002002;Alagna Valsesia;002002;Alagna Valsesia;002;Vercelli;01;Piemonte
01;Piemonte;002;Vercelli;002003;Albano Vercellese;002003;Albano Vercellese;002;Vercelli;01;Piemonte
01;Piemonte;002;Vercelli;002004;Alice Castello;002004;Alice Castello;002;Vercelli;01;Piemonte
01;Piemonte;002;Vercelli;002006;Arborio;002006;Arborio;002;Vercelli;01;Piemonte
01;Piemonte;002;Vercelli;002007;Asigliano Vercellese;002007;Asigliano Vercellese;002;Vercelli;01;Piemonte
01;Piemonte;002;Vercelli;002008;Balmuccia;002008;Balmuccia;002;Vercelli;01;Piemonte
01;Piemonte;002;Vercelli;002009;Balocco;002009;Balocco;002;Vercelli;01;Piemonte
01;Piemonte;002;Vercelli;002011;Bianzè;002011;Bianzè;002;Vercelli;01;Piemonte
01;Piemonte;002;Vercelli;002014;Boccioleto;002014;Boccioleto;002;Vercelli;01;Piemonte
01;Piemonte;002;Vercelli;002015;Borgo d'Ale;002015;Borgo d'Ale;002;Vercelli;01;Piemonte
01;Piemonte;002;Vercelli;002016;Borgosesia;002016;Borgosesia;002;Vercelli;01;Piemonte
01;Piemonte;002;Vercelli;002017;Borgo Vercelli;002017;Borgo Vercelli;002;Vercelli;01;Piemonte
01;Piemonte;002;Vercelli;002019;Breia;002171;Cellio con Breia;002;Vercelli;01;Piemonte
01;Piemonte;002;Vercelli;002021;Buronzo;002021;Buronzo;002;Vercelli;01;Piemonte
01;Piemonte;002;Vercelli;002025;Campertogno;002025;Campertogno;002;Vercelli;01;Piemonte
01;Piemonte;002;Vercelli;002029;Carcoforo;002029;Carcoforo;002;Vercelli;01;Piemonte
01;Piemonte;002;Vercelli;002030;Caresana;002030;Caresana;002;Vercelli;01;Piemonte
01;Piemonte;002;Vercelli;002031;Caresanablot;002031;Caresanablot;002;Vercelli;01;Piemonte
01;Piemonte;002;Vercelli;002032;Carisio;002032;Carisio;002;Vercelli;01;Piemonte
01;Piemonte;002;Vercelli;002033;Casanova Elvo;002033;Casanova Elvo;002;Vercelli;01;Piemonte
01;Piemonte;002;Vercelli;002035;San Giacomo Vercellese;002035;San Giacomo Vercellese;002;Vercelli;01;Piemonte
01;Piemonte;002;Vercelli;002038;Cellio;002171;Cellio con Breia;002;Vercelli;01;Piemonte
01;Piemonte;002;Vercelli;002041;Cervatto;002041;Cervatto;002;Vercelli;01;Piemonte
01;Piemonte;002;Vercelli;002042;Cigliano;002042;Cigliano;002;Vercelli;01;Piemonte
01;Piemonte;002;Vercelli;002043;Civiasco;002043;Civiasco;002;Vercelli;01;Piemonte
01;Piemonte;002;Vercelli;002045;Collobiano;002045;Collobiano;002;Vercelli;01;Piemonte
01;Piemonte;002;Vercelli;002047;Costanzana;002047;Costanzana;002;Vercelli;01;Piemonte
01;Piemonte;002;Vercelli;002048;Cravagliana;002048;Cravagliana;002;Vercelli;01;Piemonte
01;Piemonte;002;Vercelli;002049;Crescentino;002049;Crescentino;002;Vercelli;01;Piemonte
01;Piemonte;002;Vercelli;002052;Crova;002052;Crova;002;Vercelli;01;Piemonte
01;Piemonte;002;Vercelli;002054;Desana;002054;Desana;002;Vercelli;01;Piemonte
01;Piemonte;002;Vercelli;002057;Fobello;002057;Fobello;002;Vercelli;01;Piemonte
01;Piemonte;002;Vercelli;002058;Fontanetto Po;002058;Fontanetto Po;002;Vercelli;01;Piemonte
01;Piemonte;002;Vercelli;002059;Formigliana;002059;Formigliana;002;Vercelli;01;Piemonte
01;Piemonte;002;Vercelli;002061;Gattinara;002061;Gattinara;002;Vercelli;01;Piemonte
01;Piemonte;002;Vercelli;002062;Ghislarengo;002062;Ghislarengo;002;Vercelli;01;Piemonte
01;Piemonte;002;Vercelli;002065;Greggio;002065;Greggio;002;Vercelli;01;Piemonte
01;Piemonte;002;Vercelli;002066;Guardabosone;002066;Guardabosone;002;Vercelli;01;Piemonte
01;Piemonte;002;Vercelli;002067;Lamporo;002067;Lamporo;002;Vercelli;01;Piemonte
01;Piemonte;002;Vercelli;002068;Lenta;002068;Lenta;002;Vercelli;01;Piemonte
01;Piemonte;002;Vercelli;002070;Lignana;002070;Lignana;002;Vercelli;01;Piemonte
01;Piemonte;002;Vercelli;002071;Livorno Ferraris;002071;Livorno Ferraris;002;Vercelli;01;Piemonte
01;Piemonte;002;Vercelli;002072;Lozzolo;002072;Lozzolo;002;Vercelli;01;Piemonte
01;Piemonte;002;Vercelli;002078;Mollia;002078;Mollia;002;Vercelli;01;Piemonte
01;Piemonte;002;Vercelli;002079;Moncrivello;002079;Moncrivello;002;Vercelli;01;Piemonte
01;Piemonte;002;Vercelli;002082;Motta de' Conti;002082;Motta de' Conti;002;Vercelli;01;Piemonte
01;Piemonte;002;Vercelli;002088;Olcenengo;002088;Olcenengo;002;Vercelli;01;Piemonte
01;Piemonte;002;Vercelli;002089;Oldenico;002089;Oldenico;002;Vercelli;01;Piemonte
01;Piemonte;002;Vercelli;002090;Palazzolo Vercellese;002090;Palazzolo Vercellese;002;Vercelli;01;Piemonte
01;Piemonte;002;Vercelli;002091;Pertengo;002091;Pertengo;002;Vercelli;01;Piemonte
01;Piemonte;002;Vercelli;002093;Pezzana;002093;Pezzana;002;Vercelli;01;Piemonte
01;Piemonte;002;Vercelli;002096;Pila;002096;Pila;002;Vercelli;01;Piemonte
01;Piemonte;002;Vercelli;002097;Piode;002097;Piode;002;Vercelli;01;Piemonte
01;Piemonte;002;Vercelli;002102;Postua;002102;Postua;002;Vercelli;01;Piemonte
01;Piemonte;002;Vercelli;002104;Prarolo;002104;Prarolo;002;Vercelli;01;Piemonte
01;Piemonte;002;Vercelli;002107;Quarona;002107;Quarona;002;Vercelli;01;Piemonte
01;Piemonte;002;Vercelli;002108;Quinto Vercellese;002108;Quinto Vercellese;002;Vercelli;01;Piemonte
01;Piemonte;002;Vercelli;002110;Rassa;002110;Rassa;002;Vercelli;01;Piemonte
01;Piemonte;002;Vercelli;002111;Rima San Giuseppe;002170;Alto Sermenza;002;Vercelli;01;Piemonte
01;Piemonte;002;Vercelli;002112;Rimasco;002170;Alto Sermenza;002;Vercelli;01;Piemonte
01;Piemonte;002;Vercelli;002113;Rimella;002113;Rimella;002;Vercelli;01;Piemonte
01;Piemonte;002;Vercelli;002114;Riva Valdobbia;002002;Alagna Valsesia;002;Vercelli;01;Piemonte
01;Piemonte;002;Vercelli;002115;Rive;002115;Rive;002;Vercelli;01;Piemonte
01;Piemonte;002;Vercelli;002116;Roasio;002116;Roasio;002;Vercelli;01;Piemonte
01;Piemonte;002;Vercelli;002118;Ronsecco;002118;Ronsecco;002;Vercelli;01;Piemonte
01;Piemonte;002;Vercelli;002121;Rossa;002121;Rossa;002;Vercelli;01;Piemonte
01;Piemonte;002;Vercelli;002122;Rovasenda;002122;Rovasenda;002;Vercelli;01;Piemonte
01;Piemonte;002;Vercelli;002123;Sabbia;002156;Varallo;002;Vercelli;01;Piemonte
01;Piemonte;002;Vercelli;002126;Salasco;002126;Salasco;002;Vercelli;01;Piemonte
01;Piemonte;002;Vercelli;002127;Sali Vercellese;002127;Sali Vercellese;002;Vercelli;01;Piemonte
01;Piemonte;002;Vercelli;002128;Saluggia;002128;Saluggia;002;Vercelli;01;Piemonte
01;Piemonte;002;Vercelli;002131;San Germano Vercellese;002131;San Germano Vercellese;002;Vercelli;01;Piemonte
01;Piemonte;002;Vercelli;002133;Santhià;002133;Santhià;002;Vercelli;01;Piemonte
01;Piemonte;002;Vercelli;002134;Scopa;002134;Scopa;002;Vercelli;01;Piemonte
01;Piemonte;002;Vercelli;002135;Scopello;002135;Scopello;002;Vercelli;01;Piemonte
01;Piemonte;002;Vercelli;002137;Serravalle Sesia;002137;Serravalle Sesia;002;Vercelli;01;Piemonte
01;Piemonte;002;Vercelli;002142;Stroppiana;002142;Stroppiana;002;Vercelli;01;Piemonte
01;Piemonte;002;Vercelli;002147;Tricerro;002147;Tricerro;002;Vercelli;01;Piemonte
01;Piemonte;002;Vercelli;002148;Trino;002148;Trino;002;Vercelli;01;Piemonte
01;Piemonte;002;Vercelli;002150;Tronzano Vercellese;002150;Tronzano Vercellese;002;Vercelli;01;Piemonte
01;Piemonte;002;Vercelli;002152;Valduggia;002152;Valduggia;002;Vercelli;01;Piemonte
01;Piemonte;002;Vercelli;002156;Varallo;002156;Varallo;002;Vercelli;01;Piemonte
01;Piemonte;002;Vercelli;002158;Vercelli;002158;Vercelli;002;Vercelli;01;Piemonte
01;Piemonte;002;Vercelli;002163;Villarboit;002163;Villarboit;002;Vercelli;01;Piemonte
01;Piemonte;002;Vercelli;002164;Villata;002164;Villata;002;Vercelli;01;Piemonte
01;Piemonte;002;Vercelli;002166;Vocca;002166;Vocca;002;Vercelli;01;Piemonte
01;Piemonte;003;Novara;003001;Agrate Conturbia;003001;Agrate Conturbia;003;Novara;01;Piemonte
01;Piemonte;003;Novara;003002;Ameno;003002;Ameno;003;Novara;01;Piemonte
01;Piemonte;003;Novara;003006;Armeno;003006;Armeno;003;Novara;01;Piemonte
01;Piemonte;003;Novara;003008;Arona;003008;Arona;003;Novara;01;Piemonte
01;Piemonte;003;Novara;003012;Barengo;003012;Barengo;003;Novara;01;Piemonte
01;Piemonte;003;Novara;003016;Bellinzago Novarese;003016;Bellinzago Novarese;003;Novara;01;Piemonte
01;Piemonte;003;Novara;003018;Biandrate;003018;Biandrate;003;Novara;01;Piemonte
01;Piemonte;003;Novara;003019;Boca;003019;Boca;003;Novara;01;Piemonte
01;Piemonte;003;Novara;003021;Bogogno;003021;Bogogno;003;Novara;01;Piemonte
01;Piemonte;003;Novara;003022;Bolzano Novarese;003022;Bolzano Novarese;003;Novara;01;Piemonte
01;Piemonte;003;Novara;003023;Borgolavezzaro;003023;Borgolavezzaro;003;Novara;01;Piemonte
01;Piemonte;003;Novara;003024;Borgomanero;003024;Borgomanero;003;Novara;01;Piemonte
01;Piemonte;003;Novara;003025;Borgo Ticino;003025;Borgo Ticino;003;Novara;01;Piemonte
01;Piemonte;003;Novara;003026;Briga Novarese;003026;Briga Novarese;003;Novara;01;Piemonte
01;Piemonte;003;Novara;003027;Briona;003027;Briona;003;Novara;01;Piemonte
01;Piemonte;003;Novara;003030;Caltignaga;003030;Caltignaga;003;Novara;01;Piemonte
01;Piemonte;003;Novara;003032;Cameri;003032;Cameri;003;Novara;01;Piemonte
01;Piemonte;003;Novara;003036;Carpignano Sesia;003036;Carpignano Sesia;003;Novara;01;Piemonte
01;Piemonte;003;Novara;003037;Casalbeltrame;003037;Casalbeltrame;003;Novara;01;Piemonte
01;Piemonte;003;Novara;003039;Casaleggio Novara;003039;Casaleggio Novara;003;Novara;01;Piemonte
01;Piemonte;003;Novara;003040;Casalino;003040;Casalino;003;Novara;01;Piemonte
01;Piemonte;003;Novara;003041;Casalvolone;003041;Casalvolone;003;Novara;01;Piemonte
01;Piemonte;003;Novara;003042;Castellazzo Novarese;003042;Castellazzo Novarese;003;Novara;01;Piemonte
01;Piemonte;003;Novara;003043;Castelletto sopra Ticino;003043;Castelletto sopra Ticino;003;Novara;01;Piemonte
01;Piemonte;003;Novara;003044;Cavaglietto;003044;Cavaglietto;003;Novara;01;Piemonte
01;Piemonte;003;Novara;003045;Cavaglio d'Agogna;003045;Cavaglio d'Agogna;003;Novara;01;Piemonte
01;Piemonte;003;Novara;003047;Cavallirio;003047;Cavallirio;003;Novara;01;Piemonte
01;Piemonte;003;Novara;003049;Cerano;003049;Cerano;003;Novara;01;Piemonte
01;Piemonte;003;Novara;003051;Colazza;003051;Colazza;003;Novara;01;Piemonte
01;Piemonte;003;Novara;003052;Comignago;003052;Comignago;003;Novara;01;Piemonte
01;Piemonte;003;Novara;003055;Cressa;003055;Cressa;003;Novara;01;Piemonte
01;Piemonte;003;Novara;003058;Cureggio;003058;Cureggio;003;Novara;01;Piemonte
01;Piemonte;003;Novara;003060;Divignano;003060;Divignano;003;Novara;01;Piemonte
01;Piemonte;003;Novara;003062;Dormelletto;003062;Dormelletto;003;Novara;01;Piemonte
01;Piemonte;003;Novara;003065;Fara Novarese;003065;Fara Novarese;003;Novara;01;Piemonte
01;Piemonte;003;Novara;003066;Fontaneto d'Agogna;003066;Fontaneto d'Agogna;003;Novara;01;Piemonte
01;Piemonte;003;Novara;003068;Galliate;003068;Galliate;003;Novara;01;Piemonte
01;Piemonte;003;Novara;003069;Garbagna Novarese;003069;Garbagna Novarese;003;Novara;01;Piemonte
01;Piemonte;003;Novara;003070;Gargallo;003070;Gargallo;003;Novara;01;Piemonte
01;Piemonte;003;Novara;003071;Gattico;003166;Gattico-Veruno;003;Novara;01;Piemonte
01;Piemonte;003;Novara;003073;Ghemme;003073;Ghemme;003;Novara;01;Piemonte
01;Piemonte;003;Novara;003076;Gozzano;003076;Gozzano;003;Novara;01;Piemonte
01;Piemonte;003;Novara;003077;Granozzo con Monticello;003077;Granozzo con Monticello;003;Novara;01;Piemonte
01;Piemonte;003;Novara;003079;Grignasco;003079;Grignasco;003;Novara;01;Piemonte
01;Piemonte;003;Novara;003082;Invorio;003082;Invorio;003;Novara;01;Piemonte
01;Piemonte;003;Novara;003083;Landiona;003083;Landiona;003;Novara;01;Piemonte
01;Piemonte;003;Novara;003084;Lesa;003084;Lesa;003;Novara;01;Piemonte
01;Piemonte;003;Novara;003088;Maggiora;003088;Maggiora;003;Novara;01;Piemonte
01;Piemonte;003;Novara;003090;Mandello Vitta;003090;Mandello Vitta;003;Novara;01;Piemonte
01;Piemonte;003;Novara;003091;Marano Ticino;003091;Marano Ticino;003;Novara;01;Piemonte
01;Piemonte;003;Novara;003093;Massino Visconti;003093;Massino Visconti;003;Novara;01;Piemonte
01;Piemonte;003;Novara;003095;Meina;003095;Meina;003;Novara;01;Piemonte
01;Piemonte;003;Novara;003097;Mezzomerico;003097;Mezzomerico;003;Novara;01;Piemonte
01;Piemonte;003;Novara;003098;Miasino;003098;Miasino;003;Novara;01;Piemonte
01;Piemonte;003;Novara;003100;Momo;003100;Momo;003;Novara;01;Piemonte
01;Piemonte;003;Novara;003103;Nebbiuno;003103;Nebbiuno;003;Novara;01;Piemonte
01;Piemonte;003;Novara;003104;Nibbiola;003104;Nibbiola;003;Novara;01;Piemonte
01;Piemonte;003;Novara;003106;Novara;003106;Novara;003;Novara;01;Piemonte
01;Piemonte;003;Novara;003108;Oleggio;003108;Oleggio;003;Novara;01;Piemonte
01;Piemonte;003;Novara;003109;Oleggio Castello;003109;Oleggio Castello;003;Novara;01;Piemonte
01;Piemonte;003;Novara;003112;Orta San Giulio;003112;Orta San Giulio;003;Novara;01;Piemonte
01;Piemonte;003;Novara;003114;Paruzzaro;003114;Paruzzaro;003;Novara;01;Piemonte
01;Piemonte;003;Novara;003115;Pella;003115;Pella;003;Novara;01;Piemonte
01;Piemonte;003;Novara;003116;Pettenasco;003116;Pettenasco;003;Novara;01;Piemonte
01;Piemonte;003;Novara;003119;Pisano;003119;Pisano;003;Novara;01;Piemonte
01;Piemonte;003;Novara;003120;Pogno;003120;Pogno;003;Novara;01;Piemonte
01;Piemonte;003;Novara;003121;Pombia;003121;Pombia;003;Novara;01;Piemonte
01;Piemonte;003;Novara;003122;Prato Sesia;003122;Prato Sesia;003;Novara;01;Piemonte
01;Piemonte;003;Novara;003129;Recetto;003129;Recetto;003;Novara;01;Piemonte
01;Piemonte;003;Novara;003130;Romagnano Sesia;003130;Romagnano Sesia;003;Novara;01;Piemonte
01;Piemonte;003;Novara;003131;Romentino;003131;Romentino;003;Novara;01;Piemonte
01;Piemonte;003;Novara;003133;San Maurizio d'Opaglio;003133;San Maurizio d'Opaglio;003;Novara;01;Piemonte
01;Piemonte;003;Novara;003134;San Nazzaro Sesia;003134;San Nazzaro Sesia;003;Novara;01;Piemonte
01;Piemonte;003;Novara;003135;San Pietro Mosezzo;003135;San Pietro Mosezzo;003;Novara;01;Piemonte
01;Piemonte;003;Novara;003138;Sillavengo;003138;Sillavengo;003;Novara;01;Piemonte
01;Piemonte;003;Novara;003139;Sizzano;003139;Sizzano;003;Novara;01;Piemonte
01;Piemonte;003;Novara;003140;Soriso;003140;Soriso;003;Novara;01;Piemonte
01;Piemonte;003;Novara;003141;Sozzago;003141;Sozzago;003;Novara;01;Piemonte
01;Piemonte;003;Novara;003143;Suno;003143;Suno;003;Novara;01;Piemonte
01;Piemonte;003;Novara;003144;Terdobbiate;003144;Terdobbiate;003;Novara;01;Piemonte
01;Piemonte;003;Novara;003146;Tornaco;003146;Tornaco;003;Novara;01;Piemonte
01;Piemonte;003;Novara;003149;Trecate;003149;Trecate;003;Novara;01;Piemonte
01;Piemonte;003;Novara;003153;Vaprio d'Agogna;003153;Vaprio d'Agogna;003;Novara;01;Piemonte
01;Piemonte;003;Novara;003154;Varallo Pombia;003154;Varallo Pombia;003;Novara;01;Piemonte
01;Piemonte;003;Novara;003157;Veruno;003166;Gattico-Veruno;003;Novara;01;Piemonte
01;Piemonte;003;Novara;003158;Vespolate;003158;Vespolate;003;Novara;01;Piemonte
01;Piemonte;003;Novara;003159;Vicolungo;003159;Vicolungo;003;Novara;01;Piemonte
01;Piemonte;003;Novara;003164;Vinzaglio;003164;Vinzaglio;003;Novara;01;Piemonte
01;Piemonte;004;Cuneo;004001;Acceglio;004001;Acceglio;004;Cuneo;01;Piemonte
01;Piemonte;004;Cuneo;004002;Aisone;004002;Aisone;004;Cuneo;01;Piemonte
01;Piemonte;004;Cuneo;004003;Alba;004003;Alba;004;Cuneo;01;Piemonte
01;Piemonte;004;Cuneo;004004;Albaretto della Torre;004004;Albaretto della Torre;004;Cuneo;01;Piemonte
01;Piemonte;004;Cuneo;004005;Alto;004005;Alto;004;Cuneo;01;Piemonte
01;Piemonte;004;Cuneo;004006;Argentera;004006;Argentera;004;Cuneo;01;Piemonte
01;Piemonte;004;Cuneo;004007;Arguello;004007;Arguello;004;Cuneo;01;Piemonte
01;Piemonte;004;Cuneo;004008;Bagnasco;004008;Bagnasco;004;Cuneo;01;Piemonte
01;Piemonte;004;Cuneo;004009;Bagnolo Piemonte;004009;Bagnolo Piemonte;004;Cuneo;01;Piemonte
01;Piemonte;004;Cuneo;004010;Baldissero d'Alba;004010;Baldissero d'Alba;004;Cuneo;01;Piemonte
01;Piemonte;004;Cuneo;004011;Barbaresco;004011;Barbaresco;004;Cuneo;01;Piemonte
01;Piemonte;004;Cuneo;004012;Barge;004012;Barge;004;Cuneo;01;Piemonte
01;Piemonte;004;Cuneo;004013;Barolo;004013;Barolo;004;Cuneo;01;Piemonte
01;Piemonte;004;Cuneo;004014;Bastia Mondovì;004014;Bastia Mondovì;004;Cuneo;01;Piemonte
01;Piemonte;004;Cuneo;004015;Battifollo;004015;Battifollo;004;Cuneo;01;Piemonte
01;Piemonte;004;Cuneo;004016;Beinette;004016;Beinette;004;Cuneo;01;Piemonte
01;Piemonte;004;Cuneo;004017;Bellino;004017;Bellino;004;Cuneo;01;Piemonte
01;Piemonte;004;Cuneo;004018;Belvedere Langhe;004018;Belvedere Langhe;004;Cuneo;01;Piemonte
01;Piemonte;004;Cuneo;004019;Bene Vagienna;004019;Bene Vagienna;004;Cuneo;01;Piemonte
01;Piemonte;004;Cuneo;004020;Benevello;004020;Benevello;004;Cuneo;01;Piemonte
01;Piemonte;004;Cuneo;004021;Bergolo;004021;Bergolo;004;Cuneo;01;Piemonte
01;Piemonte;004;Cuneo;004022;Bernezzo;004022;Bernezzo;004;Cuneo;01;Piemonte
01;Piemonte;004;Cuneo;004023;Bonvicino;004023;Bonvicino;004;Cuneo;01;Piemonte
01;Piemonte;004;Cuneo;004024;Borgomale;004024;Borgomale;004;Cuneo;01;Piemonte
01;Piemonte;004;Cuneo;004025;Borgo San Dalmazzo;004025;Borgo San Dalmazzo;004;Cuneo;01;Piemonte
01;Piemonte;004;Cuneo;004026;Bosia;004026;Bosia;004;Cuneo;01;Piemonte
01;Piemonte;004;Cuneo;004027;Bossolasco;004027;Bossolasco;004;Cuneo;01;Piemonte
01;Piemonte;004;Cuneo;004028;Boves;004028;Boves;004;Cuneo;01;Piemonte
01;Piemonte;004;Cuneo;004029;Bra;004029;Bra;004;Cuneo;01;Piemonte
01;Piemonte;004;Cuneo;004030;Briaglia;004030;Briaglia;004;Cuneo;01;Piemonte
01;Piemonte;004;Cuneo;004031;Briga Alta;004031;Briga Alta;004;Cuneo;01;Piemonte
01;Piemonte;004;Cuneo;004032;Brondello;004032;Brondello;004;Cuneo;01;Piemonte
01;Piemonte;004;Cuneo;004033;Brossasco;004033;Brossasco;004;Cuneo;01;Piemonte
01;Piemonte;004;Cuneo;004034;Busca;004034;Busca;004;Cuneo;01;Piemonte
01;Piemonte;004;Cuneo;004035;Camerana;004035;Camerana;004;Cuneo;01;Piemonte
01;Piemonte;004;Cuneo;004036;Camo;004213;Santo Stefano Belbo;004;Cuneo;01;Piemonte
01;Piemonte;004;Cuneo;004037;Canale;004037;Canale;004;Cuneo;01;Piemonte
01;Piemonte;004;Cuneo;004038;Canosio;004038;Canosio;004;Cuneo;01;Piemonte
01;Piemonte;004;Cuneo;004039;Caprauna;004039;Caprauna;004;Cuneo;01;Piemonte
01;Piemonte;004;Cuneo;004040;Caraglio;004040;Caraglio;004;Cuneo;01;Piemonte
01;Piemonte;004;Cuneo;004041;Caramagna Piemonte;004041;Caramagna Piemonte;004;Cuneo;01;Piemonte
01;Piemonte;004;Cuneo;004042;Cardè;004042;Cardè;004;Cuneo;01;Piemonte
01;Piemonte;004;Cuneo;004043;Carrù;004043;Carrù;004;Cuneo;01;Piemonte
01;Piemonte;004;Cuneo;004044;Cartignano;004044;Cartignano;004;Cuneo;01;Piemonte
01;Piemonte;004;Cuneo;004045;Casalgrasso;004045;Casalgrasso;004;Cuneo;01;Piemonte
01;Piemonte;004;Cuneo;004046;Castagnito;004046;Castagnito;004;Cuneo;01;Piemonte
01;Piemonte;004;Cuneo;004047;Casteldelfino;004047;Casteldelfino;004;Cuneo;01;Piemonte
01;Piemonte;004;Cuneo;004048;Castellar;004203;Saluzzo;004;Cuneo;01;Piemonte
01;Piemonte;004;Cuneo;004049;Castelletto Stura;004049;Castelletto Stura;004;Cuneo;01;Piemonte
01;Piemonte;004;Cuneo;004050;Castelletto Uzzone;004050;Castelletto Uzzone;004;Cuneo;01;Piemonte
01;Piemonte;004;Cuneo;004051;Castellinaldo;004051;Castellinaldo d'Alba;004;Cuneo;01;Piemonte
01;Piemonte;004;Cuneo;004052;Castellino Tanaro;004052;Castellino Tanaro;004;Cuneo;01;Piemonte
01;Piemonte;004;Cuneo;004053;Castelmagno;004053;Castelmagno;004;Cuneo;01;Piemonte
01;Piemonte;004;Cuneo;004054;Castelnuovo di Ceva;004054;Castelnuovo di Ceva;004;Cuneo;01;Piemonte
01;Piemonte;004;Cuneo;004055;Castiglione Falletto;004055;Castiglione Falletto;004;Cuneo;01;Piemonte
01;Piemonte;004;Cuneo;004056;Castiglione Tinella;004056;Castiglione Tinella;004;Cuneo;01;Piemonte
01;Piemonte;004;Cuneo;004057;Castino;004057;Castino;004;Cuneo;01;Piemonte
01;Piemonte;004;Cuneo;004058;Cavallerleone;004058;Cavallerleone;004;Cuneo;01;Piemonte
01;Piemonte;004;Cuneo;004059;Cavallermaggiore;004059;Cavallermaggiore;004;Cuneo;01;Piemonte
01;Piemonte;004;Cuneo;004060;Celle di Macra;004060;Celle di Macra;004;Cuneo;01;Piemonte
01;Piemonte;004;Cuneo;004061;Centallo;004061;Centallo;004;Cuneo;01;Piemonte
01;Piemonte;004;Cuneo;004062;Ceresole Alba;004062;Ceresole Alba;004;Cuneo;01;Piemonte
01;Piemonte;004;Cuneo;004063;Cerretto Langhe;004063;Cerretto Langhe;004;Cuneo;01;Piemonte
01;Piemonte;004;Cuneo;004064;Cervasca;004064;Cervasca;004;Cuneo;01;Piemonte
01;Piemonte;004;Cuneo;004065;Cervere;004065;Cervere;004;Cuneo;01;Piemonte
01;Piemonte;004;Cuneo;004066;Ceva;004066;Ceva;004;Cuneo;01;Piemonte
01;Piemonte;004;Cuneo;004067;Cherasco;004067;Cherasco;004;Cuneo;01;Piemonte
01;Piemonte;004;Cuneo;004068;Chiusa di Pesio;004068;Chiusa di Pesio;004;Cuneo;01;Piemonte
01;Piemonte;004;Cuneo;004069;Cigliè;004069;Cigliè;004;Cuneo;01;Piemonte
01;Piemonte;004;Cuneo;004070;Cissone;004070;Cissone;004;Cuneo;01;Piemonte
01;Piemonte;004;Cuneo;004071;Clavesana;004071;Clavesana;004;Cuneo;01;Piemonte
01;Piemonte;004;Cuneo;004072;Corneliano d'Alba;004072;Corneliano d'Alba;004;Cuneo;01;Piemonte
01;Piemonte;004;Cuneo;004073;Cortemilia;004073;Cortemilia;004;Cuneo;01;Piemonte
01;Piemonte;004;Cuneo;004074;Cossano Belbo;004074;Cossano Belbo;004;Cuneo;01;Piemonte
01;Piemonte;004;Cuneo;004075;Costigliole Saluzzo;004075;Costigliole Saluzzo;004;Cuneo;01;Piemonte
01;Piemonte;004;Cuneo;004076;Cravanzana;004076;Cravanzana;004;Cuneo;01;Piemonte
01;Piemonte;004;Cuneo;004077;Crissolo;004077;Crissolo;004;Cuneo;01;Piemonte
01;Piemonte;004;Cuneo;004078;Cuneo;004078;Cuneo;004;Cuneo;01;Piemonte
01;Piemonte;004;Cuneo;004079;Demonte;004079;Demonte;004;Cuneo;01;Piemonte
01;Piemonte;004;Cuneo;004080;Diano d'Alba;004080;Diano d'Alba;004;Cuneo;01;Piemonte
01;Piemonte;004;Cuneo;004081;Dogliani;004081;Dogliani;004;Cuneo;01;Piemonte
01;Piemonte;004;Cuneo;004082;Dronero;004082;Dronero;004;Cuneo;01;Piemonte
01;Piemonte;004;Cuneo;004083;Elva;004083;Elva;004;Cuneo;01;Piemonte
01;Piemonte;004;Cuneo;004084;Entracque;004084;Entracque;004;Cuneo;01;Piemonte
01;Piemonte;004;Cuneo;004085;Envie;004085;Envie;004;Cuneo;01;Piemonte
01;Piemonte;004;Cuneo;004086;Farigliano;004086;Farigliano;004;Cuneo;01;Piemonte
01;Piemonte;004;Cuneo;004087;Faule;004087;Faule;004;Cuneo;01;Piemonte
01;Piemonte;004;Cuneo;004088;Feisoglio;004088;Feisoglio;004;Cuneo;01;Piemonte
01;Piemonte;004;Cuneo;004089;Fossano;004089;Fossano;004;Cuneo;01;Piemonte
01;Piemonte;004;Cuneo;004090;Frabosa Soprana;004090;Frabosa Soprana;004;Cuneo;01;Piemonte
01;Piemonte;004;Cuneo;004091;Frabosa Sottana;004091;Frabosa Sottana;004;Cuneo;01;Piemonte
01;Piemonte;004;Cuneo;004092;Frassino;004092;Frassino;004;Cuneo;01;Piemonte
01;Piemonte;004;Cuneo;004093;Gaiola;004093;Gaiola;004;Cuneo;01;Piemonte
01;Piemonte;004;Cuneo;004094;Gambasca;004094;Gambasca;004;Cuneo;01;Piemonte
01;Piemonte;004;Cuneo;004095;Garessio;004095;Garessio;004;Cuneo;01;Piemonte
01;Piemonte;004;Cuneo;004096;Genola;004096;Genola;004;Cuneo;01;Piemonte
01;Piemonte;004;Cuneo;004097;Gorzegno;004097;Gorzegno;004;Cuneo;01;Piemonte
01;Piemonte;004;Cuneo;004098;Gottasecca;004098;Gottasecca;004;Cuneo;01;Piemonte
01;Piemonte;004;Cuneo;004099;Govone;004099;Govone;004;Cuneo;01;Piemonte
01;Piemonte;004;Cuneo;004100;Grinzane Cavour;004100;Grinzane Cavour;004;Cuneo;01;Piemonte
01;Piemonte;004;Cuneo;004101;Guarene;004101;Guarene;004;Cuneo;01;Piemonte
01;Piemonte;004;Cuneo;004102;Igliano;004102;Igliano;004;Cuneo;01;Piemonte
01;Piemonte;004;Cuneo;004103;Isasca;004103;Isasca;004;Cuneo;01;Piemonte
01;Piemonte;004;Cuneo;004104;Lagnasco;004104;Lagnasco;004;Cuneo;01;Piemonte
01;Piemonte;004;Cuneo;004105;La Morra;004105;La Morra;004;Cuneo;01;Piemonte
01;Piemonte;004;Cuneo;004106;Lequio Berria;004106;Lequio Berria;004;Cuneo;01;Piemonte
01;Piemonte;004;Cuneo;004107;Lequio Tanaro;004107;Lequio Tanaro;004;Cuneo;01;Piemonte
01;Piemonte;004;Cuneo;004108;Lesegno;004108;Lesegno;004;Cuneo;01;Piemonte
01;Piemonte;004;Cuneo;004109;Levice;004109;Levice;004;Cuneo;01;Piemonte
01;Piemonte;004;Cuneo;004110;Limone Piemonte;004110;Limone Piemonte;004;Cuneo;01;Piemonte
01;Piemonte;004;Cuneo;004111;Lisio;004111;Lisio;004;Cuneo;01;Piemonte
01;Piemonte;004;Cuneo;004112;Macra;004112;Macra;004;Cuneo;01;Piemonte
01;Piemonte;004;Cuneo;004113;Magliano Alfieri;004113;Magliano Alfieri;004;Cuneo;01;Piemonte
01;Piemonte;004;Cuneo;004114;Magliano Alpi;004114;Magliano Alpi;004;Cuneo;01;Piemonte
01;Piemonte;004;Cuneo;004115;Mango;004115;Mango;004;Cuneo;01;Piemonte
01;Piemonte;004;Cuneo;004116;Manta;004116;Manta;004;Cuneo;01;Piemonte
01;Piemonte;004;Cuneo;004117;Marene;004117;Marene;004;Cuneo;01;Piemonte
01;Piemonte;004;Cuneo;004118;Margarita;004118;Margarita;004;Cuneo;01;Piemonte
01;Piemonte;004;Cuneo;004119;Marmora;004119;Marmora;004;Cuneo;01;Piemonte
01;Piemonte;004;Cuneo;004120;Marsaglia;004120;Marsaglia;004;Cuneo;01;Piemonte
01;Piemonte;004;Cuneo;004121;Martiniana Po;004121;Martiniana Po;004;Cuneo;01;Piemonte
01;Piemonte;004;Cuneo;004122;Melle;004122;Melle;004;Cuneo;01;Piemonte
01;Piemonte;004;Cuneo;004123;Moiola;004123;Moiola;004;Cuneo;01;Piemonte
01;Piemonte;004;Cuneo;004124;Mombarcaro;004124;Mombarcaro;004;Cuneo;01;Piemonte
01;Piemonte;004;Cuneo;004125;Mombasiglio;004125;Mombasiglio;004;Cuneo;01;Piemonte
01;Piemonte;004;Cuneo;004126;Monastero di Vasco;004126;Monastero di Vasco;004;Cuneo;01;Piemonte
01;Piemonte;004;Cuneo;004127;Monasterolo Casotto;004127;Monasterolo Casotto;004;Cuneo;01;Piemonte
01;Piemonte;004;Cuneo;004128;Monasterolo di Savigliano;004128;Monasterolo di Savigliano;004;Cuneo;01;Piemonte
01;Piemonte;004;Cuneo;004129;Monchiero;004129;Monchiero;004;Cuneo;01;Piemonte
01;Piemonte;004;Cuneo;004130;Mondovì;004130;Mondovì;004;Cuneo;01;Piemonte
01;Piemonte;004;Cuneo;004131;Monesiglio;004131;Monesiglio;004;Cuneo;01;Piemonte
01;Piemonte;004;Cuneo;004132;Monforte d'Alba;004132;Monforte d'Alba;004;Cuneo;01;Piemonte
01;Piemonte;004;Cuneo;004133;Montà;004133;Montà;004;Cuneo;01;Piemonte
01;Piemonte;004;Cuneo;004134;Montaldo di Mondovì;004134;Montaldo di Mondovì;004;Cuneo;01;Piemonte
01;Piemonte;004;Cuneo;004135;Montaldo Roero;004135;Montaldo Roero;004;Cuneo;01;Piemonte
01;Piemonte;004;Cuneo;004136;Montanera;004136;Montanera;004;Cuneo;01;Piemonte
01;Piemonte;004;Cuneo;004137;Montelupo Albese;004137;Montelupo Albese;004;Cuneo;01;Piemonte
01;Piemonte;004;Cuneo;004138;Montemale di Cuneo;004138;Montemale di Cuneo;004;Cuneo;01;Piemonte
01;Piemonte;004;Cuneo;004139;Monterosso Grana;004139;Monterosso Grana;004;Cuneo;01;Piemonte
01;Piemonte;004;Cuneo;004140;Monteu Roero;004140;Monteu Roero;004;Cuneo;01;Piemonte
01;Piemonte;004;Cuneo;004141;Montezemolo;004141;Montezemolo;004;Cuneo;01;Piemonte
01;Piemonte;004;Cuneo;004142;Monticello d'Alba;004142;Monticello d'Alba;004;Cuneo;01;Piemonte
01;Piemonte;004;Cuneo;004143;Moretta;004143;Moretta;004;Cuneo;01;Piemonte
01;Piemonte;004;Cuneo;004144;Morozzo;004144;Morozzo;004;Cuneo;01;Piemonte
01;Piemonte;004;Cuneo;004145;Murazzano;004145;Murazzano;004;Cuneo;01;Piemonte
01;Piemonte;004;Cuneo;004146;Murello;004146;Murello;004;Cuneo;01;Piemonte
01;Piemonte;004;Cuneo;004147;Narzole;004147;Narzole;004;Cuneo;01;Piemonte
01;Piemonte;004;Cuneo;004148;Neive;004148;Neive;004;Cuneo;01;Piemonte
01;Piemonte;004;Cuneo;004149;Neviglie;004149;Neviglie;004;Cuneo;01;Piemonte
01;Piemonte;004;Cuneo;004150;Niella Belbo;004150;Niella Belbo;004;Cuneo;01;Piemonte
01;Piemonte;004;Cuneo;004151;Niella Tanaro;004151;Niella Tanaro;004;Cuneo;01;Piemonte
01;Piemonte;004;Cuneo;004152;Novello;004152;Novello;004;Cuneo;01;Piemonte
01;Piemonte;004;Cuneo;004153;Nucetto;004153;Nucetto;004;Cuneo;01;Piemonte
01;Piemonte;004;Cuneo;004154;Oncino;004154;Oncino;004;Cuneo;01;Piemonte
01;Piemonte;004;Cuneo;004155;Ormea;004155;Ormea;004;Cuneo;01;Piemonte
01;Piemonte;004;Cuneo;004156;Ostana;004156;Ostana;004;Cuneo;01;Piemonte
01;Piemonte;004;Cuneo;004157;Paesana;004157;Paesana;004;Cuneo;01;Piemonte
01;Piemonte;004;Cuneo;004158;Pagno;004158;Pagno;004;Cuneo;01;Piemonte
01;Piemonte;004;Cuneo;004159;Pamparato;004159;Pamparato;004;Cuneo;01;Piemonte
01;Piemonte;004;Cuneo;004160;Paroldo;004160;Paroldo;004;Cuneo;01;Piemonte
01;Piemonte;004;Cuneo;004161;Perletto;004161;Perletto;004;Cuneo;01;Piemonte
01;Piemonte;004;Cuneo;004162;Perlo;004162;Perlo;004;Cuneo;01;Piemonte
01;Piemonte;004;Cuneo;004163;Peveragno;004163;Peveragno;004;Cuneo;01;Piemonte
01;Piemonte;004;Cuneo;004164;Pezzolo Valle Uzzone;004164;Pezzolo Valle Uzzone;004;Cuneo;01;Piemonte
01;Piemonte;004;Cuneo;004165;Pianfei;004165;Pianfei;004;Cuneo;01;Piemonte
01;Piemonte;004;Cuneo;004166;Piasco;004166;Piasco;004;Cuneo;01;Piemonte
01;Piemonte;004;Cuneo;004167;Pietraporzio;004167;Pietraporzio;004;Cuneo;01;Piemonte
01;Piemonte;004;Cuneo;004168;Piobesi d'Alba;004168;Piobesi d'Alba;004;Cuneo;01;Piemonte
01;Piemonte;004;Cuneo;004169;Piozzo;004169;Piozzo;004;Cuneo;01;Piemonte
01;Piemonte;004;Cuneo;004170;Pocapaglia;004170;Pocapaglia;004;Cuneo;01;Piemonte
01;Piemonte;004;Cuneo;004171;Polonghera;004171;Polonghera;004;Cuneo;01;Piemonte
01;Piemonte;004;Cuneo;004172;Pontechianale;004172;Pontechianale;004;Cuneo;01;Piemonte
01;Piemonte;004;Cuneo;004173;Pradleves;004173;Pradleves;004;Cuneo;01;Piemonte
01;Piemonte;004;Cuneo;004174;Prazzo;004174;Prazzo;004;Cuneo;01;Piemonte
01;Piemonte;004;Cuneo;004175;Priero;004175;Priero;004;Cuneo;01;Piemonte
01;Piemonte;004;Cuneo;004176;Priocca;004176;Priocca;004;Cuneo;01;Piemonte
01;Piemonte;004;Cuneo;004177;Priola;004177;Priola;004;Cuneo;01;Piemonte
01;Piemonte;004;Cuneo;004178;Prunetto;004178;Prunetto;004;Cuneo;01;Piemonte
01;Piemonte;004;Cuneo;004179;Racconigi;004179;Racconigi;004;Cuneo;01;Piemonte
01;Piemonte;004;Cuneo;004180;Revello;004180;Revello;004;Cuneo;01;Piemonte
01;Piemonte;004;Cuneo;004181;Rifreddo;004181;Rifreddo;004;Cuneo;01;Piemonte
01;Piemonte;004;Cuneo;004182;Rittana;004182;Rittana;004;Cuneo;01;Piemonte
01;Piemonte;004;Cuneo;004183;Roaschia;004183;Roaschia;004;Cuneo;01;Piemonte
01;Piemonte;004;Cuneo;004184;Roascio;004184;Roascio;004;Cuneo;01;Piemonte
01;Piemonte;004;Cuneo;004185;Robilante;004185;Robilante;004;Cuneo;01;Piemonte
01;Piemonte;004;Cuneo;004186;Roburent;004186;Roburent;004;Cuneo;01;Piemonte
01;Piemonte;004;Cuneo;004187;Roccabruna;004187;Roccabruna;004;Cuneo;01;Piemonte
01;Piemonte;004;Cuneo;004188;Rocca Cigliè;004188;Rocca Cigliè;004;Cuneo;01;Piemonte
01;Piemonte;004;Cuneo;004189;Rocca de' Baldi;004189;Rocca de' Baldi;004;Cuneo;01;Piemonte
01;Piemonte;004;Cuneo;004190;Roccaforte Mondovì;004190;Roccaforte Mondovì;004;Cuneo;01;Piemonte
01;Piemonte;004;Cuneo;004191;Roccasparvera;004191;Roccasparvera;004;Cuneo;01;Piemonte
01;Piemonte;004;Cuneo;004192;Roccavione;004192;Roccavione;004;Cuneo;01;Piemonte
01;Piemonte;004;Cuneo;004193;Rocchetta Belbo;004193;Rocchetta Belbo;004;Cuneo;01;Piemonte
01;Piemonte;004;Cuneo;004194;Roddi;004194;Roddi;004;Cuneo;01;Piemonte
01;Piemonte;004;Cuneo;004195;Roddino;004195;Roddino;004;Cuneo;01;Piemonte
01;Piemonte;004;Cuneo;004196;Rodello;004196;Rodello;004;Cuneo;01;Piemonte
01;Piemonte;004;Cuneo;004197;Rossana;004197;Rossana;004;Cuneo;01;Piemonte
01;Piemonte;004;Cuneo;004198;Ruffia;004198;Ruffia;004;Cuneo;01;Piemonte
01;Piemonte;004;Cuneo;004199;Sale delle Langhe;004199;Sale delle Langhe;004;Cuneo;01;Piemonte
01;Piemonte;004;Cuneo;004200;Sale San Giovanni;004200;Sale San Giovanni;004;Cuneo;01;Piemonte
01;Piemonte;004;Cuneo;004201;Saliceto;004201;Saliceto;004;Cuneo;01;Piemonte
01;Piemonte;004;Cuneo;004202;Salmour;004202;Salmour;004;Cuneo;01;Piemonte
01;Piemonte;004;Cuneo;004203;Saluzzo;004203;Saluzzo;004;Cuneo;01;Piemonte
01;Piemonte;004;Cuneo;004204;Sambuco;004204;Sambuco;004;Cuneo;01;Piemonte
01;Piemonte;004;Cuneo;004205;Sampeyre;004205;Sampeyre;004;Cuneo;01;Piemonte
01;Piemonte;004;Cuneo;004206;San Benedetto Belbo;004206;San Benedetto Belbo;004;Cuneo;01;Piemonte
01;Piemonte;004;Cuneo;004207;San Damiano Macra;004207;San Damiano Macra;004;Cuneo;01;Piemonte
01;Piemonte;004;Cuneo;004208;Sanfrè;004208;Sanfrè;004;Cuneo;01;Piemonte
01;Piemonte;004;Cuneo;004209;Sanfront;004209;Sanfront;004;Cuneo;01;Piemonte
01;Piemonte;004;Cuneo;004210;San Michele Mondovì;004210;San Michele Mondovì;004;Cuneo;01;Piemonte
01;Piemonte;004;Cuneo;004211;Sant'Albano Stura;004211;Sant'Albano Stura;004;Cuneo;01;Piemonte
01;Piemonte;004;Cuneo;004212;Santa Vittoria d'Alba;004212;Santa Vittoria d'Alba;004;Cuneo;01;Piemonte
01;Piemonte;004;Cuneo;004213;Santo Stefano Belbo;004213;Santo Stefano Belbo;004;Cuneo;01;Piemonte
01;Piemonte;004;Cuneo;004214;Santo Stefano Roero;004214;Santo Stefano Roero;004;Cuneo;01;Piemonte
01;Piemonte;004;Cuneo;004215;Savigliano;004215;Savigliano;004;Cuneo;01;Piemonte
01;Piemonte;004;Cuneo;004216;Scagnello;004216;Scagnello;004;Cuneo;01;Piemonte
01;Piemonte;004;Cuneo;004217;Scarnafigi;004217;Scarnafigi;004;Cuneo;01;Piemonte
01;Piemonte;004;Cuneo;004218;Serralunga d'Alba;004218;Serralunga d'Alba;004;Cuneo;01;Piemonte
01;Piemonte;004;Cuneo;004219;Serravalle Langhe;004219;Serravalle Langhe;004;Cuneo;01;Piemonte
01;Piemonte;004;Cuneo;004220;Sinio;004220;Sinio;004;Cuneo;01;Piemonte
01;Piemonte;004;Cuneo;004221;Somano;004221;Somano;004;Cuneo;01;Piemonte
01;Piemonte;004;Cuneo;004222;Sommariva del Bosco;004222;Sommariva del Bosco;004;Cuneo;01;Piemonte
01;Piemonte;004;Cuneo;004223;Sommariva Perno;004223;Sommariva Perno;004;Cuneo;01;Piemonte
01;Piemonte;004;Cuneo;004224;Stroppo;004224;Stroppo;004;Cuneo;01;Piemonte
01;Piemonte;004;Cuneo;004225;Tarantasca;004225;Tarantasca;004;Cuneo;01;Piemonte
01;Piemonte;004;Cuneo;004226;Torre Bormida;004226;Torre Bormida;004;Cuneo;01;Piemonte
01;Piemonte;004;Cuneo;004227;Torre Mondovì;004227;Torre Mondovì;004;Cuneo;01;Piemonte
01;Piemonte;004;Cuneo;004228;Torre San Giorgio;004228;Torre San Giorgio;004;Cuneo;01;Piemonte
01;Piemonte;004;Cuneo;004229;Torresina;004229;Torresina;004;Cuneo;01;Piemonte
01;Piemonte;004;Cuneo;004230;Treiso;004230;Treiso;004;Cuneo;01;Piemonte
01;Piemonte;004;Cuneo;004231;Trezzo Tinella;004231;Trezzo Tinella;004;Cuneo;01;Piemonte
01;Piemonte;004;Cuneo;004232;Trinità;004232;Trinità;004;Cuneo;01;Piemonte
01;Piemonte;004;Cuneo;004233;Valdieri;004233;Valdieri;004;Cuneo;01;Piemonte
01;Piemonte;004;Cuneo;004234;Valgrana;004234;Valgrana;004;Cuneo;01;Piemonte
01;Piemonte;004;Cuneo;004235;Valloriate;004235;Valloriate;004;Cuneo;01;Piemonte
01;Piemonte;004;Cuneo;004236;Valmala;004034;Busca;004;Cuneo;01;Piemonte
01;Piemonte;004;Cuneo;004237;Venasca;004237;Venasca;004;Cuneo;01;Piemonte
01;Piemonte;004;Cuneo;004238;Verduno;004238;Verduno;004;Cuneo;01;Piemonte
01;Piemonte;004;Cuneo;004239;Vernante;004239;Vernante;004;Cuneo;01;Piemonte
01;Piemonte;004;Cuneo;004240;Verzuolo;004240;Verzuolo;004;Cuneo;01;Piemonte
01;Piemonte;004;Cuneo;004241;Vezza d'Alba;004241;Vezza d'Alba;004;Cuneo;01;Piemonte
01;Piemonte;004;Cuneo;004242;Vicoforte;004242;Vicoforte;004;Cuneo;01;Piemonte
01;Piemonte;004;Cuneo;004243;Vignolo;004243;Vignolo;004;Cuneo;01;Piemonte
01;Piemonte;004;Cuneo;004244;Villafalletto;004244;Villafalletto;004;Cuneo;01;Piemonte
01;Piemonte;004;Cuneo;004245;Villanova Mondovì;004245;Villanova Mondovì;004;Cuneo;01;Piemonte
01;Piemonte;004;Cuneo;004246;Villanova Solaro;004246;Villanova Solaro;004;Cuneo;01;Piemonte
01;Piemonte;004;Cuneo;004247;Villar San Costanzo;004247;Villar San Costanzo;004;Cuneo;01;Piemonte
01;Piemonte;004;Cuneo;004248;Vinadio;004248;Vinadio;004;Cuneo;01;Piemonte
01;Piemonte;004;Cuneo;004249;Viola;004249;Viola;004;Cuneo;01;Piemonte
01;Piemonte;004;Cuneo;004250;Vottignasco;004250;Vottignasco;004;Cuneo;01;Piemonte
01;Piemonte;005;Asti;005001;Agliano Terme;005001;Agliano Terme;005;Asti;01;Piemonte
01;Piemonte;005;Asti;005002;Albugnano;005002;Albugnano;005;Asti;01;Piemonte
01;Piemonte;005;Asti;005003;Antignano;005003;Antignano;005;Asti;01;Piemonte
01;Piemonte;005;Asti;005004;Aramengo;005004;Aramengo;005;Asti;01;Piemonte
01;Piemonte;005;Asti;005005;Asti;005005;Asti;005;Asti;01;Piemonte
01;Piemonte;005;Asti;005006;Azzano d'Asti;005006;Azzano d'Asti;005;Asti;01;Piemonte
01;Piemonte;005;Asti;005007;Baldichieri d'Asti;005007;Baldichieri d'Asti;005;Asti;01;Piemonte
01;Piemonte;005;Asti;005008;Belveglio;005008;Belveglio;005;Asti;01;Piemonte
01;Piemonte;005;Asti;005009;Berzano di San Pietro;005009;Berzano di San Pietro;005;Asti;01;Piemonte
01;Piemonte;005;Asti;005010;Bruno;005010;Bruno;005;Asti;01;Piemonte
01;Piemonte;005;Asti;005011;Bubbio;005011;Bubbio;005;Asti;01;Piemonte
01;Piemonte;005;Asti;005012;Buttigliera d'Asti;005012;Buttigliera d'Asti;005;Asti;01;Piemonte
01;Piemonte;005;Asti;005013;Calamandrana;005013;Calamandrana;005;Asti;01;Piemonte
01;Piemonte;005;Asti;005014;Calliano;005014;Calliano;005;Asti;01;Piemonte
01;Piemonte;005;Asti;005015;Calosso;005015;Calosso;005;Asti;01;Piemonte
01;Piemonte;005;Asti;005016;Camerano Casasco;005016;Camerano Casasco;005;Asti;01;Piemonte
01;Piemonte;005;Asti;005017;Canelli;005017;Canelli;005;Asti;01;Piemonte
01;Piemonte;005;Asti;005018;Cantarana;005018;Cantarana;005;Asti;01;Piemonte
01;Piemonte;005;Asti;005019;Capriglio;005019;Capriglio;005;Asti;01;Piemonte
01;Piemonte;005;Asti;005020;Casorzo;005020;Casorzo;005;Asti;01;Piemonte
01;Piemonte;005;Asti;005021;Cassinasco;005021;Cassinasco;005;Asti;01;Piemonte
01;Piemonte;005;Asti;005022;Castagnole delle Lanze;005022;Castagnole delle Lanze;005;Asti;01;Piemonte
01;Piemonte;005;Asti;005023;Castagnole Monferrato;005023;Castagnole Monferrato;005;Asti;01;Piemonte
01;Piemonte;005;Asti;005024;Castel Boglione;005024;Castel Boglione;005;Asti;01;Piemonte
01;Piemonte;005;Asti;005025;Castell'Alfero;005025;Castell'Alfero;005;Asti;01;Piemonte
01;Piemonte;005;Asti;005026;Castellero;005026;Castellero;005;Asti;01;Piemonte
01;Piemonte;005;Asti;005027;Castelletto Molina;005027;Castelletto Molina;005;Asti;01;Piemonte
01;Piemonte;005;Asti;005028;Castello di Annone;005028;Castello di Annone;005;Asti;01;Piemonte
01;Piemonte;005;Asti;005029;Castelnuovo Belbo;005029;Castelnuovo Belbo;005;Asti;01;Piemonte
01;Piemonte;005;Asti;005030;Castelnuovo Calcea;005030;Castelnuovo Calcea;005;Asti;01;Piemonte
01;Piemonte;005;Asti;005031;Castelnuovo Don Bosco;005031;Castelnuovo Don Bosco;005;Asti;01;Piemonte
01;Piemonte;005;Asti;005032;Castel Rocchero;005032;Castel Rocchero;005;Asti;01;Piemonte
01;Piemonte;005;Asti;005033;Cellarengo;005033;Cellarengo;005;Asti;01;Piemonte
01;Piemonte;005;Asti;005034;Celle Enomondo;005034;Celle Enomondo;005;Asti;01;Piemonte
01;Piemonte;005;Asti;005035;Cerreto d'Asti;005035;Cerreto d'Asti;005;Asti;01;Piemonte
01;Piemonte;005;Asti;005036;Cerro Tanaro;005036;Cerro Tanaro;005;Asti;01;Piemonte
01;Piemonte;005;Asti;005037;Cessole;005037;Cessole;005;Asti;01;Piemonte
01;Piemonte;005;Asti;005038;Chiusano d'Asti;005038;Chiusano d'Asti;005;Asti;01;Piemonte
01;Piemonte;005;Asti;005039;Cinaglio;005039;Cinaglio;005;Asti;01;Piemonte
01;Piemonte;005;Asti;005040;Cisterna d'Asti;005040;Cisterna d'Asti;005;Asti;01;Piemonte
01;Piemonte;005;Asti;005041;Coazzolo;005041;Coazzolo;005;Asti;01;Piemonte
01;Piemonte;005;Asti;005042;Cocconato;005042;Cocconato;005;Asti;01;Piemonte
01;Piemonte;005;Asti;005044;Corsione;005044;Corsione;005;Asti;01;Piemonte
01;Piemonte;005;Asti;005045;Cortandone;005045;Cortandone;005;Asti;01;Piemonte
01;Piemonte;005;Asti;005046;Cortanze;005046;Cortanze;005;Asti;01;Piemonte
01;Piemonte;005;Asti;005047;Cortazzone;005047;Cortazzone;005;Asti;01;Piemonte
01;Piemonte;005;Asti;005048;Cortiglione;005048;Cortiglione;005;Asti;01;Piemonte
01;Piemonte;005;Asti;005049;Cossombrato;005049;Cossombrato;005;Asti;01;Piemonte
01;Piemonte;005;Asti;005050;Costigliole d'Asti;005050;Costigliole d'Asti;005;Asti;01;Piemonte
01;Piemonte;005;Asti;005051;Cunico;005051;Cunico;005;Asti;01;Piemonte
01;Piemonte;005;Asti;005052;Dusino San Michele;005052;Dusino San Michele;005;Asti;01;Piemonte
01;Piemonte;005;Asti;005053;Ferrere;005053;Ferrere;005;Asti;01;Piemonte
01;Piemonte;005;Asti;005054;Fontanile;005054;Fontanile;005;Asti;01;Piemonte
01;Piemonte;005;Asti;005055;Frinco;005055;Frinco;005;Asti;01;Piemonte
01;Piemonte;005;Asti;005056;Grana;005056;Grana;005;Asti;01;Piemonte
01;Piemonte;005;Asti;005057;Grazzano Badoglio;005057;Grazzano Badoglio;005;Asti;01;Piemonte
01;Piemonte;005;Asti;005058;Incisa Scapaccino;005058;Incisa Scapaccino;005;Asti;01;Piemonte
01;Piemonte;005;Asti;005059;Isola d'Asti;005059;Isola d'Asti;005;Asti;01;Piemonte
01;Piemonte;005;Asti;005060;Loazzolo;005060;Loazzolo;005;Asti;01;Piemonte
01;Piemonte;005;Asti;005061;Maranzana;005061;Maranzana;005;Asti;01;Piemonte
01;Piemonte;005;Asti;005062;Maretto;005062;Maretto;005;Asti;01;Piemonte
01;Piemonte;005;Asti;005063;Moasca;005063;Moasca;005;Asti;01;Piemonte
01;Piemonte;005;Asti;005064;Mombaldone;005064;Mombaldone;005;Asti;01;Piemonte
01;Piemonte;005;Asti;005065;Mombaruzzo;005065;Mombaruzzo;005;Asti;01;Piemonte
01;Piemonte;005;Asti;005066;Mombercelli;005066;Mombercelli;005;Asti;01;Piemonte
01;Piemonte;005;Asti;005067;Monale;005067;Monale;005;Asti;01;Piemonte
01;Piemonte;005;Asti;005068;Monastero Bormida;005068;Monastero Bormida;005;Asti;01;Piemonte
01;Piemonte;005;Asti;005069;Moncalvo;005069;Moncalvo;005;Asti;01;Piemonte
01;Piemonte;005;Asti;005070;Moncucco Torinese;005070;Moncucco Torinese;005;Asti;01;Piemonte
01;Piemonte;005;Asti;005071;Mongardino;005071;Mongardino;005;Asti;01;Piemonte
01;Piemonte;005;Asti;005072;Montabone;005072;Montabone;005;Asti;01;Piemonte
01;Piemonte;005;Asti;005073;Montafia;005073;Montafia;005;Asti;01;Piemonte
01;Piemonte;005;Asti;005074;Montaldo Scarampi;005074;Montaldo Scarampi;005;Asti;01;Piemonte
01;Piemonte;005;Asti;005075;Montechiaro d'Asti;005075;Montechiaro d'Asti;005;Asti;01;Piemonte
01;Piemonte;005;Asti;005076;Montegrosso d'Asti;005076;Montegrosso d'Asti;005;Asti;01;Piemonte
01;Piemonte;005;Asti;005077;Montemagno;005077;Montemagno;005;Asti;01;Piemonte
01;Piemonte;005;Asti;005079;Moransengo;005079;Moransengo;005;Asti;01;Piemonte
01;Piemonte;005;Asti;005080;Nizza Monferrato;005080;Nizza Monferrato;005;Asti;01;Piemonte
01;Piemonte;005;Asti;005081;Olmo Gentile;005081;Olmo Gentile;005;Asti;01;Piemonte
01;Piemonte;005;Asti;005082;Passerano Marmorito;005082;Passerano Marmorito;005;Asti;01;Piemonte
01;Piemonte;005;Asti;005083;Penango;005083;Penango;005;Asti;01;Piemonte
01;Piemonte;005;Asti;005084;Piea;005084;Piea;005;Asti;01;Piemonte
01;Piemonte;005;Asti;005085;Pino d'Asti;005085;Pino d'Asti;005;Asti;01;Piemonte
01;Piemonte;005;Asti;005086;Piovà Massaia;005086;Piovà Massaia;005;Asti;01;Piemonte
01;Piemonte;005;Asti;005087;Portacomaro;005087;Portacomaro;005;Asti;01;Piemonte
01;Piemonte;005;Asti;005088;Quaranti;005088;Quaranti;005;Asti;01;Piemonte
01;Piemonte;005;Asti;005089;Refrancore;005089;Refrancore;005;Asti;01;Piemonte
01;Piemonte;005;Asti;005090;Revigliasco d'Asti;005090;Revigliasco d'Asti;005;Asti;01;Piemonte
01;Piemonte;005;Asti;005091;Roatto;005091;Roatto;005;Asti;01;Piemonte
01;Piemonte;005;Asti;005092;Robella;005092;Robella;005;Asti;01;Piemonte
01;Piemonte;005;Asti;005093;Rocca d'Arazzo;005093;Rocca d'Arazzo;005;Asti;01;Piemonte
01;Piemonte;005;Asti;005094;Roccaverano;005094;Roccaverano;005;Asti;01;Piemonte
01;Piemonte;005;Asti;005095;Rocchetta Palafea;005095;Rocchetta Palafea;005;Asti;01;Piemonte
01;Piemonte;005;Asti;005096;Rocchetta Tanaro;005096;Rocchetta Tanaro;005;Asti;01;Piemonte
01;Piemonte;005;Asti;005097;San Damiano d'Asti;005097;San Damiano d'Asti;005;Asti;01;Piemonte
01;Piemonte;005;Asti;005098;San Giorgio Scarampi;005098;San Giorgio Scarampi;005;Asti;01;Piemonte
01;Piemonte;005;Asti;005099;San Martino Alfieri;005099;San Martino Alfieri;005;Asti;01;Piemonte
01;Piemonte;005;Asti;005100;San Marzano Oliveto;005100;San Marzano Oliveto;005;Asti;01;Piemonte
01;Piemonte;005;Asti;005101;San Paolo Solbrito;005101;San Paolo Solbrito;005;Asti;01;Piemonte
01;Piemonte;005;Asti;005103;Scurzolengo;005103;Scurzolengo;005;Asti;01;Piemonte
01;Piemonte;005;Asti;005104;Serole;005104;Serole;005;Asti;01;Piemonte
01;Piemonte;005;Asti;005105;Sessame;005105;Sessame;005;Asti;01;Piemonte
01;Piemonte;005;Asti;005106;Settime;005106;Settime;005;Asti;01;Piemonte
01;Piemonte;005;Asti;005107;Soglio;005107;Soglio;005;Asti;01;Piemonte
01;Piemonte;005;Asti;005108;Tigliole;005108;Tigliole;005;Asti;01;Piemonte
01;Piemonte;005;Asti;005109;Tonco;005109;Tonco;005;Asti;01;Piemonte
01;Piemonte;005;Asti;005110;Tonengo;005110;Tonengo;005;Asti;01;Piemonte
01;Piemonte;005;Asti;005111;Vaglio Serra;005111;Vaglio Serra;005;Asti;01;Piemonte
01;Piemonte;005;Asti;005112;Valfenera;005112;Valfenera;005;Asti;01;Piemonte
01;Piemonte;005;Asti;005113;Vesime;005113;Vesime;005;Asti;01;Piemonte
01;Piemonte;005;Asti;005114;Viale;005114;Viale;005;Asti;01;Piemonte
01;Piemonte;005;Asti;005115;Viarigi;005115;Viarigi;005;Asti;01;Piemonte
01;Piemonte;005;Asti;005116;Vigliano d'Asti;005116;Vigliano d'Asti;005;Asti;01;Piemonte
01;Piemonte;005;Asti;005117;Villafranca d'Asti;005117;Villafranca d'Asti;005;Asti;01;Piemonte
01;Piemonte;005;Asti;005118;Villanova d'Asti;005118;Villanova d'Asti;005;Asti;01;Piemonte
01;Piemonte;005;Asti;005119;Villa San Secondo;005119;Villa San Secondo;005;Asti;01;Piemonte
01;Piemonte;005;Asti;005120;Vinchio;005120;Vinchio;005;Asti;01;Piemonte
01;Piemonte;005;Asti;005121;Montiglio Monferrato;005121;Montiglio Monferrato;005;Asti;01;Piemonte
01;Piemonte;006;Alessandria;006001;Acqui Terme;006001;Acqui Terme;006;Alessandria;01;Piemonte
01;Piemonte;006;Alessandria;006002;Albera Ligure;006002;Albera Ligure;006;Alessandria;01;Piemonte
01;Piemonte;006;Alessandria;006003;Alessandria;006003;Alessandria;006;Alessandria;01;Piemonte
01;Piemonte;006;Alessandria;006004;Alfiano Natta;006004;Alfiano Natta;006;Alessandria;01;Piemonte
01;Piemonte;006;Alessandria;006005;Alice Bel Colle;006005;Alice Bel Colle;006;Alessandria;01;Piemonte
01;Piemonte;006;Alessandria;006006;Alluvioni Cambiò;006192;Alluvioni Piovera;006;Alessandria;01;Piemonte
01;Piemonte;006;Alessandria;006007;Altavilla Monferrato;006007;Altavilla Monferrato;006;Alessandria;01;Piemonte
01;Piemonte;006;Alessandria;006008;Alzano Scrivia;006008;Alzano Scrivia;006;Alessandria;01;Piemonte
01;Piemonte;006;Alessandria;006009;Arquata Scrivia;006009;Arquata Scrivia;006;Alessandria;01;Piemonte
01;Piemonte;006;Alessandria;006010;Avolasca;006010;Avolasca;006;Alessandria;01;Piemonte
01;Piemonte;006;Alessandria;006011;Balzola;006011;Balzola;006;Alessandria;01;Piemonte
01;Piemonte;006;Alessandria;006012;Basaluzzo;006012;Basaluzzo;006;Alessandria;01;Piemonte
01;Piemonte;006;Alessandria;006013;Bassignana;006013;Bassignana;006;Alessandria;01;Piemonte
01;Piemonte;006;Alessandria;006014;Belforte Monferrato;006014;Belforte Monferrato;006;Alessandria;01;Piemonte
01;Piemonte;006;Alessandria;006015;Bergamasco;006015;Bergamasco;006;Alessandria;01;Piemonte
01;Piemonte;006;Alessandria;006016;Berzano di Tortona;006016;Berzano di Tortona;006;Alessandria;01;Piemonte
01;Piemonte;006;Alessandria;006017;Bistagno;006017;Bistagno;006;Alessandria;01;Piemonte
01;Piemonte;006;Alessandria;006018;Borghetto di Borbera;006018;Borghetto di Borbera;006;Alessandria;01;Piemonte
01;Piemonte;006;Alessandria;006019;Borgoratto Alessandrino;006019;Borgoratto Alessandrino;006;Alessandria;01;Piemonte
01;Piemonte;006;Alessandria;006020;Borgo San Martino;006020;Borgo San Martino;006;Alessandria;01;Piemonte
01;Piemonte;006;Alessandria;006021;Bosco Marengo;006021;Bosco Marengo;006;Alessandria;01;Piemonte
01;Piemonte;006;Alessandria;006022;Bosio;006022;Bosio;006;Alessandria;01;Piemonte
01;Piemonte;006;Alessandria;006023;Bozzole;006023;Bozzole;006;Alessandria;01;Piemonte
01;Piemonte;006;Alessandria;006024;Brignano-Frascata;006024;Brignano-Frascata;006;Alessandria;01;Piemonte
01;Piemonte;006;Alessandria;006025;Cabella Ligure;006025;Cabella Ligure;006;Alessandria;01;Piemonte
01;Piemonte;006;Alessandria;006026;Camagna Monferrato;006026;Camagna Monferrato;006;Alessandria;01;Piemonte
01;Piemonte;006;Alessandria;006027;Camino;006027;Camino;006;Alessandria;01;Piemonte
01;Piemonte;006;Alessandria;006028;Cantalupo Ligure;006028;Cantalupo Ligure;006;Alessandria;01;Piemonte
01;Piemonte;006;Alessandria;006029;Capriata d'Orba;006029;Capriata d'Orba;006;Alessandria;01;Piemonte
01;Piemonte;006;Alessandria;006030;Carbonara Scrivia;006030;Carbonara Scrivia;006;Alessandria;01;Piemonte
01;Piemonte;006;Alessandria;006031;Carentino;006031;Carentino;006;Alessandria;01;Piemonte
01;Piemonte;006;Alessandria;006032;Carezzano;006032;Carezzano;006;Alessandria;01;Piemonte
01;Piemonte;006;Alessandria;006033;Carpeneto;006033;Carpeneto;006;Alessandria;01;Piemonte
01;Piemonte;006;Alessandria;006034;Carrega Ligure;006034;Carrega Ligure;006;Alessandria;01;Piemonte
01;Piemonte;006;Alessandria;006035;Carrosio;006035;Carrosio;006;Alessandria;01;Piemonte
01;Piemonte;006;Alessandria;006036;Cartosio;006036;Cartosio;006;Alessandria;01;Piemonte
01;Piemonte;006;Alessandria;006037;Casal Cermelli;006037;Casal Cermelli;006;Alessandria;01;Piemonte
01;Piemonte;006;Alessandria;006038;Casaleggio Boiro;006038;Casaleggio Boiro;006;Alessandria;01;Piemonte
01;Piemonte;006;Alessandria;006039;Casale Monferrato;006039;Casale Monferrato;006;Alessandria;01;Piemonte
01;Piemonte;006;Alessandria;006040;Casalnoceto;006040;Casalnoceto;006;Alessandria;01;Piemonte
01;Piemonte;006;Alessandria;006041;Casasco;006041;Casasco;006;Alessandria;01;Piemonte
01;Piemonte;006;Alessandria;006042;Cassano Spinola;006191;Cassano Spinola;006;Alessandria;01;Piemonte
01;Piemonte;006;Alessandria;006043;Cassine;006043;Cassine;006;Alessandria;01;Piemonte
01;Piemonte;006;Alessandria;006044;Cassinelle;006044;Cassinelle;006;Alessandria;01;Piemonte
01;Piemonte;006;Alessandria;006045;Castellania;006045;Castellania Coppi;006;Alessandria;01;Piemonte
01;Piemonte;006;Alessandria;006046;Castellar Guidobono;006046;Castellar Guidobono;006;Alessandria;01;Piemonte
01;Piemonte;006;Alessandria;006047;Castellazzo Bormida;006047;Castellazzo Bormida;006;Alessandria;01;Piemonte
01;Piemonte;006;Alessandria;006048;Castelletto d'Erro;006048;Castelletto d'Erro;006;Alessandria;01;Piemonte
01;Piemonte;006;Alessandria;006049;Castelletto d'Orba;006049;Castelletto d'Orba;006;Alessandria;01;Piemonte
01;Piemonte;006;Alessandria;006050;Castelletto Merli;006050;Castelletto Merli;006;Alessandria;01;Piemonte
01;Piemonte;006;Alessandria;006051;Castelletto Monferrato;006051;Castelletto Monferrato;006;Alessandria;01;Piemonte
01;Piemonte;006;Alessandria;006052;Castelnuovo Bormida;006052;Castelnuovo Bormida;006;Alessandria;01;Piemonte
01;Piemonte;006;Alessandria;006053;Castelnuovo Scrivia;006053;Castelnuovo Scrivia;006;Alessandria;01;Piemonte
01;Piemonte;006;Alessandria;006054;Castelspina;006054;Castelspina;006;Alessandria;01;Piemonte
01;Piemonte;006;Alessandria;006055;Cavatore;006055;Cavatore;006;Alessandria;01;Piemonte
01;Piemonte;006;Alessandria;006056;Cella Monte;006056;Cella Monte;006;Alessandria;01;Piemonte
01;Piemonte;006;Alessandria;006057;Cereseto;006057;Cereseto;006;Alessandria;01;Piemonte
01;Piemonte;006;Alessandria;006058;Cerreto Grue;006058;Cerreto Grue;006;Alessandria;01;Piemonte
01;Piemonte;006;Alessandria;006059;Cerrina Monferrato;006059;Cerrina Monferrato;006;Alessandria;01;Piemonte
01;Piemonte;006;Alessandria;006060;Coniolo;006060;Coniolo;006;Alessandria;01;Piemonte
01;Piemonte;006;Alessandria;006061;Conzano;006061;Conzano;006;Alessandria;01;Piemonte
01;Piemonte;006;Alessandria;006062;Costa Vescovato;006062;Costa Vescovato;006;Alessandria;01;Piemonte
01;Piemonte;006;Alessandria;006063;Cremolino;006063;Cremolino;006;Alessandria;01;Piemonte
01;Piemonte;006;Alessandria;006064;Cuccaro Monferrato;006193;Lu e Cuccaro Monferrato;006;Alessandria;01;Piemonte
01;Piemonte;006;Alessandria;006065;Denice;006065;Denice;006;Alessandria;01;Piemonte
01;Piemonte;006;Alessandria;006066;Dernice;006066;Dernice;006;Alessandria;01;Piemonte
01;Piemonte;006;Alessandria;006067;Fabbrica Curone;006067;Fabbrica Curone;006;Alessandria;01;Piemonte
01;Piemonte;006;Alessandria;006068;Felizzano;006068;Felizzano;006;Alessandria;01;Piemonte
01;Piemonte;006;Alessandria;006069;Fraconalto;006069;Fraconalto;006;Alessandria;01;Piemonte
01;Piemonte;006;Alessandria;006070;Francavilla Bisio;006070;Francavilla Bisio;006;Alessandria;01;Piemonte
01;Piemonte;006;Alessandria;006071;Frascaro;006071;Frascaro;006;Alessandria;01;Piemonte
01;Piemonte;006;Alessandria;006072;Frassinello Monferrato;006072;Frassinello Monferrato;006;Alessandria;01;Piemonte
01;Piemonte;006;Alessandria;006073;Frassineto Po;006073;Frassineto Po;006;Alessandria;01;Piemonte
01;Piemonte;006;Alessandria;006074;Fresonara;006074;Fresonara;006;Alessandria;01;Piemonte
01;Piemonte;006;Alessandria;006075;Frugarolo;006075;Frugarolo;006;Alessandria;01;Piemonte
01;Piemonte;006;Alessandria;006076;Fubine;006076;Fubine Monferrato;006;Alessandria;01;Piemonte
01;Piemonte;006;Alessandria;006077;Gabiano;006077;Gabiano;006;Alessandria;01;Piemonte
01;Piemonte;006;Alessandria;006078;Gamalero;006078;Gamalero;006;Alessandria;01;Piemonte
01;Piemonte;006;Alessandria;006079;Garbagna;006079;Garbagna;006;Alessandria;01;Piemonte
01;Piemonte;006;Alessandria;006080;Gavazzana;006191;Cassano Spinola;006;Alessandria;01;Piemonte
01;Piemonte;006;Alessandria;006081;Gavi;006081;Gavi;006;Alessandria;01;Piemonte
01;Piemonte;006;Alessandria;006082;Giarole;006082;Giarole;006;Alessandria;01;Piemonte
01;Piemonte;006;Alessandria;006083;Gremiasco;006083;Gremiasco;006;Alessandria;01;Piemonte
01;Piemonte;006;Alessandria;006084;Grognardo;006084;Grognardo;006;Alessandria;01;Piemonte
01;Piemonte;006;Alessandria;006085;Grondona;006085;Grondona;006;Alessandria;01;Piemonte
01;Piemonte;006;Alessandria;006086;Guazzora;006086;Guazzora;006;Alessandria;01;Piemonte
01;Piemonte;006;Alessandria;006087;Isola Sant'Antonio;006087;Isola Sant'Antonio;006;Alessandria;01;Piemonte
01;Piemonte;006;Alessandria;006088;Lerma;006088;Lerma;006;Alessandria;01;Piemonte
01;Piemonte;006;Alessandria;006089;Lu;006193;Lu e Cuccaro Monferrato;006;Alessandria;01;Piemonte
01;Piemonte;006;Alessandria;006090;Malvicino;006090;Malvicino;006;Alessandria;01;Piemonte
01;Piemonte;006;Alessandria;006091;Masio;006091;Masio;006;Alessandria;01;Piemonte
01;Piemonte;006;Alessandria;006092;Melazzo;006092;Melazzo;006;Alessandria;01;Piemonte
01;Piemonte;006;Alessandria;006093;Merana;006093;Merana;006;Alessandria;01;Piemonte
01;Piemonte;006;Alessandria;006094;Mirabello Monferrato;006094;Mirabello Monferrato;006;Alessandria;01;Piemonte
01;Piemonte;006;Alessandria;006095;Molare;006095;Molare;006;Alessandria;01;Piemonte
01;Piemonte;006;Alessandria;006096;Molino dei Torti;006096;Molino dei Torti;006;Alessandria;01;Piemonte
01;Piemonte;006;Alessandria;006097;Mombello Monferrato;006097;Mombello Monferrato;006;Alessandria;01;Piemonte
01;Piemonte;006;Alessandria;006098;Momperone;006098;Momperone;006;Alessandria;01;Piemonte
01;Piemonte;006;Alessandria;006099;Moncestino;006099;Moncestino;006;Alessandria;01;Piemonte
01;Piemonte;006;Alessandria;006100;Mongiardino Ligure;006100;Mongiardino Ligure;006;Alessandria;01;Piemonte
01;Piemonte;006;Alessandria;006101;Monleale;006101;Monleale;006;Alessandria;01;Piemonte
01;Piemonte;006;Alessandria;006102;Montacuto;006102;Montacuto;006;Alessandria;01;Piemonte
01;Piemonte;006;Alessandria;006103;Montaldeo;006103;Montaldeo;006;Alessandria;01;Piemonte
01;Piemonte;006;Alessandria;006104;Montaldo Bormida;006104;Montaldo Bormida;006;Alessandria;01;Piemonte
01;Piemonte;006;Alessandria;006105;Montecastello;006105;Montecastello;006;Alessandria;01;Piemonte
01;Piemonte;006;Alessandria;006106;Montechiaro d'Acqui;006106;Montechiaro d'Acqui;006;Alessandria;01;Piemonte
01;Piemonte;006;Alessandria;006107;Montegioco;006107;Montegioco;006;Alessandria;01;Piemonte
01;Piemonte;006;Alessandria;006108;Montemarzino;006108;Montemarzino;006;Alessandria;01;Piemonte
01;Piemonte;006;Alessandria;006109;Morano sul Po;006109;Morano sul Po;006;Alessandria;01;Piemonte
01;Piemonte;006;Alessandria;006110;Morbello;006110;Morbello;006;Alessandria;01;Piemonte
01;Piemonte;006;Alessandria;006111;Mornese;006111;Mornese;006;Alessandria;01;Piemonte
01;Piemonte;006;Alessandria;006112;Morsasco;006112;Morsasco;006;Alessandria;01;Piemonte
01;Piemonte;006;Alessandria;006113;Murisengo;006113;Murisengo;006;Alessandria;01;Piemonte
01;Piemonte;006;Alessandria;006114;Novi Ligure;006114;Novi Ligure;006;Alessandria;01;Piemonte
01;Piemonte;006;Alessandria;006115;Occimiano;006115;Occimiano;006;Alessandria;01;Piemonte
01;Piemonte;006;Alessandria;006116;Odalengo Grande;006116;Odalengo Grande;006;Alessandria;01;Piemonte
01;Piemonte;006;Alessandria;006117;Odalengo Piccolo;006117;Odalengo Piccolo;006;Alessandria;01;Piemonte
01;Piemonte;006;Alessandria;006118;Olivola;006118;Olivola;006;Alessandria;01;Piemonte
01;Piemonte;006;Alessandria;006119;Orsara Bormida;006119;Orsara Bormida;006;Alessandria;01;Piemonte
01;Piemonte;006;Alessandria;006120;Ottiglio;006120;Ottiglio;006;Alessandria;01;Piemonte
01;Piemonte;006;Alessandria;006121;Ovada;006121;Ovada;006;Alessandria;01;Piemonte
01;Piemonte;006;Alessandria;006122;Oviglio;006122;Oviglio;006;Alessandria;01;Piemonte
01;Piemonte;006;Alessandria;006123;Ozzano Monferrato;006123;Ozzano Monferrato;006;Alessandria;01;Piemonte
01;Piemonte;006;Alessandria;006124;Paderna;006124;Paderna;006;Alessandria;01;Piemonte
01;Piemonte;006;Alessandria;006125;Pareto;006125;Pareto;006;Alessandria;01;Piemonte
01;Piemonte;006;Alessandria;006126;Parodi Ligure;006126;Parodi Ligure;006;Alessandria;01;Piemonte
01;Piemonte;006;Alessandria;006127;Pasturana;006127;Pasturana;006;Alessandria;01;Piemonte
01;Piemonte;006;Alessandria;006128;Pecetto di Valenza;006128;Pecetto di Valenza;006;Alessandria;01;Piemonte
01;Piemonte;006;Alessandria;006129;Pietra Marazzi;006129;Pietra Marazzi;006;Alessandria;01;Piemonte
01;Piemonte;006;Alessandria;006130;Piovera;006192;Alluvioni Piovera;006;Alessandria;01;Piemonte
01;Piemonte;006;Alessandria;006131;Pomaro Monferrato;006131;Pomaro Monferrato;006;Alessandria;01;Piemonte
01;Piemonte;006;Alessandria;006132;Pontecurone;006132;Pontecurone;006;Alessandria;01;Piemonte
01;Piemonte;006;Alessandria;006133;Pontestura;006133;Pontestura;006;Alessandria;01;Piemonte
01;Piemonte;006;Alessandria;006134;Ponti;006134;Ponti;006;Alessandria;01;Piemonte
01;Piemonte;006;Alessandria;006135;Ponzano Monferrato;006135;Ponzano Monferrato;006;Alessandria;01;Piemonte
01;Piemonte;006;Alessandria;006136;Ponzone;006136;Ponzone;006;Alessandria;01;Piemonte
01;Piemonte;006;Alessandria;006137;Pozzol Groppo;006137;Pozzol Groppo;006;Alessandria;01;Piemonte
01;Piemonte;006;Alessandria;006138;Pozzolo Formigaro;006138;Pozzolo Formigaro;006;Alessandria;01;Piemonte
01;Piemonte;006;Alessandria;006139;Prasco;006139;Prasco;006;Alessandria;01;Piemonte
01;Piemonte;006;Alessandria;006140;Predosa;006140;Predosa;006;Alessandria;01;Piemonte
01;Piemonte;006;Alessandria;006141;Quargnento;006141;Quargnento;006;Alessandria;01;Piemonte
01;Piemonte;006;Alessandria;006142;Quattordio;006142;Quattordio;006;Alessandria;01;Piemonte
01;Piemonte;006;Alessandria;006143;Ricaldone;006143;Ricaldone;006;Alessandria;01;Piemonte
01;Piemonte;006;Alessandria;006144;Rivalta Bormida;006144;Rivalta Bormida;006;Alessandria;01;Piemonte
01;Piemonte;006;Alessandria;006145;Rivarone;006145;Rivarone;006;Alessandria;01;Piemonte
01;Piemonte;006;Alessandria;006146;Roccaforte Ligure;006146;Roccaforte Ligure;006;Alessandria;01;Piemonte
01;Piemonte;006;Alessandria;006147;Rocca Grimalda;006147;Rocca Grimalda;006;Alessandria;01;Piemonte
01;Piemonte;006;Alessandria;006148;Rocchetta Ligure;006148;Rocchetta Ligure;006;Alessandria;01;Piemonte
01;Piemonte;006;Alessandria;006149;Rosignano Monferrato;006149;Rosignano Monferrato;006;Alessandria;01;Piemonte
01;Piemonte;006;Alessandria;006150;Sala Monferrato;006150;Sala Monferrato;006;Alessandria;01;Piemonte
01;Piemonte;006;Alessandria;006151;Sale;006151;Sale;006;Alessandria;01;Piemonte
01;Piemonte;006;Alessandria;006152;San Cristoforo;006152;San Cristoforo;006;Alessandria;01;Piemonte
01;Piemonte;006;Alessandria;006153;San Giorgio Monferrato;006153;San Giorgio Monferrato;006;Alessandria;01;Piemonte
01;Piemonte;006;Alessandria;006154;San Salvatore Monferrato;006154;San Salvatore Monferrato;006;Alessandria;01;Piemonte
01;Piemonte;006;Alessandria;006155;San Sebastiano Curone;006155;San Sebastiano Curone;006;Alessandria;01;Piemonte
01;Piemonte;006;Alessandria;006156;Sant'Agata Fossili;006156;Sant'Agata Fossili;006;Alessandria;01;Piemonte
01;Piemonte;006;Alessandria;006157;Sardigliano;006157;Sardigliano;006;Alessandria;01;Piemonte
01;Piemonte;006;Alessandria;006158;Sarezzano;006158;Sarezzano;006;Alessandria;01;Piemonte
01;Piemonte;006;Alessandria;006159;Serralunga di Crea;006159;Serralunga di Crea;006;Alessandria;01;Piemonte
01;Piemonte;006;Alessandria;006160;Serravalle Scrivia;006160;Serravalle Scrivia;006;Alessandria;01;Piemonte
01;Piemonte;006;Alessandria;006161;Sezzadio;006161;Sezzadio;006;Alessandria;01;Piemonte
01;Piemonte;006;Alessandria;006162;Silvano d'Orba;006162;Silvano d'Orba;006;Alessandria;01;Piemonte
01;Piemonte;006;Alessandria;006163;Solero;006163;Solero;006;Alessandria;01;Piemonte
01;Piemonte;006;Alessandria;006164;Solonghello;006164;Solonghello;006;Alessandria;01;Piemonte
01;Piemonte;006;Alessandria;006165;Spigno Monferrato;006165;Spigno Monferrato;006;Alessandria;01;Piemonte
01;Piemonte;006;Alessandria;006166;Spineto Scrivia;006166;Spineto Scrivia;006;Alessandria;01;Piemonte
01;Piemonte;006;Alessandria;006167;Stazzano;006167;Stazzano;006;Alessandria;01;Piemonte
01;Piemonte;006;Alessandria;006168;Strevi;006168;Strevi;006;Alessandria;01;Piemonte
01;Piemonte;006;Alessandria;006169;Tagliolo Monferrato;006169;Tagliolo Monferrato;006;Alessandria;01;Piemonte
01;Piemonte;006;Alessandria;006170;Tassarolo;006170;Tassarolo;006;Alessandria;01;Piemonte
01;Piemonte;006;Alessandria;006171;Terruggia;006171;Terruggia;006;Alessandria;01;Piemonte
01;Piemonte;006;Alessandria;006172;Terzo;006172;Terzo;006;Alessandria;01;Piemonte
01;Piemonte;006;Alessandria;006173;Ticineto;006173;Ticineto;006;Alessandria;01;Piemonte
01;Piemonte;006;Alessandria;006174;Tortona;006174;Tortona;006;Alessandria;01;Piemonte
01;Piemonte;006;Alessandria;006175;Treville;006175;Treville;006;Alessandria;01;Piemonte
01;Piemonte;006;Alessandria;006176;Trisobbio;006176;Trisobbio;006;Alessandria;01;Piemonte
01;Piemonte;006;Alessandria;006177;Valenza;006177;Valenza;006;Alessandria;01;Piemonte
01;Piemonte;006;Alessandria;006178;Valmacca;006178;Valmacca;006;Alessandria;01;Piemonte
01;Piemonte;006;Alessandria;006179;Vignale Monferrato;006179;Vignale Monferrato;006;Alessandria;01;Piemonte
01;Piemonte;006;Alessandria;006180;Vignole Borbera;006180;Vignole Borbera;006;Alessandria;01;Piemonte
01;Piemonte;006;Alessandria;006181;Viguzzolo;006181;Viguzzolo;006;Alessandria;01;Piemonte
01;Piemonte;006;Alessandria;006182;Villadeati;006182;Villadeati;006;Alessandria;01;Piemonte
01;Piemonte;006;Alessandria;006183;Villalvernia;006183;Villalvernia;006;Alessandria;01;Piemonte
01;Piemonte;006;Alessandria;006184;Villamiroglio;006184;Villamiroglio;006;Alessandria;01;Piemonte
01;Piemonte;006;Alessandria;006185;Villanova Monferrato;006185;Villanova Monferrato;006;Alessandria;01;Piemonte
01;Piemonte;006;Alessandria;006186;Villaromagnano;006186;Villaromagnano;006;Alessandria;01;Piemonte
01;Piemonte;006;Alessandria;006187;Visone;006187;Visone;006;Alessandria;01;Piemonte
01;Piemonte;006;Alessandria;006188;Volpedo;006188;Volpedo;006;Alessandria;01;Piemonte
01;Piemonte;006;Alessandria;006189;Volpeglino;006189;Volpeglino;006;Alessandria;01;Piemonte
01;Piemonte;006;Alessandria;006190;Voltaggio;006190;Voltaggio;006;Alessandria;01;Piemonte
02;Valle d'Aosta/Vallée d'Aoste;007;Valle d'Aosta/Vallée d'Aoste;007001;Allein;007001;Allein;007;Valle d'Aosta/Vallée d'Aoste;02;Valle d'Aosta/Vallée d'Aoste
02;Valle d'Aosta/Vallée d'Aoste;007;Valle d'Aosta/Vallée d'Aoste;007002;Antey-Saint-André;007002;Antey-Saint-André;007;Valle d'Aosta/Vallée d'Aoste;02;Valle d'Aosta/Vallée d'Aoste
02;Valle d'Aosta/Vallée d'Aoste;007;Valle d'Aosta/Vallée d'Aoste;007003;Aosta;007003;Aosta;007;Valle d'Aosta/Vallée d'Aoste;02;Valle d'Aosta/Vallée d'Aoste
02;Valle d'Aosta/Vallée d'Aoste;007;Valle d'Aosta/Vallée d'Aoste;007004;Arnad;007004;Arnad;007;Valle d'Aosta/Vallée d'Aoste;02;Valle d'Aosta/Vallée d'Aoste
02;Valle d'Aosta/Vallée d'Aoste;007;Valle d'Aosta/Vallée d'Aoste;007005;Arvier;007005;Arvier;007;Valle d'Aosta/Vallée d'Aoste;02;Valle d'Aosta/Vallée d'Aoste
02;Valle d'Aosta/Vallée d'Aoste;007;Valle d'Aosta/Vallée d'Aoste;007006;Avise;007006;Avise;007;Valle d'Aosta/Vallée d'Aoste;02;Valle d'Aosta/Vallée d'Aoste
02;Valle d'Aosta/Vallée d'Aoste;007;Valle d'Aosta/Vallée d'Aoste;007007;Ayas;007007;Ayas;007;Valle d'Aosta/Vallée d'Aoste;02;Valle d'Aosta/Vallée d'Aoste
02;Valle d'Aosta/Vallée d'Aoste;007;Valle d'Aosta/Vallée d'Aoste;007008;Aymavilles;007008;Aymavilles;007;Valle d'Aosta/Vallée d'Aoste;02;Valle d'Aosta/Vallée d'Aoste
02;Valle d'Aosta/Vallée d'Aoste;007;Valle d'Aosta/Vallée d'Aoste;007009;Bard;007009;Bard;007;Valle d'Aosta/Vallée d'Aoste;02;Valle d'Aosta/Vallée d'Aoste
02;Valle d'Aosta/Vallée d'Aoste;007;Valle d'Aosta/Vallée d'Aoste;007010;Bionaz;007010;Bionaz;007;Valle d'Aosta/Vallée d'Aoste;02;Valle d'Aosta/Vallée d'Aoste
02;Valle d'Aosta/Vallée d'Aoste;007;Valle d'Aosta/Vallée d'Aoste;007011;Brissogne;007011;Brissogne;007;Valle d'Aosta/Vallée d'Aoste;02;Valle d'Aosta/Vallée d'Aoste
02;Valle d'Aosta/Vallée d'Aoste;007;Valle d'Aosta/Vallée d'Aoste;007012;Brusson;007012;Brusson;007;Valle d'Aosta/Vallée d'Aoste;02;Valle d'Aosta/Vallée d'Aoste
02;Valle d'Aosta/Vallée d'Aoste;007;Valle d'Aosta/Vallée d'Aoste;007013;Challand-Saint-Anselme;007013;Challand-Saint-Anselme;007;Valle d'Aosta/Vallée d'Aoste;02;Valle d'Aosta/Vallée d'Aoste
02;Valle d'Aosta/Vallée d'Aoste;007;Valle d'Aosta/Vallée d'Aoste;007014;Challand-Saint-Victor;007014;Challand-Saint-Victor;007;Valle d'Aosta/Vallée d'Aoste;02;Valle d'Aosta/Vallée d'Aoste
02;Valle d'Aosta/Vallée d'Aoste;007;Valle d'Aosta/Vallée d'Aoste;007015;Chambave;007015;Chambave;007;Valle d'Aosta/Vallée d'Aoste;02;Valle d'Aosta/Vallée d'Aoste
02;Valle d'Aosta/Vallée d'Aoste;007;Valle d'Aosta/Vallée d'Aoste;007016;Chamois;007016;Chamois;007;Valle d'Aosta/Vallée d'Aoste;02;Valle d'Aosta/Vallée d'Aoste
02;Valle d'Aosta/Vallée d'Aoste;007;Valle d'Aosta/Vallée d'Aoste;007017;Champdepraz;007017;Champdepraz;007;Valle d'Aosta/Vallée d'Aoste;02;Valle d'Aosta/Vallée d'Aoste
02;Valle d'Aosta/Vallée d'Aoste;007;Valle d'Aosta/Vallée d'Aoste;007018;Champorcher;007018;Champorcher;007;Valle d'Aosta/Vallée d'Aoste;02;Valle d'Aosta/Vallée d'Aoste
02;Valle d'Aosta/Vallée d'Aoste;007;Valle d'Aosta/Vallée d'Aoste;007019;Charvensod;007019;Charvensod;007;Valle d'Aosta/Vallée d'Aoste;02;Valle d'Aosta/Vallée d'Aoste
02;Valle d'Aosta/Vallée d'Aoste;007;Valle d'Aosta/Vallée d'Aoste;007020;Châtillon;007020;Châtillon;007;Valle d'Aosta/Vallée d'Aoste;02;Valle d'Aosta/Vallée d'Aoste
02;Valle d'Aosta/Vallée d'Aoste;007;Valle d'Aosta/Vallée d'Aoste;007021;Cogne;007021;Cogne;007;Valle d'Aosta/Vallée d'Aoste;02;Valle d'Aosta/Vallée d'Aoste
02;Valle d'Aosta/Vallée d'Aoste;007;Valle d'Aosta/Vallée d'Aoste;007022;Courmayeur;007022;Courmayeur;007;Valle d'Aosta/Vallée d'Aoste;02;Valle d'Aosta/Vallée d'Aoste
02;Valle d'Aosta/Vallée d'Aoste;007;Valle d'Aosta/Vallée d'Aoste;007023;Donnas;007023;Donnas;007;Valle d'Aosta/Vallée d'Aoste;02;Valle d'Aosta/Vallée d'Aoste
02;Valle d'Aosta/Vallée d'Aoste;007;Valle d'Aosta/Vallée d'Aoste;007024;Doues;007024;Doues;007;Valle d'Aosta/Vallée d'Aoste;02;Valle d'Aosta/Vallée d'Aoste
02;Valle d'Aosta/Vallée d'Aoste;007;Valle d'Aosta/Vallée d'Aoste;007025;Emarèse;007025;Emarèse;007;Valle d'Aosta/Vallée d'Aoste;02;Valle d'Aosta/Vallée d'Aoste
02;Valle d'Aosta/Vallée d'Aoste;007;Valle d'Aosta/Vallée d'Aoste;007026;Etroubles;007026;Etroubles;007;Valle d'Aosta/Vallée d'Aoste;02;Valle d'Aosta/Vallée d'Aoste
02;Valle d'Aosta/Vallée d'Aoste;007;Valle d'Aosta/Vallée d'Aoste;007027;Fénis;007027;Fénis;007;Valle d'Aosta/Vallée d'Aoste;02;Valle d'Aosta/Vallée d'Aoste
02;Valle d'Aosta/Vallée d'Aoste;007;Valle d'Aosta/Vallée d'Aoste;007028;Fontainemore;007028;Fontainemore;007;Valle d'Aosta/Vallée d'Aoste;02;Valle d'Aosta/Vallée d'Aoste
02;Valle d'Aosta/Vallée d'Aoste;007;Valle d'Aosta/Vallée d'Aoste;007029;Gaby;007029;Gaby;007;Valle d'Aosta/Vallée d'Aoste;02;Valle d'Aosta/Vallée d'Aoste
02;Valle d'Aosta/Vallée d'Aoste;007;Valle d'Aosta/Vallée d'Aoste;007030;Gignod;007030;Gignod;007;Valle d'Aosta/Vallée d'Aoste;02;Valle d'Aosta/Vallée d'Aoste
02;Valle d'Aosta/Vallée d'Aoste;007;Valle d'Aosta/Vallée d'Aoste;007031;Gressan;007031;Gressan;007;Valle d'Aosta/Vallée d'Aoste;02;Valle d'Aosta/Vallée d'Aoste
02;Valle d'Aosta/Vallée d'Aoste;007;Valle d'Aosta/Vallée d'Aoste;007032;Gressoney-La-Trinité;007032;Gressoney-La-Trinité;007;Valle d'Aosta/Vallée d'Aoste;02;Valle d'Aosta/Vallée d'Aoste
02;Valle d'Aosta/Vallée d'Aoste;007;Valle d'Aosta/Vallée d'Aoste;007033;Gressoney-Saint-Jean;007033;Gressoney-Saint-Jean;007;Valle d'Aosta/Vallée d'Aoste;02;Valle d'Aosta/Vallée d'Aoste
02;Valle d'Aosta/Vallée d'Aoste;007;Valle d'Aosta/Vallée d'Aoste;007034;Hône;007034;Hône;007;Valle d'Aosta/Vallée d'Aoste;02;Valle d'Aosta/Vallée d'Aoste
02;Valle d'Aosta/Vallée d'Aoste;007;Valle d'Aosta/Vallée d'Aoste;007035;Introd;007035;Introd;007;Valle d'Aosta/Vallée d'Aoste;02;Valle d'Aosta/Vallée d'Aoste
02;Valle d'Aosta/Vallée d'Aoste;007;Valle d'Aosta/Vallée d'Aoste;007036;Issime;007036;Issime;007;Valle d'Aosta/Vallée d'Aoste;02;Valle d'Aosta/Vallée d'Aoste
02;Valle d'Aosta/Vallée d'Aoste;007;Valle d'Aosta/Vallée d'Aoste;007037;Issogne;007037;Issogne;007;Valle d'Aosta/Vallée d'Aoste;02;Valle d'Aosta/Vallée d'Aoste
02;Valle d'Aosta/Vallée d'Aoste;007;Valle d'Aosta/Vallée d'Aoste;007038;Jovençan;007038;Jovençan;007;Valle d'Aosta/Vallée d'Aoste;02;Valle d'Aosta/Vallée d'Aoste
02;Valle d'Aosta/Vallée d'Aoste;007;Valle d'Aosta/Vallée d'Aoste;007039;La Magdeleine;007039;La Magdeleine;007;Valle d'Aosta/Vallée d'Aoste;02;Valle d'Aosta/Vallée d'Aoste
02;Valle d'Aosta/Vallée d'Aoste;007;Valle d'Aosta/Vallée d'Aoste;007040;La Salle;007040;La Salle;007;Valle d'Aosta/Vallée d'Aoste;02;Valle d'Aosta/Vallée d'Aoste
02;Valle d'Aosta/Vallée d'Aoste;007;Valle d'Aosta/Vallée d'Aoste;007041;La Thuile;007041;La Thuile;007;Valle d'Aosta/Vallée d'Aoste;02;Valle d'Aosta/Vallée d'Aoste
02;Valle d'Aosta/Vallée d'Aoste;007;Valle d'Aosta/Vallée d'Aoste;007042;Lillianes;007042;Lillianes;007;Valle d'Aosta/Vallée d'Aoste;02;Valle d'Aosta/Vallée d'Aoste
02;Valle d'Aosta/Vallée d'Aoste;007;Valle d'Aosta/Vallée d'Aoste;007043;Montjovet;007043;Montjovet;007;Valle d'Aosta/Vallée d'Aoste;02;Valle d'Aosta/Vallée d'Aoste
02;Valle d'Aosta/Vallée d'Aoste;007;Valle d'Aosta/Vallée d'Aoste;007044;Morgex;007044;Morgex;007;Valle d'Aosta/Vallée d'Aoste;02;Valle d'Aosta/Vallée d'Aoste
02;Valle d'Aosta/Vallée d'Aoste;007;Valle d'Aosta/Vallée d'Aoste;007045;Nus;007045;Nus;007;Valle d'Aosta/Vallée d'Aoste;02;Valle d'Aosta/Vallée d'Aoste
02;Valle d'Aosta/Vallée d'Aoste;007;Valle d'Aosta/Vallée d'Aoste;007046;Ollomont;007046;Ollomont;007;Valle d'Aosta/Vallée d'Aoste;02;Valle d'Aosta/Vallée d'Aoste
02;Valle d'Aosta/Vallée d'Aoste;007;Valle d'Aosta/Vallée d'Aoste;007047;Oyace;007047;Oyace;007;Valle d'Aosta/Vallée d'Aoste;02;Valle d'Aosta/Vallée d'Aoste
02;Valle d'Aosta/Vallée d'Aoste;007;Valle d'Aosta/Vallée d'Aoste;007048;Perloz;007048;Perloz;007;Valle d'Aosta/Vallée d'Aoste;02;Valle d'Aosta/Vallée d'Aoste
02;Valle d'Aosta/Vallée d'Aoste;007;Valle d'Aosta/Vallée d'Aoste;007049;Pollein;007049;Pollein;007;Valle d'Aosta/Vallée d'Aoste;02;Valle d'Aosta/Vallée d'Aoste
02;Valle d'Aosta/Vallée d'Aoste;007;Valle d'Aosta/Vallée d'Aoste;007050;Pontboset;007050;Pontboset;007;Valle d'Aosta/Vallée d'Aoste;02;Valle d'Aosta/Vallée d'Aoste
02;Valle d'Aosta/Vallée d'Aoste;007;Valle d'Aosta/Vallée d'Aoste;007051;Pontey;007051;Pontey;007;Valle d'Aosta/Vallée d'Aoste;02;Valle d'Aosta/Vallée d'Aoste
02;Valle d'Aosta/Vallée d'Aoste;007;Valle d'Aosta/Vallée d'Aoste;007052;Pont-Saint-Martin;007052;Pont-Saint-Martin;007;Valle d'Aosta/Vallée d'Aoste;02;Valle d'Aosta/Vallée d'Aoste
02;Valle d'Aosta/Vallée d'Aoste;007;Valle d'Aosta/Vallée d'Aoste;007053;Pré-Saint-Didier;007053;Pré-Saint-Didier;007;Valle d'Aosta/Vallée d'Aoste;02;Valle d'Aosta/Vallée d'Aoste
02;Valle d'Aosta/Vallée d'Aoste;007;Valle d'Aosta/Vallée d'Aoste;007054;Quart;007054;Quart;007;Valle d'Aosta/Vallée d'Aoste;02;Valle d'Aosta/Vallée d'Aoste
02;Valle d'Aosta/Vallée d'Aoste;007;Valle d'Aosta/Vallée d'Aoste;007055;Rhêmes-Notre-Dame;007055;Rhêmes-Notre-Dame;007;Valle d'Aosta/Vallée d'Aoste;02;Valle d'Aosta/Vallée d'Aoste
02;Valle d'Aosta/Vallée d'Aoste;007;Valle d'Aosta/Vallée d'Aoste;007056;Rhêmes-Saint-Georges;007056;Rhêmes-Saint-Georges;007;Valle d'Aosta/Vallée d'Aoste;02;Valle d'Aosta/Vallée d'Aoste
02;Valle d'Aosta/Vallée d'Aoste;007;Valle d'Aosta/Vallée d'Aoste;007057;Roisan;007057;Roisan;007;Valle d'Aosta/Vallée d'Aoste;02;Valle d'Aosta/Vallée d'Aoste
02;Valle d'Aosta/Vallée d'Aoste;007;Valle d'Aosta/Vallée d'Aoste;007058;Saint-Christophe;007058;Saint-Christophe;007;Valle d'Aosta/Vallée d'Aoste;02;Valle d'Aosta/Vallée d'Aoste
02;Valle d'Aosta/Vallée d'Aoste;007;Valle d'Aosta/Vallée d'Aoste;007059;Saint-Denis;007059;Saint-Denis;007;Valle d'Aosta/Vallée d'Aoste;02;Valle d'Aosta/Vallée d'Aoste
02;Valle d'Aosta/Vallée d'Aoste;007;Valle d'Aosta/Vallée d'Aoste;007060;Saint-Marcel;007060;Saint-Marcel;007;Valle d'Aosta/Vallée d'Aoste;02;Valle d'Aosta/Vallée d'Aoste
02;Valle d'Aosta/Vallée d'Aoste;007;Valle d'Aosta/Vallée d'Aoste;007061;Saint-Nicolas;007061;Saint-Nicolas;007;Valle d'Aosta/Vallée d'Aoste;02;Valle d'Aosta/Vallée d'Aoste
02;Valle d'Aosta/Vallée d'Aoste;007;Valle d'Aosta/Vallée d'Aoste;007062;Saint-Oyen;007062;Saint-Oyen;007;Valle d'Aosta/Vallée d'Aoste;02;Valle d'Aosta/Vallée d'Aoste
02;Valle d'Aosta/Vallée d'Aoste;007;Valle d'Aosta/Vallée d'Aoste;007063;Saint-Pierre;007063;Saint-Pierre;007;Valle d'Aosta/Vallée d'Aoste;02;Valle d'Aosta/Vallée d'Aoste
02;Valle d'Aosta/Vallée d'Aoste;007;Valle d'Aosta/Vallée d'Aoste;007064;Saint-Rhémy-en-Bosses;007064;Saint-Rhémy-en-Bosses;007;Valle d'Aosta/Vallée d'Aoste;02;Valle d'Aosta/Vallée d'Aoste
02;Valle d'Aosta/Vallée d'Aoste;007;Valle d'Aosta/Vallée d'Aoste;007065;Saint-Vincent;007065;Saint-Vincent;007;Valle d'Aosta/Vallée d'Aoste;02;Valle d'Aosta/Vallée d'Aoste
02;Valle d'Aosta/Vallée d'Aoste;007;Valle d'Aosta/Vallée d'Aoste;007066;Sarre;007066;Sarre;007;Valle d'Aosta/Vallée d'Aoste;02;Valle d'Aosta/Vallée d'Aoste
02;Valle d'Aosta/Vallée d'Aoste;007;Valle d'Aosta/Vallée d'Aoste;007067;Torgnon;007067;Torgnon;007;Valle d'Aosta/Vallée d'Aoste;02;Valle d'Aosta/Vallée d'Aoste
02;Valle d'Aosta/Vallée d'Aoste;007;Valle d'Aosta/Vallée d'Aoste;007068;Valgrisenche;007068;Valgrisenche;007;Valle d'Aosta/Vallée d'Aoste;02;Valle d'Aosta/Vallée d'Aoste
02;Valle d'Aosta/Vallée d'Aoste;007;Valle d'Aosta/Vallée d'Aoste;007069;Valpelline;007069;Valpelline;007;Valle d'Aosta/Vallée d'Aoste;02;Valle d'Aosta/Vallée d'Aoste
02;Valle d'Aosta/Vallée d'Aoste;007;Valle d'Aosta/Vallée d'Aoste;007070;Valsavarenche;007070;Valsavarenche;007;Valle d'Aosta/Vallée d'Aoste;02;Valle d'Aosta/Vallée d'Aoste
02;Valle d'Aosta/Vallée d'Aoste;007;Valle d'Aosta/Vallée d'Aoste;007071;Valtournenche;007071;Valtournenche;007;Valle d'Aosta/Vallée d'Aoste;02;Valle d'Aosta/Vallée d'Aoste
02;Valle d'Aosta/Vallée d'Aoste;007;Valle d'Aosta/Vallée d'Aoste;007072;Verrayes;007072;Verrayes;007;Valle d'Aosta/Vallée d'Aoste;02;Valle d'Aosta/Vallée d'Aoste
02;Valle d'Aosta/Vallée d'Aoste;007;Valle d'Aosta/Vallée d'Aoste;007073;Verrès;007073;Verrès;007;Valle d'Aosta/Vallée d'Aoste;02;Valle d'Aosta/Vallée d'Aoste
02;Valle d'Aosta/Vallée d'Aoste;007;Valle d'Aosta/Vallée d'Aoste;007074;Villeneuve;007074;Villeneuve;007;Valle d'Aosta/Vallée d'Aoste;02;Valle d'Aosta/Vallée d'Aoste
07;Liguria;008;Imperia;008001;Airole;008001;Airole;008;Imperia;07;Liguria
07;Liguria;008;Imperia;008002;Apricale;008002;Apricale;008;Imperia;07;Liguria
07;Liguria;008;Imperia;008003;Aquila d'Arroscia;008003;Aquila d'Arroscia;008;Imperia;07;Liguria
07;Liguria;008;Imperia;008004;Armo;008004;Armo;008;Imperia;07;Liguria
07;Liguria;008;Imperia;008005;Aurigo;008005;Aurigo;008;Imperia;07;Liguria
07;Liguria;008;Imperia;008006;Badalucco;008006;Badalucco;008;Imperia;07;Liguria
07;Liguria;008;Imperia;008007;Bajardo;008007;Bajardo;008;Imperia;07;Liguria
07;Liguria;008;Imperia;008008;Bordighera;008008;Bordighera;008;Imperia;07;Liguria
07;Liguria;008;Imperia;008009;Borghetto d'Arroscia;008009;Borghetto d'Arroscia;008;Imperia;07;Liguria
07;Liguria;008;Imperia;008010;Borgomaro;008010;Borgomaro;008;Imperia;07;Liguria
07;Liguria;008;Imperia;008011;Camporosso;008011;Camporosso;008;Imperia;07;Liguria
07;Liguria;008;Imperia;008012;Caravonica;008012;Caravonica;008;Imperia;07;Liguria
07;Liguria;008;Imperia;008013;Carpasio;008068;Montalto Carpasio;008;Imperia;07;Liguria
07;Liguria;008;Imperia;008014;Castellaro;008014;Castellaro;008;Imperia;07;Liguria
07;Liguria;008;Imperia;008015;Castel Vittorio;008015;Castel Vittorio;008;Imperia;07;Liguria
07;Liguria;008;Imperia;008016;Ceriana;008016;Ceriana;008;Imperia;07;Liguria
07;Liguria;008;Imperia;008017;Cervo;008017;Cervo;008;Imperia;07;Liguria
07;Liguria;008;Imperia;008018;Cesio;008018;Cesio;008;Imperia;07;Liguria
07;Liguria;008;Imperia;008019;Chiusanico;008019;Chiusanico;008;Imperia;07;Liguria
07;Liguria;008;Imperia;008020;Chiusavecchia;008020;Chiusavecchia;008;Imperia;07;Liguria
07;Liguria;008;Imperia;008021;Cipressa;008021;Cipressa;008;Imperia;07;Liguria
07;Liguria;008;Imperia;008022;Civezza;008022;Civezza;008;Imperia;07;Liguria
07;Liguria;008;Imperia;008023;Cosio d'Arroscia;008023;Cosio d'Arroscia;008;Imperia;07;Liguria
07;Liguria;008;Imperia;008024;Costarainera;008024;Costarainera;008;Imperia;07;Liguria
07;Liguria;008;Imperia;008025;Diano Arentino;008025;Diano Arentino;008;Imperia;07;Liguria
07;Liguria;008;Imperia;008026;Diano Castello;008026;Diano Castello;008;Imperia;07;Liguria
07;Liguria;008;Imperia;008027;Diano Marina;008027;Diano Marina;008;Imperia;07;Liguria
07;Liguria;008;Imperia;008028;Diano San Pietro;008028;Diano San Pietro;008;Imperia;07;Liguria
07;Liguria;008;Imperia;008029;Dolceacqua;008029;Dolceacqua;008;Imperia;07;Liguria
07;Liguria;008;Imperia;008030;Dolcedo;008030;Dolcedo;008;Imperia;07;Liguria
07;Liguria;008;Imperia;008031;Imperia;008031;Imperia;008;Imperia;07;Liguria
07;Liguria;008;Imperia;008032;Isolabona;008032;Isolabona;008;Imperia;07;Liguria
07;Liguria;008;Imperia;008033;Lucinasco;008033;Lucinasco;008;Imperia;07;Liguria
07;Liguria;008;Imperia;008034;Mendatica;008034;Mendatica;008;Imperia;07;Liguria
07;Liguria;008;Imperia;008035;Molini di Triora;008035;Molini di Triora;008;Imperia;07;Liguria
07;Liguria;008;Imperia;008036;Montalto Ligure;008068;Montalto Carpasio;008;Imperia;07;Liguria
07;Liguria;008;Imperia;008037;Montegrosso Pian Latte;008037;Montegrosso Pian Latte;008;Imperia;07;Liguria
07;Liguria;008;Imperia;008038;Olivetta San Michele;008038;Olivetta San Michele;008;Imperia;07;Liguria
07;Liguria;008;Imperia;008039;Ospedaletti;008039;Ospedaletti;008;Imperia;07;Liguria
07;Liguria;008;Imperia;008040;Perinaldo;008040;Perinaldo;008;Imperia;07;Liguria
07;Liguria;008;Imperia;008041;Pietrabruna;008041;Pietrabruna;008;Imperia;07;Liguria
07;Liguria;008;Imperia;008042;Pieve di Teco;008042;Pieve di Teco;008;Imperia;07;Liguria
07;Liguria;008;Imperia;008043;Pigna;008043;Pigna;008;Imperia;07;Liguria
07;Liguria;008;Imperia;008044;Pompeiana;008044;Pompeiana;008;Imperia;07;Liguria
07;Liguria;008;Imperia;008045;Pontedassio;008045;Pontedassio;008;Imperia;07;Liguria
07;Liguria;008;Imperia;008046;Pornassio;008046;Pornassio;008;Imperia;07;Liguria
07;Liguria;008;Imperia;008047;Prelà;008047;Prelà;008;Imperia;07;Liguria
07;Liguria;008;Imperia;008048;Ranzo;008048;Ranzo;008;Imperia;07;Liguria
07;Liguria;008;Imperia;008049;Rezzo;008049;Rezzo;008;Imperia;07;Liguria
07;Liguria;008;Imperia;008050;Riva Ligure;008050;Riva Ligure;008;Imperia;07;Liguria
07;Liguria;008;Imperia;008051;Rocchetta Nervina;008051;Rocchetta Nervina;008;Imperia;07;Liguria
07;Liguria;008;Imperia;008052;San Bartolomeo al Mare;008052;San Bartolomeo al Mare;008;Imperia;07;Liguria
07;Liguria;008;Imperia;008053;San Biagio della Cima;008053;San Biagio della Cima;008;Imperia;07;Liguria
07;Liguria;008;Imperia;008054;San Lorenzo al Mare;008054;San Lorenzo al Mare;008;Imperia;07;Liguria
07;Liguria;008;Imperia;008055;Sanremo;008055;Sanremo;008;Imperia;07;Liguria
07;Liguria;008;Imperia;008056;Santo Stefano al Mare;008056;Santo Stefano al Mare;008;Imperia;07;Liguria
07;Liguria;008;Imperia;008057;Seborga;008057;Seborga;008;Imperia;07;Liguria
07;Liguria;008;Imperia;008058;Soldano;008058;Soldano;008;Imperia;07;Liguria
07;Liguria;008;Imperia;008059;Taggia;008059;Taggia;008;Imperia;07;Liguria
07;Liguria;008;Imperia;008060;Terzorio;008060;Terzorio;008;Imperia;07;Liguria
07;Liguria;008;Imperia;008061;Triora;008061;Triora;008;Imperia;07;Liguria
07;Liguria;008;Imperia;008062;Vallebona;008062;Vallebona;008;Imperia;07;Liguria
07;Liguria;008;Imperia;008063;Vallecrosia;008063;Vallecrosia;008;Imperia;07;Liguria
07;Liguria;008;Imperia;008064;Vasia;008064;Vasia;008;Imperia;07;Liguria
07;Liguria;008;Imperia;008065;Ventimiglia;008065;Ventimiglia;008;Imperia;07;Liguria
07;Liguria;008;Imperia;008066;Vessalico;008066;Vessalico;008;Imperia;07;Liguria
07;Liguria;008;Imperia;008067;Villa Faraldi;008067;Villa Faraldi;008;Imperia;07;Liguria
07;Liguria;009;Savona;009001;Alassio;009001;Alassio;009;Savona;07;Liguria
07;Liguria;009;Savona;009002;Albenga;009002;Albenga;009;Savona;07;Liguria
07;Liguria;009;Savona;009003;Albissola Marina;009003;Albissola Marina;009;Savona;07;Liguria
07;Liguria;009;Savona;009004;Albisola Superiore;009004;Albisola Superiore;009;Savona;07;Liguria
07;Liguria;009;Savona;009005;Altare;009005;Altare;009;Savona;07;Liguria
07;Liguria;009;Savona;009006;Andora;009006;Andora;009;Savona;07;Liguria
07;Liguria;009;Savona;009007;Arnasco;009007;Arnasco;009;Savona;07;Liguria
07;Liguria;009;Savona;009008;Balestrino;009008;Balestrino;009;Savona;07;Liguria
07;Liguria;009;Savona;009009;Bardineto;009009;Bardineto;009;Savona;07;Liguria
07;Liguria;009;Savona;009010;Bergeggi;009010;Bergeggi;009;Savona;07;Liguria
07;Liguria;009;Savona;009011;Boissano;009011;Boissano;009;Savona;07;Liguria
07;Liguria;009;Savona;009012;Borghetto Santo Spirito;009012;Borghetto Santo Spirito;009;Savona;07;Liguria
07;Liguria;009;Savona;009013;Borgio Verezzi;009013;Borgio Verezzi;009;Savona;07;Liguria
07;Liguria;009;Savona;009014;Bormida;009014;Bormida;009;Savona;07;Liguria
07;Liguria;009;Savona;009015;Cairo Montenotte;009015;Cairo Montenotte;009;Savona;07;Liguria
07;Liguria;009;Savona;009016;Calice Ligure;009016;Calice Ligure;009;Savona;07;Liguria
07;Liguria;009;Savona;009017;Calizzano;009017;Calizzano;009;Savona;07;Liguria
07;Liguria;009;Savona;009018;Carcare;009018;Carcare;009;Savona;07;Liguria
07;Liguria;009;Savona;009019;Casanova Lerrone;009019;Casanova Lerrone;009;Savona;07;Liguria
07;Liguria;009;Savona;009020;Castelbianco;009020;Castelbianco;009;Savona;07;Liguria
07;Liguria;009;Savona;009021;Castelvecchio di Rocca Barbena;009021;Castelvecchio di Rocca Barbena;009;Savona;07;Liguria
07;Liguria;009;Savona;009022;Celle Ligure;009022;Celle Ligure;009;Savona;07;Liguria
07;Liguria;009;Savona;009023;Cengio;009023;Cengio;009;Savona;07;Liguria
07;Liguria;009;Savona;009024;Ceriale;009024;Ceriale;009;Savona;07;Liguria
07;Liguria;009;Savona;009025;Cisano sul Neva;009025;Cisano sul Neva;009;Savona;07;Liguria
07;Liguria;009;Savona;009026;Cosseria;009026;Cosseria;009;Savona;07;Liguria
07;Liguria;009;Savona;009027;Dego;009027;Dego;009;Savona;07;Liguria
07;Liguria;009;Savona;009028;Erli;009028;Erli;009;Savona;07;Liguria
07;Liguria;009;Savona;009029;Finale Ligure;009029;Finale Ligure;009;Savona;07;Liguria
07;Liguria;009;Savona;009030;Garlenda;009030;Garlenda;009;Savona;07;Liguria
07;Liguria;009;Savona;009031;Giustenice;009031;Giustenice;009;Savona;07;Liguria
07;Liguria;009;Savona;009032;Giusvalla;009032;Giusvalla;009;Savona;07;Liguria
07;Liguria;009;Savona;009033;Laigueglia;009033;Laigueglia;009;Savona;07;Liguria
07;Liguria;009;Savona;009034;Loano;009034;Loano;009;Savona;07;Liguria
07;Liguria;009;Savona;009035;Magliolo;009035;Magliolo;009;Savona;07;Liguria
07;Liguria;009;Savona;009036;Mallare;009036;Mallare;009;Savona;07;Liguria
07;Liguria;009;Savona;009037;Massimino;009037;Massimino;009;Savona;07;Liguria
07;Liguria;009;Savona;009038;Millesimo;009038;Millesimo;009;Savona;07;Liguria
07;Liguria;009;Savona;009039;Mioglia;009039;Mioglia;009;Savona;07;Liguria
07;Liguria;009;Savona;009040;Murialdo;009040;Murialdo;009;Savona;07;Liguria
07;Liguria;009;Savona;009041;Nasino;009041;Nasino;009;Savona;07;Liguria
07;Liguria;009;Savona;009042;Noli;009042;Noli;009;Savona;07;Liguria
07;Liguria;009;Savona;009043;Onzo;009043;Onzo;009;Savona;07;Liguria
07;Liguria;009;Savona;009044;Orco Feglino;009044;Orco Feglino;009;Savona;07;Liguria
07;Liguria;009;Savona;009045;Ortovero;009045;Ortovero;009;Savona;07;Liguria
07;Liguria;009;Savona;009046;Osiglia;009046;Osiglia;009;Savona;07;Liguria
07;Liguria;009;Savona;009047;Pallare;009047;Pallare;009;Savona;07;Liguria
07;Liguria;009;Savona;009048;Piana Crixia;009048;Piana Crixia;009;Savona;07;Liguria
07;Liguria;009;Savona;009049;Pietra Ligure;009049;Pietra Ligure;009;Savona;07;Liguria
07;Liguria;009;Savona;009050;Plodio;009050;Plodio;009;Savona;07;Liguria
07;Liguria;009;Savona;009051;Pontinvrea;009051;Pontinvrea;009;Savona;07;Liguria
07;Liguria;009;Savona;009052;Quiliano;009052;Quiliano;009;Savona;07;Liguria
07;Liguria;009;Savona;009053;Rialto;009053;Rialto;009;Savona;07;Liguria
07;Liguria;009;Savona;009054;Roccavignale;009054;Roccavignale;009;Savona;07;Liguria
07;Liguria;009;Savona;009055;Sassello;009055;Sassello;009;Savona;07;Liguria
07;Liguria;009;Savona;009056;Savona;009056;Savona;009;Savona;07;Liguria
07;Liguria;009;Savona;009057;Spotorno;009057;Spotorno;009;Savona;07;Liguria
07;Liguria;009;Savona;009058;Stella;009058;Stella;009;Savona;07;Liguria
07;Liguria;009;Savona;009059;Stellanello;009059;Stellanello;009;Savona;07;Liguria
07;Liguria;009;Savona;009060;Testico;009060;Testico;009;Savona;07;Liguria
07;Liguria;009;Savona;009061;Toirano;009061;Toirano;009;Savona;07;Liguria
07;Liguria;009;Savona;009062;Tovo San Giacomo;009062;Tovo San Giacomo;009;Savona;07;Liguria
07;Liguria;009;Savona;009063;Urbe;009063;Urbe;009;Savona;07;Liguria
07;Liguria;009;Savona;009064;Vado Ligure;009064;Vado Ligure;009;Savona;07;Liguria
07;Liguria;009;Savona;009065;Varazze;009065;Varazze;009;Savona;07;Liguria
07;Liguria;009;Savona;009066;Vendone;009066;Vendone;009;Savona;07;Liguria
07;Liguria;009;Savona;009067;Vezzi Portio;009067;Vezzi Portio;009;Savona;07;Liguria
07;Liguria;009;Savona;009068;Villanova d'Albenga;009068;Villanova d'Albenga;009;Savona;07;Liguria
07;Liguria;009;Savona;009069;Zuccarello;009069;Zuccarello;009;Savona;07;Liguria
07;Liguria;010;Genova;010001;Arenzano;010001;Arenzano;210;Genova;07;Liguria
07;Liguria;010;Genova;010002;Avegno;010002;Avegno;210;Genova;07;Liguria
07;Liguria;010;Genova;010003;Bargagli;010003;Bargagli;210;Genova;07;Liguria
07;Liguria;010;Genova;010004;Bogliasco;010004;Bogliasco;210;Genova;07;Liguria
07;Liguria;010;Genova;010005;Borzonasca;010005;Borzonasca;210;Genova;07;Liguria
07;Liguria;010;Genova;010006;Busalla;010006;Busalla;210;Genova;07;Liguria
07;Liguria;010;Genova;010007;Camogli;010007;Camogli;210;Genova;07;Liguria
07;Liguria;010;Genova;010008;Campo Ligure;010008;Campo Ligure;210;Genova;07;Liguria
07;Liguria;010;Genova;010009;Campomorone;010009;Campomorone;210;Genova;07;Liguria
07;Liguria;010;Genova;010010;Carasco;010010;Carasco;210;Genova;07;Liguria
07;Liguria;010;Genova;010011;Casarza Ligure;010011;Casarza Ligure;210;Genova;07;Liguria
07;Liguria;010;Genova;010012;Casella;010012;Casella;210;Genova;07;Liguria
07;Liguria;010;Genova;010013;Castiglione Chiavarese;010013;Castiglione Chiavarese;210;Genova;07;Liguria
07;Liguria;010;Genova;010014;Ceranesi;010014;Ceranesi;210;Genova;07;Liguria
07;Liguria;010;Genova;010015;Chiavari;010015;Chiavari;210;Genova;07;Liguria
07;Liguria;010;Genova;010016;Cicagna;010016;Cicagna;210;Genova;07;Liguria
07;Liguria;010;Genova;010017;Cogoleto;010017;Cogoleto;210;Genova;07;Liguria
07;Liguria;010;Genova;010018;Cogorno;010018;Cogorno;210;Genova;07;Liguria
07;Liguria;010;Genova;010019;Coreglia Ligure;010019;Coreglia Ligure;210;Genova;07;Liguria
07;Liguria;010;Genova;010020;Crocefieschi;010020;Crocefieschi;210;Genova;07;Liguria
07;Liguria;010;Genova;010021;Davagna;010021;Davagna;210;Genova;07;Liguria
07;Liguria;010;Genova;010022;Fascia;010022;Fascia;210;Genova;07;Liguria
07;Liguria;010;Genova;010023;Favale di Malvaro;010023;Favale di Malvaro;210;Genova;07;Liguria
07;Liguria;010;Genova;010024;Fontanigorda;010024;Fontanigorda;210;Genova;07;Liguria
07;Liguria;010;Genova;010025;Genova;010025;Genova;210;Genova;07;Liguria
07;Liguria;010;Genova;010026;Gorreto;010026;Gorreto;210;Genova;07;Liguria
07;Liguria;010;Genova;010027;Isola del Cantone;010027;Isola del Cantone;210;Genova;07;Liguria
07;Liguria;010;Genova;010028;Lavagna;010028;Lavagna;210;Genova;07;Liguria
07;Liguria;010;Genova;010029;Leivi;010029;Leivi;210;Genova;07;Liguria
07;Liguria;010;Genova;010030;Lorsica;010030;Lorsica;210;Genova;07;Liguria
07;Liguria;010;Genova;010031;Lumarzo;010031;Lumarzo;210;Genova;07;Liguria
07;Liguria;010;Genova;010032;Masone;010032;Masone;210;Genova;07;Liguria
07;Liguria;010;Genova;010033;Mele;010033;Mele;210;Genova;07;Liguria
07;Liguria;010;Genova;010034;Mezzanego;010034;Mezzanego;210;Genova;07;Liguria
07;Liguria;010;Genova;010035;Mignanego;010035;Mignanego;210;Genova;07;Liguria
07;Liguria;010;Genova;010036;Moconesi;010036;Moconesi;210;Genova;07;Liguria
07;Liguria;010;Genova;010037;Moneglia;010037;Moneglia;210;Genova;07;Liguria
07;Liguria;010;Genova;010038;Montebruno;010038;Montebruno;210;Genova;07;Liguria
07;Liguria;010;Genova;010039;Montoggio;010039;Montoggio;210;Genova;07;Liguria
07;Liguria;010;Genova;010040;Ne;010040;Ne;210;Genova;07;Liguria
07;Liguria;010;Genova;010041;Neirone;010041;Neirone;210;Genova;07;Liguria
07;Liguria;010;Genova;010042;Orero;010042;Orero;210;Genova;07;Liguria
07;Liguria;010;Genova;010043;Pieve Ligure;010043;Pieve Ligure;210;Genova;07;Liguria
07;Liguria;010;Genova;010044;Portofino;010044;Portofino;210;Genova;07;Liguria
07;Liguria;010;Genova;010045;Propata;010045;Propata;210;Genova;07;Liguria
07;Liguria;010;Genova;010046;Rapallo;010046;Rapallo;210;Genova;07;Liguria
07;Liguria;010;Genova;010047;Recco;010047;Recco;210;Genova;07;Liguria
07;Liguria;010;Genova;010048;Rezzoaglio;010048;Rezzoaglio;210;Genova;07;Liguria
07;Liguria;010;Genova;010049;Ronco Scrivia;010049;Ronco Scrivia;210;Genova;07;Liguria
07;Liguria;010;Genova;010050;Rondanina;010050;Rondanina;210;Genova;07;Liguria
07;Liguria;010;Genova;010051;Rossiglione;010051;Rossiglione;210;Genova;07;Liguria
07;Liguria;010;Genova;010052;Rovegno;010052;Rovegno;210;Genova;07;Liguria
07;Liguria;010;Genova;010053;San Colombano Certenoli;010053;San Colombano Certenoli;210;Genova;07;Liguria
07;Liguria;010;Genova;010054;Santa Margherita Ligure;010054;Santa Margherita Ligure;210;Genova;07;Liguria
07;Liguria;010;Genova;010055;Sant'Olcese;010055;Sant'Olcese;210;Genova;07;Liguria
07;Liguria;010;Genova;010056;Santo Stefano d'Aveto;010056;Santo Stefano d'Aveto;210;Genova;07;Liguria
07;Liguria;010;Genova;010057;Savignone;010057;Savignone;210;Genova;07;Liguria
07;Liguria;010;Genova;010058;Serra Riccò;010058;Serra Riccò;210;Genova;07;Liguria
07;Liguria;010;Genova;010059;Sestri Levante;010059;Sestri Levante;210;Genova;07;Liguria
07;Liguria;010;Genova;010060;Sori;010060;Sori;210;Genova;07;Liguria
07;Liguria;010;Genova;010061;Tiglieto;010061;Tiglieto;210;Genova;07;Liguria
07;Liguria;010;Genova;010062;Torriglia;010062;Torriglia;210;Genova;07;Liguria
07;Liguria;010;Genova;010063;Tribogna;010063;Tribogna;210;Genova;07;Liguria
07;Liguria;010;Genova;010064;Uscio;010064;Uscio;210;Genova;07;Liguria
07;Liguria;010;Genova;010065;Valbrevenna;010065;Valbrevenna;210;Genova;07;Liguria
07;Liguria;010;Genova;010066;Vobbia;010066;Vobbia;210;Genova;07;Liguria
07;Liguria;010;Genova;010067;Zoagli;010067;Zoagli;210;Genova;07;Liguria
07;Liguria;011;La Spezia;011001;Ameglia;011001;Ameglia;011;La Spezia;07;Liguria
07;Liguria;011;La Spezia;011002;Arcola;011002;Arcola;011;La Spezia;07;Liguria
07;Liguria;011;La Spezia;011003;Beverino;011003;Beverino;011;La Spezia;07;Liguria
07;Liguria;011;La Spezia;011004;Bolano;011004;Bolano;011;La Spezia;07;Liguria
07;Liguria;011;La Spezia;011005;Bonassola;011005;Bonassola;011;La Spezia;07;Liguria
07;Liguria;011;La Spezia;011006;Borghetto di Vara;011006;Borghetto di Vara;011;La Spezia;07;Liguria
07;Liguria;011;La Spezia;011007;Brugnato;011007;Brugnato;011;La Spezia;07;Liguria
07;Liguria;011;La Spezia;011008;Calice al Cornoviglio;011008;Calice al Cornoviglio;011;La Spezia;07;Liguria
07;Liguria;011;La Spezia;011009;Carro;011009;Carro;011;La Spezia;07;Liguria
07;Liguria;011;La Spezia;011010;Carrodano;011010;Carrodano;011;La Spezia;07;Liguria
07;Liguria;011;La Spezia;011011;Castelnuovo Magra;011011;Castelnuovo Magra;011;La Spezia;07;Liguria
07;Liguria;011;La Spezia;011012;Deiva Marina;011012;Deiva Marina;011;La Spezia;07;Liguria
07;Liguria;011;La Spezia;011013;Follo;011013;Follo;011;La Spezia;07;Liguria
07;Liguria;011;La Spezia;011014;Framura;011014;Framura;011;La Spezia;07;Liguria
07;Liguria;011;La Spezia;011015;La Spezia;011015;La Spezia;011;La Spezia;07;Liguria
07;Liguria;011;La Spezia;011016;Lerici;011016;Lerici;011;La Spezia;07;Liguria
07;Liguria;011;La Spezia;011017;Levanto;011017;Levanto;011;La Spezia;07;Liguria
07;Liguria;011;La Spezia;011018;Maissana;011018;Maissana;011;La Spezia;07;Liguria
07;Liguria;011;La Spezia;011019;Monterosso al Mare;011019;Monterosso al Mare;011;La Spezia;07;Liguria
07;Liguria;011;La Spezia;011020;Ortonovo;011020;Luni;011;La Spezia;07;Liguria
07;Liguria;011;La Spezia;011021;Pignone;011021;Pignone;011;La Spezia;07;Liguria
07;Liguria;011;La Spezia;011022;Portovenere;011022;Portovenere;011;La Spezia;07;Liguria
07;Liguria;011;La Spezia;011023;Riccò del Golfo di Spezia;011023;Riccò del Golfo di Spezia;011;La Spezia;07;Liguria
07;Liguria;011;La Spezia;011024;Riomaggiore;011024;Riomaggiore;011;La Spezia;07;Liguria
07;Liguria;011;La Spezia;011025;Rocchetta di Vara;011025;Rocchetta di Vara;011;La Spezia;07;Liguria
07;Liguria;011;La Spezia;011026;Santo Stefano di Magra;011026;Santo Stefano di Magra;011;La Spezia;07;Liguria
07;Liguria;011;La Spezia;011027;Sarzana;011027;Sarzana;011;La Spezia;07;Liguria
07;Liguria;011;La Spezia;011028;Sesta Godano;011028;Sesta Godano;011;La Spezia;07;Liguria
07;Liguria;011;La Spezia;011029;Varese Ligure;011029;Varese Ligure;011;La Spezia;07;Liguria
07;Liguria;011;La Spezia;011030;Vernazza;011030;Vernazza;011;La Spezia;07;Liguria
07;Liguria;011;La Spezia;011031;Vezzano Ligure;011031;Vezzano Ligure;011;La Spezia;07;Liguria
07;Liguria;011;La Spezia;011032;Zignago;011032;Zignago;011;La Spezia;07;Liguria
03;Lombardia;012;Varese;012001;Agra;012001;Agra;012;Varese;03;Lombardia
03;Lombardia;012;Varese;012002;Albizzate;012002;Albizzate;012;Varese;03;Lombardia
03;Lombardia;012;Varese;012003;Angera;012003;Angera;012;Varese;03;Lombardia
03;Lombardia;012;Varese;012004;Arcisate;012004;Arcisate;012;Varese;03;Lombardia
03;Lombardia;012;Varese;012005;Arsago Seprio;012005;Arsago Seprio;012;Varese;03;Lombardia
03;Lombardia;012;Varese;012006;Azzate;012006;Azzate;012;Varese;03;Lombardia
03;Lombardia;012;Varese;012007;Azzio;012007;Azzio;012;Varese;03;Lombardia
03;Lombardia;012;Varese;012008;Barasso;012008;Barasso;012;Varese;03;Lombardia
03;Lombardia;012;Varese;012009;Bardello;012009;Bardello;012;Varese;03;Lombardia
03;Lombardia;012;Varese;012010;Bedero Valcuvia;012010;Bedero Valcuvia;012;Varese;03;Lombardia
03;Lombardia;012;Varese;012011;Besano;012011;Besano;012;Varese;03;Lombardia
03;Lombardia;012;Varese;012012;Besnate;012012;Besnate;012;Varese;03;Lombardia
03;Lombardia;012;Varese;012013;Besozzo;012013;Besozzo;012;Varese;03;Lombardia
03;Lombardia;012;Varese;012014;Biandronno;012014;Biandronno;012;Varese;03;Lombardia
03;Lombardia;012;Varese;012015;Bisuschio;012015;Bisuschio;012;Varese;03;Lombardia
03;Lombardia;012;Varese;012016;Bodio Lomnago;012016;Bodio Lomnago;012;Varese;03;Lombardia
03;Lombardia;012;Varese;012017;Brebbia;012017;Brebbia;012;Varese;03;Lombardia
03;Lombardia;012;Varese;012018;Bregano;012018;Bregano;012;Varese;03;Lombardia
03;Lombardia;012;Varese;012019;Brenta;012019;Brenta;012;Varese;03;Lombardia
03;Lombardia;012;Varese;012020;Brezzo di Bedero;012020;Brezzo di Bedero;012;Varese;03;Lombardia
03;Lombardia;012;Varese;012021;Brinzio;012021;Brinzio;012;Varese;03;Lombardia
03;Lombardia;012;Varese;012022;Brissago-Valtravaglia;012022;Brissago-Valtravaglia;012;Varese;03;Lombardia
03;Lombardia;012;Varese;012023;Brunello;012023;Brunello;012;Varese;03;Lombardia
03;Lombardia;012;Varese;012024;Brusimpiano;012024;Brusimpiano;012;Varese;03;Lombardia
03;Lombardia;012;Varese;012025;Buguggiate;012025;Buguggiate;012;Varese;03;Lombardia
03;Lombardia;012;Varese;012026;Busto Arsizio;012026;Busto Arsizio;012;Varese;03;Lombardia
03;Lombardia;012;Varese;012027;Cadegliano-Viconago;012027;Cadegliano-Viconago;012;Varese;03;Lombardia
03;Lombardia;012;Varese;012028;Cadrezzate;012143;Cadrezzate con Osmate;012;Varese;03;Lombardia
03;Lombardia;012;Varese;012029;Cairate;012029;Cairate;012;Varese;03;Lombardia
03;Lombardia;012;Varese;012030;Cantello;012030;Cantello;012;Varese;03;Lombardia
03;Lombardia;012;Varese;012031;Caravate;012031;Caravate;012;Varese;03;Lombardia
03;Lombardia;012;Varese;012032;Cardano al Campo;012032;Cardano al Campo;012;Varese;03;Lombardia
03;Lombardia;012;Varese;012033;Carnago;012033;Carnago;012;Varese;03;Lombardia
03;Lombardia;012;Varese;012034;Caronno Pertusella;012034;Caronno Pertusella;012;Varese;03;Lombardia
03;Lombardia;012;Varese;012035;Caronno Varesino;012035;Caronno Varesino;012;Varese;03;Lombardia
03;Lombardia;012;Varese;012036;Casale Litta;012036;Casale Litta;012;Varese;03;Lombardia
03;Lombardia;012;Varese;012037;Casalzuigno;012037;Casalzuigno;012;Varese;03;Lombardia
03;Lombardia;012;Varese;012038;Casciago;012038;Casciago;012;Varese;03;Lombardia
03;Lombardia;012;Varese;012039;Casorate Sempione;012039;Casorate Sempione;012;Varese;03;Lombardia
03;Lombardia;012;Varese;012040;Cassano Magnago;012040;Cassano Magnago;012;Varese;03;Lombardia
03;Lombardia;012;Varese;012041;Cassano Valcuvia;012041;Cassano Valcuvia;012;Varese;03;Lombardia
03;Lombardia;012;Varese;012042;Castellanza;012042;Castellanza;012;Varese;03;Lombardia
03;Lombardia;012;Varese;012043;Castello Cabiaglio;012043;Castello Cabiaglio;012;Varese;03;Lombardia
03;Lombardia;012;Varese;012044;Castelseprio;012044;Castelseprio;012;Varese;03;Lombardia
03;Lombardia;012;Varese;012045;Castelveccana;012045;Castelveccana;012;Varese;03;Lombardia
03;Lombardia;012;Varese;012046;Castiglione Olona;012046;Castiglione Olona;012;Varese;03;Lombardia
03;Lombardia;012;Varese;012047;Castronno;012047;Castronno;012;Varese;03;Lombardia
03;Lombardia;012;Varese;012048;Cavaria con Premezzo;012048;Cavaria con Premezzo;012;Varese;03;Lombardia
03;Lombardia;012;Varese;012049;Cazzago Brabbia;012049;Cazzago Brabbia;012;Varese;03;Lombardia
03;Lombardia;012;Varese;012050;Cislago;012050;Cislago;012;Varese;03;Lombardia
03;Lombardia;012;Varese;012051;Cittiglio;012051;Cittiglio;012;Varese;03;Lombardia
03;Lombardia;012;Varese;012052;Clivio;012052;Clivio;012;Varese;03;Lombardia
03;Lombardia;012;Varese;012053;Cocquio-Trevisago;012053;Cocquio-Trevisago;012;Varese;03;Lombardia
03;Lombardia;012;Varese;012054;Comabbio;012054;Comabbio;012;Varese;03;Lombardia
03;Lombardia;012;Varese;012055;Comerio;012055;Comerio;012;Varese;03;Lombardia
03;Lombardia;012;Varese;012056;Cremenaga;012056;Cremenaga;012;Varese;03;Lombardia
03;Lombardia;012;Varese;012057;Crosio della Valle;012057;Crosio della Valle;012;Varese;03;Lombardia
03;Lombardia;012;Varese;012058;Cuasso al Monte;012058;Cuasso al Monte;012;Varese;03;Lombardia
03;Lombardia;012;Varese;012059;Cugliate-Fabiasco;012059;Cugliate-Fabiasco;012;Varese;03;Lombardia
03;Lombardia;012;Varese;012060;Cunardo;012060;Cunardo;012;Varese;03;Lombardia
03;Lombardia;012;Varese;012061;Curiglia con Monteviasco;012061;Curiglia con Monteviasco;012;Varese;03;Lombardia
03;Lombardia;012;Varese;012062;Cuveglio;012062;Cuveglio;012;Varese;03;Lombardia
03;Lombardia;012;Varese;012063;Cuvio;012063;Cuvio;012;Varese;03;Lombardia
03;Lombardia;012;Varese;012064;Daverio;012064;Daverio;012;Varese;03;Lombardia
03;Lombardia;012;Varese;012065;Dumenza;012065;Dumenza;012;Varese;03;Lombardia
03;Lombardia;012;Varese;012066;Duno;012066;Duno;012;Varese;03;Lombardia
03;Lombardia;012;Varese;012067;Fagnano Olona;012067;Fagnano Olona;012;Varese;03;Lombardia
03;Lombardia;012;Varese;012068;Ferno;012068;Ferno;012;Varese;03;Lombardia
03;Lombardia;012;Varese;012069;Ferrera di Varese;012069;Ferrera di Varese;012;Varese;03;Lombardia
03;Lombardia;012;Varese;012070;Gallarate;012070;Gallarate;012;Varese;03;Lombardia
03;Lombardia;012;Varese;012071;Galliate Lombardo;012071;Galliate Lombardo;012;Varese;03;Lombardia
03;Lombardia;012;Varese;012072;Gavirate;012072;Gavirate;012;Varese;03;Lombardia
03;Lombardia;012;Varese;012073;Gazzada Schianno;012073;Gazzada Schianno;012;Varese;03;Lombardia
03;Lombardia;012;Varese;012074;Gemonio;012074;Gemonio;012;Varese;03;Lombardia
03;Lombardia;012;Varese;012075;Gerenzano;012075;Gerenzano;012;Varese;03;Lombardia
03;Lombardia;012;Varese;012076;Germignaga;012076;Germignaga;012;Varese;03;Lombardia
03;Lombardia;012;Varese;012077;Golasecca;012077;Golasecca;012;Varese;03;Lombardia
03;Lombardia;012;Varese;012078;Gorla Maggiore;012078;Gorla Maggiore;012;Varese;03;Lombardia
03;Lombardia;012;Varese;012079;Gorla Minore;012079;Gorla Minore;012;Varese;03;Lombardia
03;Lombardia;012;Varese;012080;Gornate Olona;012080;Gornate Olona;012;Varese;03;Lombardia
03;Lombardia;012;Varese;012081;Grantola;012081;Grantola;012;Varese;03;Lombardia
03;Lombardia;012;Varese;012082;Inarzo;012082;Inarzo;012;Varese;03;Lombardia
03;Lombardia;012;Varese;012083;Induno Olona;012083;Induno Olona;012;Varese;03;Lombardia
03;Lombardia;012;Varese;012084;Ispra;012084;Ispra;012;Varese;03;Lombardia
03;Lombardia;012;Varese;012085;Jerago con Orago;012085;Jerago con Orago;012;Varese;03;Lombardia
03;Lombardia;012;Varese;012086;Lavena Ponte Tresa;012086;Lavena Ponte Tresa;012;Varese;03;Lombardia
03;Lombardia;012;Varese;012087;Laveno-Mombello;012087;Laveno-Mombello;012;Varese;03;Lombardia
03;Lombardia;012;Varese;012088;Leggiuno;012088;Leggiuno;012;Varese;03;Lombardia
03;Lombardia;012;Varese;012089;Lonate Ceppino;012089;Lonate Ceppino;012;Varese;03;Lombardia
03;Lombardia;012;Varese;012090;Lonate Pozzolo;012090;Lonate Pozzolo;012;Varese;03;Lombardia
03;Lombardia;012;Varese;012091;Lozza;012091;Lozza;012;Varese;03;Lombardia
03;Lombardia;012;Varese;012092;Luino;012092;Luino;012;Varese;03;Lombardia
03;Lombardia;012;Varese;012093;Luvinate;012093;Luvinate;012;Varese;03;Lombardia
03;Lombardia;012;Varese;012094;Maccagno;012142;Maccagno con Pino e Veddasca;012;Varese;03;Lombardia
03;Lombardia;012;Varese;012095;Malgesso;012095;Malgesso;012;Varese;03;Lombardia
03;Lombardia;012;Varese;012096;Malnate;012096;Malnate;012;Varese;03;Lombardia
03;Lombardia;012;Varese;012097;Marchirolo;012097;Marchirolo;012;Varese;03;Lombardia
03;Lombardia;012;Varese;012098;Marnate;012098;Marnate;012;Varese;03;Lombardia
03;Lombardia;012;Varese;012099;Marzio;012099;Marzio;012;Varese;03;Lombardia
03;Lombardia;012;Varese;012100;Masciago Primo;012100;Masciago Primo;012;Varese;03;Lombardia
03;Lombardia;012;Varese;012101;Mercallo;012101;Mercallo;012;Varese;03;Lombardia
03;Lombardia;012;Varese;012102;Mesenzana;012102;Mesenzana;012;Varese;03;Lombardia
03;Lombardia;012;Varese;012103;Montegrino Valtravaglia;012103;Montegrino Valtravaglia;012;Varese;03;Lombardia
03;Lombardia;012;Varese;012104;Monvalle;012104;Monvalle;012;Varese;03;Lombardia
03;Lombardia;012;Varese;012105;Morazzone;012105;Morazzone;012;Varese;03;Lombardia
03;Lombardia;012;Varese;012106;Mornago;012106;Mornago;012;Varese;03;Lombardia
03;Lombardia;012;Varese;012107;Oggiona con Santo Stefano;012107;Oggiona con Santo Stefano;012;Varese;03;Lombardia
03;Lombardia;012;Varese;012108;Olgiate Olona;012108;Olgiate Olona;012;Varese;03;Lombardia
03;Lombardia;012;Varese;012109;Origgio;012109;Origgio;012;Varese;03;Lombardia
03;Lombardia;012;Varese;012110;Orino;012110;Orino;012;Varese;03;Lombardia
03;Lombardia;012;Varese;012111;Osmate;012143;Cadrezzate con Osmate;012;Varese;03;Lombardia
03;Lombardia;012;Varese;012112;Pino sulla Sponda del Lago Maggiore;012142;Maccagno con Pino e Veddasca;012;Varese;03;Lombardia
03;Lombardia;012;Varese;012113;Porto Ceresio;012113;Porto Ceresio;012;Varese;03;Lombardia
03;Lombardia;012;Varese;012114;Porto Valtravaglia;012114;Porto Valtravaglia;012;Varese;03;Lombardia
03;Lombardia;012;Varese;012115;Rancio Valcuvia;012115;Rancio Valcuvia;012;Varese;03;Lombardia
03;Lombardia;012;Varese;012116;Ranco;012116;Ranco;012;Varese;03;Lombardia
03;Lombardia;012;Varese;012117;Saltrio;012117;Saltrio;012;Varese;03;Lombardia
03;Lombardia;012;Varese;012118;Samarate;012118;Samarate;012;Varese;03;Lombardia
03;Lombardia;012;Varese;012119;Saronno;012119;Saronno;012;Varese;03;Lombardia
03;Lombardia;012;Varese;012120;Sesto Calende;012120;Sesto Calende;012;Varese;03;Lombardia
03;Lombardia;012;Varese;012121;Solbiate Arno;012121;Solbiate Arno;012;Varese;03;Lombardia
03;Lombardia;012;Varese;012122;Solbiate Olona;012122;Solbiate Olona;012;Varese;03;Lombardia
03;Lombardia;012;Varese;012123;Somma Lombardo;012123;Somma Lombardo;012;Varese;03;Lombardia
03;Lombardia;012;Varese;012124;Sumirago;012124;Sumirago;012;Varese;03;Lombardia
03;Lombardia;012;Varese;012125;Taino;012125;Taino;012;Varese;03;Lombardia
03;Lombardia;012;Varese;012126;Ternate;012126;Ternate;012;Varese;03;Lombardia
03;Lombardia;012;Varese;012127;Tradate;012127;Tradate;012;Varese;03;Lombardia
03;Lombardia;012;Varese;012128;Travedona-Monate;012128;Travedona-Monate;012;Varese;03;Lombardia
03;Lombardia;012;Varese;012129;Tronzano Lago Maggiore;012129;Tronzano Lago Maggiore;012;Varese;03;Lombardia
03;Lombardia;012;Varese;012130;Uboldo;012130;Uboldo;012;Varese;03;Lombardia
03;Lombardia;012;Varese;012131;Valganna;012131;Valganna;012;Varese;03;Lombardia
03;Lombardia;012;Varese;012132;Varano Borghi;012132;Varano Borghi;012;Varese;03;Lombardia
03;Lombardia;012;Varese;012133;Varese;012133;Varese;012;Varese;03;Lombardia
03;Lombardia;012;Varese;012134;Vedano Olona;012134;Vedano Olona;012;Varese;03;Lombardia
03;Lombardia;012;Varese;012135;Veddasca;012142;Maccagno con Pino e Veddasca;012;Varese;03;Lombardia
03;Lombardia;012;Varese;012136;Venegono Inferiore;012136;Venegono Inferiore;012;Varese;03;Lombardia
03;Lombardia;012;Varese;012137;Venegono Superiore;012137;Venegono Superiore;012;Varese;03;Lombardia
03;Lombardia;012;Varese;012138;Vergiate;012138;Vergiate;012;Varese;03;Lombardia
03;Lombardia;012;Varese;012139;Viggiù;012139;Viggiù;012;Varese;03;Lombardia
03;Lombardia;012;Varese;012140;Vizzola Ticino;012140;Vizzola Ticino;012;Varese;03;Lombardia
03;Lombardia;012;Varese;012141;Sangiano;012141;Sangiano;012;Varese;03;Lombardia
03;Lombardia;013;Como;013003;Albavilla;013003;Albavilla;013;Como;03;Lombardia
03;Lombardia;013;Como;013004;Albese con Cassano;013004;Albese con Cassano;013;Como;03;Lombardia
03;Lombardia;013;Como;013005;Albiolo;013005;Albiolo;013;Como;03;Lombardia
03;Lombardia;013;Como;013006;Alserio;013006;Alserio;013;Como;03;Lombardia
03;Lombardia;013;Como;013007;Alzate Brianza;013007;Alzate Brianza;013;Como;03;Lombardia
03;Lombardia;013;Como;013009;Anzano del Parco;013009;Anzano del Parco;013;Como;03;Lombardia
03;Lombardia;013;Como;013010;Appiano Gentile;013010;Appiano Gentile;013;Como;03;Lombardia
03;Lombardia;013;Como;013011;Argegno;013011;Argegno;013;Como;03;Lombardia
03;Lombardia;013;Como;013012;Arosio;013012;Arosio;013;Como;03;Lombardia
03;Lombardia;013;Como;013013;Asso;013013;Asso;013;Como;03;Lombardia
03;Lombardia;013;Como;013015;Barni;013015;Barni;013;Como;03;Lombardia
03;Lombardia;013;Como;013019;Bellagio;013250;Bellagio;013;Como;03;Lombardia
03;Lombardia;013;Como;013021;Bene Lario;013021;Bene Lario;013;Como;03;Lombardia
03;Lombardia;013;Como;013022;Beregazzo con Figliaro;013022;Beregazzo con Figliaro;013;Como;03;Lombardia
03;Lombardia;013;Como;013023;Binago;013023;Binago;013;Como;03;Lombardia
03;Lombardia;013;Como;013024;Bizzarone;013024;Bizzarone;013;Como;03;Lombardia
03;Lombardia;013;Como;013025;Blessagno;013025;Blessagno;013;Como;03;Lombardia
03;Lombardia;013;Como;013026;Blevio;013026;Blevio;013;Como;03;Lombardia
03;Lombardia;013;Como;013028;Bregnano;013028;Bregnano;013;Como;03;Lombardia
03;Lombardia;013;Como;013029;Brenna;013029;Brenna;013;Como;03;Lombardia
03;Lombardia;013;Como;013030;Brienno;013030;Brienno;013;Como;03;Lombardia
03;Lombardia;013;Como;013032;Brunate;013032;Brunate;013;Como;03;Lombardia
03;Lombardia;013;Como;013034;Bulgarograsso;013034;Bulgarograsso;013;Como;03;Lombardia
03;Lombardia;013;Como;013035;Cabiate;013035;Cabiate;013;Como;03;Lombardia
03;Lombardia;013;Como;013036;Cadorago;013036;Cadorago;013;Como;03;Lombardia
03;Lombardia;013;Como;013037;Caglio;013037;Caglio;013;Como;03;Lombardia
03;Lombardia;013;Como;013038;Cagno;013255;Solbiate con Cagno;013;Como;03;Lombardia
03;Lombardia;013;Como;013040;Campione d'Italia;013040;Campione d'Italia;013;Como;03;Lombardia
03;Lombardia;013;Como;013041;Cantù;013041;Cantù;013;Como;03;Lombardia
03;Lombardia;013;Como;013042;Canzo;013042;Canzo;013;Como;03;Lombardia
03;Lombardia;013;Como;013043;Capiago Intimiano;013043;Capiago Intimiano;013;Como;03;Lombardia
03;Lombardia;013;Como;013044;Carate Urio;013044;Carate Urio;013;Como;03;Lombardia
03;Lombardia;013;Como;013045;Carbonate;013045;Carbonate;013;Como;03;Lombardia
03;Lombardia;013;Como;013046;Carimate;013046;Carimate;013;Como;03;Lombardia
03;Lombardia;013;Como;013047;Carlazzo;013047;Carlazzo;013;Como;03;Lombardia
03;Lombardia;013;Como;013048;Carugo;013048;Carugo;013;Como;03;Lombardia
03;Lombardia;013;Como;013050;Casasco d'Intelvi;013254;Centro Valle Intelvi;013;Como;03;Lombardia
03;Lombardia;013;Como;013052;Caslino d'Erba;013052;Caslino d'Erba;013;Como;03;Lombardia
03;Lombardia;013;Como;013053;Casnate con Bernate;013053;Casnate con Bernate;013;Como;03;Lombardia
03;Lombardia;013;Como;013055;Cassina Rizzardi;013055;Cassina Rizzardi;013;Como;03;Lombardia
03;Lombardia;013;Como;013058;Castelmarte;013058;Castelmarte;013;Como;03;Lombardia
03;Lombardia;013;Como;013059;Castelnuovo Bozzente;013059;Castelnuovo Bozzente;013;Como;03;Lombardia
03;Lombardia;013;Como;013060;Castiglione d'Intelvi;013254;Centro Valle Intelvi;013;Como;03;Lombardia
03;Lombardia;013;Como;013061;Cavallasca;013206;San Fermo della Battaglia;013;Como;03;Lombardia
03;Lombardia;013;Como;013062;Cavargna;013062;Cavargna;013;Como;03;Lombardia
03;Lombardia;013;Como;013063;Cerano d'Intelvi;013063;Cerano d'Intelvi;013;Como;03;Lombardia
03;Lombardia;013;Como;013064;Cermenate;013064;Cermenate;013;Como;03;Lombardia
03;Lombardia;013;Como;013065;Cernobbio;013065;Cernobbio;013;Como;03;Lombardia
03;Lombardia;013;Como;013068;Cirimido;013068;Cirimido;013;Como;03;Lombardia
03;Lombardia;013;Como;013070;Civenna;013250;Bellagio;013;Como;03;Lombardia
03;Lombardia;013;Como;013071;Claino con Osteno;013071;Claino con Osteno;013;Como;03;Lombardia
03;Lombardia;013;Como;013074;Colonno;013074;Colonno;013;Como;03;Lombardia
03;Lombardia;013;Como;013075;Como;013075;Como;013;Como;03;Lombardia
03;Lombardia;013;Como;013076;Consiglio di Rumo;013249;Gravedona ed Uniti;013;Como;03;Lombardia
03;Lombardia;013;Como;013077;Corrido;013077;Corrido;013;Como;03;Lombardia
03;Lombardia;013;Como;013083;Cremia;013083;Cremia;013;Como;03;Lombardia
03;Lombardia;013;Como;013084;Cucciago;013084;Cucciago;013;Como;03;Lombardia
03;Lombardia;013;Como;013085;Cusino;013085;Cusino;013;Como;03;Lombardia
03;Lombardia;013;Como;013087;Dizzasco;013087;Dizzasco;013;Como;03;Lombardia
03;Lombardia;013;Como;013089;Domaso;013089;Domaso;013;Como;03;Lombardia
03;Lombardia;013;Como;013090;Dongo;013090;Dongo;013;Como;03;Lombardia
03;Lombardia;013;Como;013092;Dosso del Liro;013092;Dosso del Liro;013;Como;03;Lombardia
03;Lombardia;013;Como;013093;Drezzo;013251;Colverde;013;Como;03;Lombardia
03;Lombardia;013;Como;013095;Erba;013095;Erba;013;Como;03;Lombardia
03;Lombardia;013;Como;013097;Eupilio;013097;Eupilio;013;Como;03;Lombardia
03;Lombardia;013;Como;013098;Faggeto Lario;013098;Faggeto Lario;013;Como;03;Lombardia
03;Lombardia;013;Como;013099;Faloppio;013099;Faloppio;013;Como;03;Lombardia
03;Lombardia;013;Como;013100;Fenegrò;013100;Fenegrò;013;Como;03;Lombardia
03;Lombardia;013;Como;013101;Figino Serenza;013101;Figino Serenza;013;Como;03;Lombardia
03;Lombardia;013;Como;013102;Fino Mornasco;013102;Fino Mornasco;013;Como;03;Lombardia
03;Lombardia;013;Como;013106;Garzeno;013106;Garzeno;013;Como;03;Lombardia
03;Lombardia;013;Como;013107;Gera Lario;013107;Gera Lario;013;Como;03;Lombardia
03;Lombardia;013;Como;013108;Germasino;013249;Gravedona ed Uniti;013;Como;03;Lombardia
03;Lombardia;013;Como;013109;Gironico;013251;Colverde;013;Como;03;Lombardia
03;Lombardia;013;Como;013110;Grandate;013110;Grandate;013;Como;03;Lombardia
03;Lombardia;013;Como;013111;Grandola ed Uniti;013111;Grandola ed Uniti;013;Como;03;Lombardia
03;Lombardia;013;Como;013112;Gravedona;013249;Gravedona ed Uniti;013;Como;03;Lombardia
03;Lombardia;013;Como;013113;Griante;013113;Griante;013;Como;03;Lombardia
03;Lombardia;013;Como;013114;Guanzate;013114;Guanzate;013;Como;03;Lombardia
03;Lombardia;013;Como;013118;Inverigo;013118;Inverigo;013;Como;03;Lombardia
03;Lombardia;013;Como;013119;Laglio;013119;Laglio;013;Como;03;Lombardia
03;Lombardia;013;Como;013120;Laino;013120;Laino;013;Como;03;Lombardia
03;Lombardia;013;Como;013121;Lambrugo;013121;Lambrugo;013;Como;03;Lombardia
03;Lombardia;013;Como;013122;Lanzo d'Intelvi;013253;Alta Valle Intelvi;013;Como;03;Lombardia
03;Lombardia;013;Como;013123;Lasnigo;013123;Lasnigo;013;Como;03;Lombardia
03;Lombardia;013;Como;013125;Lenno;013252;Tremezzina;013;Como;03;Lombardia
03;Lombardia;013;Como;013126;Lezzeno;013126;Lezzeno;013;Como;03;Lombardia
03;Lombardia;013;Como;013128;Limido Comasco;013128;Limido Comasco;013;Como;03;Lombardia
03;Lombardia;013;Como;013129;Lipomo;013129;Lipomo;013;Como;03;Lombardia
03;Lombardia;013;Como;013130;Livo;013130;Livo;013;Como;03;Lombardia
03;Lombardia;013;Como;013131;Locate Varesino;013131;Locate Varesino;013;Como;03;Lombardia
03;Lombardia;013;Como;013133;Lomazzo;013133;Lomazzo;013;Como;03;Lombardia
03;Lombardia;013;Como;013134;Longone al Segrino;013134;Longone al Segrino;013;Como;03;Lombardia
03;Lombardia;013;Como;013135;Luisago;013135;Luisago;013;Como;03;Lombardia
03;Lombardia;013;Como;013136;Lurago d'Erba;013136;Lurago d'Erba;013;Como;03;Lombardia
03;Lombardia;013;Como;013137;Lurago Marinone;013137;Lurago Marinone;013;Como;03;Lombardia
03;Lombardia;013;Como;013138;Lurate Caccivio;013138;Lurate Caccivio;013;Como;03;Lombardia
03;Lombardia;013;Como;013139;Magreglio;013139;Magreglio;013;Como;03;Lombardia
03;Lombardia;013;Como;013143;Mariano Comense;013143;Mariano Comense;013;Como;03;Lombardia
03;Lombardia;013;Como;013144;Maslianico;013144;Maslianico;013;Como;03;Lombardia
03;Lombardia;013;Como;013145;Menaggio;013145;Menaggio;013;Como;03;Lombardia
03;Lombardia;013;Como;013147;Merone;013147;Merone;013;Como;03;Lombardia
03;Lombardia;013;Como;013148;Mezzegra;013252;Tremezzina;013;Como;03;Lombardia
03;Lombardia;013;Como;013152;Moltrasio;013152;Moltrasio;013;Como;03;Lombardia
03;Lombardia;013;Como;013153;Monguzzo;013153;Monguzzo;013;Como;03;Lombardia
03;Lombardia;013;Como;013154;Montano Lucino;013154;Montano Lucino;013;Como;03;Lombardia
03;Lombardia;013;Como;013155;Montemezzo;013155;Montemezzo;013;Como;03;Lombardia
03;Lombardia;013;Como;013157;Montorfano;013157;Montorfano;013;Como;03;Lombardia
03;Lombardia;013;Como;013159;Mozzate;013159;Mozzate;013;Como;03;Lombardia
03;Lombardia;013;Como;013160;Musso;013160;Musso;013;Como;03;Lombardia
03;Lombardia;013;Como;013161;Nesso;013161;Nesso;013;Como;03;Lombardia
03;Lombardia;013;Como;013163;Novedrate;013163;Novedrate;013;Como;03;Lombardia
03;Lombardia;013;Como;013165;Olgiate Comasco;013165;Olgiate Comasco;013;Como;03;Lombardia
03;Lombardia;013;Como;013169;Oltrona di San Mamette;013169;Oltrona di San Mamette;013;Como;03;Lombardia
03;Lombardia;013;Como;013170;Orsenigo;013170;Orsenigo;013;Como;03;Lombardia
03;Lombardia;013;Como;013172;Ossuccio;013252;Tremezzina;013;Como;03;Lombardia
03;Lombardia;013;Como;013175;Parè;013251;Colverde;013;Como;03;Lombardia
03;Lombardia;013;Como;013178;Peglio;013178;Peglio;013;Como;03;Lombardia
03;Lombardia;013;Como;013179;Pellio Intelvi;013253;Alta Valle Intelvi;013;Como;03;Lombardia
03;Lombardia;013;Como;013183;Pianello del Lario;013183;Pianello del Lario;013;Como;03;Lombardia
03;Lombardia;013;Como;013184;Pigra;013184;Pigra;013;Como;03;Lombardia
03;Lombardia;013;Como;013185;Plesio;013185;Plesio;013;Como;03;Lombardia
03;Lombardia;013;Como;013186;Pognana Lario;013186;Pognana Lario;013;Como;03;Lombardia
03;Lombardia;013;Como;013187;Ponna;013187;Ponna;013;Como;03;Lombardia
03;Lombardia;013;Como;013188;Ponte Lambro;013188;Ponte Lambro;013;Como;03;Lombardia
03;Lombardia;013;Como;013189;Porlezza;013189;Porlezza;013;Como;03;Lombardia
03;Lombardia;013;Como;013192;Proserpio;013192;Proserpio;013;Como;03;Lombardia
03;Lombardia;013;Como;013193;Pusiano;013193;Pusiano;013;Como;03;Lombardia
03;Lombardia;013;Como;013194;Ramponio Verna;013253;Alta Valle Intelvi;013;Como;03;Lombardia
03;Lombardia;013;Como;013195;Rezzago;013195;Rezzago;013;Como;03;Lombardia
03;Lombardia;013;Como;013197;Rodero;013197;Rodero;013;Como;03;Lombardia
03;Lombardia;013;Como;013199;Ronago;013199;Ronago;013;Como;03;Lombardia
03;Lombardia;013;Como;013201;Rovellasca;013201;Rovellasca;013;Como;03;Lombardia
03;Lombardia;013;Como;013202;Rovello Porro;013202;Rovello Porro;013;Como;03;Lombardia
03;Lombardia;013;Como;013203;Sala Comacina;013203;Sala Comacina;013;Como;03;Lombardia
03;Lombardia;013;Como;013204;San Bartolomeo Val Cavargna;013204;San Bartolomeo Val Cavargna;013;Como;03;Lombardia
03;Lombardia;013;Como;013205;San Fedele Intelvi;013254;Centro Valle Intelvi;013;Como;03;Lombardia
03;Lombardia;013;Como;013206;San Fermo della Battaglia;013206;San Fermo della Battaglia;013;Como;03;Lombardia
03;Lombardia;013;Como;013207;San Nazzaro Val Cavargna;013207;San Nazzaro Val Cavargna;013;Como;03;Lombardia
03;Lombardia;013;Como;013211;Schignano;013211;Schignano;013;Como;03;Lombardia
03;Lombardia;013;Como;013212;Senna Comasco;013212;Senna Comasco;013;Como;03;Lombardia
03;Lombardia;013;Como;013215;Solbiate;013255;Solbiate con Cagno;013;Como;03;Lombardia
03;Lombardia;013;Como;013216;Sorico;013216;Sorico;013;Como;03;Lombardia
03;Lombardia;013;Como;013217;Sormano;013217;Sormano;013;Como;03;Lombardia
03;Lombardia;013;Como;013218;Stazzona;013218;Stazzona;013;Como;03;Lombardia
03;Lombardia;013;Como;013222;Tavernerio;013222;Tavernerio;013;Como;03;Lombardia
03;Lombardia;013;Como;013223;Torno;013223;Torno;013;Como;03;Lombardia
03;Lombardia;013;Como;013225;Tremezzo;013252;Tremezzina;013;Como;03;Lombardia
03;Lombardia;013;Como;013226;Trezzone;013226;Trezzone;013;Como;03;Lombardia
03;Lombardia;013;Como;013227;Turate;013227;Turate;013;Como;03;Lombardia
03;Lombardia;013;Como;013228;Uggiate-Trevano;013228;Uggiate-Trevano;013;Como;03;Lombardia
03;Lombardia;013;Como;013229;Valbrona;013229;Valbrona;013;Como;03;Lombardia
03;Lombardia;013;Como;013232;Valmorea;013232;Valmorea;013;Como;03;Lombardia
03;Lombardia;013;Como;013233;Val Rezzo;013233;Val Rezzo;013;Como;03;Lombardia
03;Lombardia;013;Como;013234;Valsolda;013234;Valsolda;013;Como;03;Lombardia
03;Lombardia;013;Como;013236;Veleso;013236;Veleso;013;Como;03;Lombardia
03;Lombardia;013;Como;013238;Veniano;013238;Veniano;013;Como;03;Lombardia
03;Lombardia;013;Como;013239;Vercana;013239;Vercana;013;Como;03;Lombardia
03;Lombardia;013;Como;013242;Vertemate con Minoprio;013242;Vertemate con Minoprio;013;Como;03;Lombardia
03;Lombardia;013;Como;013245;Villa Guardia;013245;Villa Guardia;013;Como;03;Lombardia
03;Lombardia;013;Como;013246;Zelbio;013246;Zelbio;013;Como;03;Lombardia
03;Lombardia;013;Como;013248;San Siro;013248;San Siro;013;Como;03;Lombardia
03;Lombardia;014;Sondrio;014001;Albaredo per San Marco;014001;Albaredo per San Marco;014;Sondrio;03;Lombardia
03;Lombardia;014;Sondrio;014002;Albosaggia;014002;Albosaggia;014;Sondrio;03;Lombardia
03;Lombardia;014;Sondrio;014003;Andalo Valtellino;014003;Andalo Valtellino;014;Sondrio;03;Lombardia
03;Lombardia;014;Sondrio;014004;Aprica;014004;Aprica;014;Sondrio;03;Lombardia
03;Lombardia;014;Sondrio;014005;Ardenno;014005;Ardenno;014;Sondrio;03;Lombardia
03;Lombardia;014;Sondrio;014006;Bema;014006;Bema;014;Sondrio;03;Lombardia
03;Lombardia;014;Sondrio;014007;Berbenno di Valtellina;014007;Berbenno di Valtellina;014;Sondrio;03;Lombardia
03;Lombardia;014;Sondrio;014008;Bianzone;014008;Bianzone;014;Sondrio;03;Lombardia
03;Lombardia;014;Sondrio;014009;Bormio;014009;Bormio;014;Sondrio;03;Lombardia
03;Lombardia;014;Sondrio;014010;Buglio in Monte;014010;Buglio in Monte;014;Sondrio;03;Lombardia
03;Lombardia;014;Sondrio;014011;Caiolo;014011;Caiolo;014;Sondrio;03;Lombardia
03;Lombardia;014;Sondrio;014012;Campodolcino;014012;Campodolcino;014;Sondrio;03;Lombardia
03;Lombardia;014;Sondrio;014013;Caspoggio;014013;Caspoggio;014;Sondrio;03;Lombardia
03;Lombardia;014;Sondrio;014014;Castello dell'Acqua;014014;Castello dell'Acqua;014;Sondrio;03;Lombardia
03;Lombardia;014;Sondrio;014015;Castione Andevenno;014015;Castione Andevenno;014;Sondrio;03;Lombardia
03;Lombardia;014;Sondrio;014016;Cedrasco;014016;Cedrasco;014;Sondrio;03;Lombardia
03;Lombardia;014;Sondrio;014017;Cercino;014017;Cercino;014;Sondrio;03;Lombardia
03;Lombardia;014;Sondrio;014018;Chiavenna;014018;Chiavenna;014;Sondrio;03;Lombardia
03;Lombardia;014;Sondrio;014019;Chiesa in Valmalenco;014019;Chiesa in Valmalenco;014;Sondrio;03;Lombardia
03;Lombardia;014;Sondrio;014020;Chiuro;014020;Chiuro;014;Sondrio;03;Lombardia
03;Lombardia;014;Sondrio;014021;Cino;014021;Cino;014;Sondrio;03;Lombardia
03;Lombardia;014;Sondrio;014022;Civo;014022;Civo;014;Sondrio;03;Lombardia
03;Lombardia;014;Sondrio;014023;Colorina;014023;Colorina;014;Sondrio;03;Lombardia
03;Lombardia;014;Sondrio;014024;Cosio Valtellino;014024;Cosio Valtellino;014;Sondrio;03;Lombardia
03;Lombardia;014;Sondrio;014025;Dazio;014025;Dazio;014;Sondrio;03;Lombardia
03;Lombardia;014;Sondrio;014026;Delebio;014026;Delebio;014;Sondrio;03;Lombardia
03;Lombardia;014;Sondrio;014027;Dubino;014027;Dubino;014;Sondrio;03;Lombardia
03;Lombardia;014;Sondrio;014028;Faedo Valtellino;014028;Faedo Valtellino;014;Sondrio;03;Lombardia
03;Lombardia;014;Sondrio;014029;Forcola;014029;Forcola;014;Sondrio;03;Lombardia
03;Lombardia;014;Sondrio;014030;Fusine;014030;Fusine;014;Sondrio;03;Lombardia
03;Lombardia;014;Sondrio;014031;Gerola Alta;014031;Gerola Alta;014;Sondrio;03;Lombardia
03;Lombardia;014;Sondrio;014032;Gordona;014032;Gordona;014;Sondrio;03;Lombardia
03;Lombardia;014;Sondrio;014033;Grosio;014033;Grosio;014;Sondrio;03;Lombardia
03;Lombardia;014;Sondrio;014034;Grosotto;014034;Grosotto;014;Sondrio;03;Lombardia
03;Lombardia;014;Sondrio;014035;Madesimo;014035;Madesimo;014;Sondrio;03;Lombardia
03;Lombardia;014;Sondrio;014036;Lanzada;014036;Lanzada;014;Sondrio;03;Lombardia
03;Lombardia;014;Sondrio;014037;Livigno;014037;Livigno;014;Sondrio;03;Lombardia
03;Lombardia;014;Sondrio;014038;Lovero;014038;Lovero;014;Sondrio;03;Lombardia
03;Lombardia;014;Sondrio;014039;Mantello;014039;Mantello;014;Sondrio;03;Lombardia
03;Lombardia;014;Sondrio;014040;Mazzo di Valtellina;014040;Mazzo di Valtellina;014;Sondrio;03;Lombardia
03;Lombardia;014;Sondrio;014041;Mello;014041;Mello;014;Sondrio;03;Lombardia
03;Lombardia;014;Sondrio;014042;Menarola;014032;Gordona;014;Sondrio;03;Lombardia
03;Lombardia;014;Sondrio;014043;Mese;014043;Mese;014;Sondrio;03;Lombardia
03;Lombardia;014;Sondrio;014044;Montagna in Valtellina;014044;Montagna in Valtellina;014;Sondrio;03;Lombardia
03;Lombardia;014;Sondrio;014045;Morbegno;014045;Morbegno;014;Sondrio;03;Lombardia
03;Lombardia;014;Sondrio;014046;Novate Mezzola;014046;Novate Mezzola;014;Sondrio;03;Lombardia
03;Lombardia;014;Sondrio;014047;Pedesina;014047;Pedesina;014;Sondrio;03;Lombardia
03;Lombardia;014;Sondrio;014048;Piantedo;014048;Piantedo;014;Sondrio;03;Lombardia
03;Lombardia;014;Sondrio;014049;Piateda;014049;Piateda;014;Sondrio;03;Lombardia
03;Lombardia;014;Sondrio;014050;Piuro;014050;Piuro;014;Sondrio;03;Lombardia
03;Lombardia;014;Sondrio;014051;Poggiridenti;014051;Poggiridenti;014;Sondrio;03;Lombardia
03;Lombardia;014;Sondrio;014052;Ponte in Valtellina;014052;Ponte in Valtellina;014;Sondrio;03;Lombardia
03;Lombardia;014;Sondrio;014053;Postalesio;014053;Postalesio;014;Sondrio;03;Lombardia
03;Lombardia;014;Sondrio;014054;Prata Camportaccio;014054;Prata Camportaccio;014;Sondrio;03;Lombardia
03;Lombardia;014;Sondrio;014055;Rasura;014055;Rasura;014;Sondrio;03;Lombardia
03;Lombardia;014;Sondrio;014056;Rogolo;014056;Rogolo;014;Sondrio;03;Lombardia
03;Lombardia;014;Sondrio;014057;Samolaco;014057;Samolaco;014;Sondrio;03;Lombardia
03;Lombardia;014;Sondrio;014058;San Giacomo Filippo;014058;San Giacomo Filippo;014;Sondrio;03;Lombardia
03;Lombardia;014;Sondrio;014059;Sernio;014059;Sernio;014;Sondrio;03;Lombardia
03;Lombardia;014;Sondrio;014060;Sondalo;014060;Sondalo;014;Sondrio;03;Lombardia
03;Lombardia;014;Sondrio;014061;Sondrio;014061;Sondrio;014;Sondrio;03;Lombardia
03;Lombardia;014;Sondrio;014062;Spriana;014062;Spriana;014;Sondrio;03;Lombardia
03;Lombardia;014;Sondrio;014063;Talamona;014063;Talamona;014;Sondrio;03;Lombardia
03;Lombardia;014;Sondrio;014064;Tartano;014064;Tartano;014;Sondrio;03;Lombardia
03;Lombardia;014;Sondrio;014065;Teglio;014065;Teglio;014;Sondrio;03;Lombardia
03;Lombardia;014;Sondrio;014066;Tirano;014066;Tirano;014;Sondrio;03;Lombardia
03;Lombardia;014;Sondrio;014067;Torre di Santa Maria;014067;Torre di Santa Maria;014;Sondrio;03;Lombardia
03;Lombardia;014;Sondrio;014068;Tovo di Sant'Agata;014068;Tovo di Sant'Agata;014;Sondrio;03;Lombardia
03;Lombardia;014;Sondrio;014069;Traona;014069;Traona;014;Sondrio;03;Lombardia
03;Lombardia;014;Sondrio;014070;Tresivio;014070;Tresivio;014;Sondrio;03;Lombardia
03;Lombardia;014;Sondrio;014071;Valdidentro;014071;Valdidentro;014;Sondrio;03;Lombardia
03;Lombardia;014;Sondrio;014072;Valdisotto;014072;Valdisotto;014;Sondrio;03;Lombardia
03;Lombardia;014;Sondrio;014073;Valfurva;014073;Valfurva;014;Sondrio;03;Lombardia
03;Lombardia;014;Sondrio;014074;Val Masino;014074;Val Masino;014;Sondrio;03;Lombardia
03;Lombardia;014;Sondrio;014075;Verceia;014075;Verceia;014;Sondrio;03;Lombardia
03;Lombardia;014;Sondrio;014076;Vervio;014076;Vervio;014;Sondrio;03;Lombardia
03;Lombardia;014;Sondrio;014077;Villa di Chiavenna;014077;Villa di Chiavenna;014;Sondrio;03;Lombardia
03;Lombardia;014;Sondrio;014078;Villa di Tirano;014078;Villa di Tirano;014;Sondrio;03;Lombardia
03;Lombardia;015;Milano;015002;Abbiategrasso;015002;Abbiategrasso;215;Milano;03;Lombardia
03;Lombardia;015;Milano;015005;Albairate;015005;Albairate;215;Milano;03;Lombardia
03;Lombardia;015;Milano;015007;Arconate;015007;Arconate;215;Milano;03;Lombardia
03;Lombardia;015;Milano;015009;Arese;015009;Arese;215;Milano;03;Lombardia
03;Lombardia;015;Milano;015010;Arluno;015010;Arluno;215;Milano;03;Lombardia
03;Lombardia;015;Milano;015011;Assago;015011;Assago;215;Milano;03;Lombardia
03;Lombardia;015;Milano;015012;Bareggio;015012;Bareggio;215;Milano;03;Lombardia
03;Lombardia;015;Milano;015014;Basiano;015014;Basiano;215;Milano;03;Lombardia
03;Lombardia;015;Milano;015015;Basiglio;015015;Basiglio;215;Milano;03;Lombardia
03;Lombardia;015;Milano;015016;Bellinzago Lombardo;015016;Bellinzago Lombardo;215;Milano;03;Lombardia
03;Lombardia;015;Milano;015019;Bernate Ticino;015019;Bernate Ticino;215;Milano;03;Lombardia
03;Lombardia;015;Milano;015022;Besate;015022;Besate;215;Milano;03;Lombardia
03;Lombardia;015;Milano;015024;Binasco;015024;Binasco;215;Milano;03;Lombardia
03;Lombardia;015;Milano;015026;Boffalora sopra Ticino;015026;Boffalora sopra Ticino;215;Milano;03;Lombardia
03;Lombardia;015;Milano;015027;Bollate;015027;Bollate;215;Milano;03;Lombardia
03;Lombardia;015;Milano;015032;Bresso;015032;Bresso;215;Milano;03;Lombardia
03;Lombardia;015;Milano;015035;Bubbiano;015035;Bubbiano;215;Milano;03;Lombardia
03;Lombardia;015;Milano;015036;Buccinasco;015036;Buccinasco;215;Milano;03;Lombardia
03;Lombardia;015;Milano;015038;Buscate;015038;Buscate;215;Milano;03;Lombardia
03;Lombardia;015;Milano;015040;Bussero;015040;Bussero;215;Milano;03;Lombardia
03;Lombardia;015;Milano;015041;Busto Garolfo;015041;Busto Garolfo;215;Milano;03;Lombardia
03;Lombardia;015;Milano;015042;Calvignasco;015042;Calvignasco;215;Milano;03;Lombardia
03;Lombardia;015;Milano;015044;Cambiago;015044;Cambiago;215;Milano;03;Lombardia
03;Lombardia;015;Milano;015046;Canegrate;015046;Canegrate;215;Milano;03;Lombardia
03;Lombardia;015;Milano;015050;Carpiano;015050;Carpiano;215;Milano;03;Lombardia
03;Lombardia;015;Milano;015051;Carugate;015051;Carugate;215;Milano;03;Lombardia
03;Lombardia;015;Milano;015055;Casarile;015055;Casarile;215;Milano;03;Lombardia
03;Lombardia;015;Milano;015058;Casorezzo;015058;Casorezzo;215;Milano;03;Lombardia
03;Lombardia;015;Milano;015059;Cassano d'Adda;015059;Cassano d'Adda;215;Milano;03;Lombardia
03;Lombardia;015;Milano;015060;Cassina de' Pecchi;015060;Cassina de' Pecchi;215;Milano;03;Lombardia
03;Lombardia;015;Milano;015061;Cassinetta di Lugagnano;015061;Cassinetta di Lugagnano;215;Milano;03;Lombardia
03;Lombardia;015;Milano;015062;Castano Primo;015062;Castano Primo;215;Milano;03;Lombardia
03;Lombardia;015;Milano;015070;Cernusco sul Naviglio;015070;Cernusco sul Naviglio;215;Milano;03;Lombardia
03;Lombardia;015;Milano;015071;Cerro al Lambro;015071;Cerro al Lambro;215;Milano;03;Lombardia
03;Lombardia;015;Milano;015072;Cerro Maggiore;015072;Cerro Maggiore;215;Milano;03;Lombardia
03;Lombardia;015;Milano;015074;Cesano Boscone;015074;Cesano Boscone;215;Milano;03;Lombardia
03;Lombardia;015;Milano;015076;Cesate;015076;Cesate;215;Milano;03;Lombardia
03;Lombardia;015;Milano;015077;Cinisello Balsamo;015077;Cinisello Balsamo;215;Milano;03;Lombardia
03;Lombardia;015;Milano;015078;Cisliano;015078;Cisliano;215;Milano;03;Lombardia
03;Lombardia;015;Milano;015081;Cologno Monzese;015081;Cologno Monzese;215;Milano;03;Lombardia
03;Lombardia;015;Milano;015082;Colturano;015082;Colturano;215;Milano;03;Lombardia
03;Lombardia;015;Milano;015085;Corbetta;015085;Corbetta;215;Milano;03;Lombardia
03;Lombardia;015;Milano;015086;Cormano;015086;Cormano;215;Milano;03;Lombardia
03;Lombardia;015;Milano;015087;Cornaredo;015087;Cornaredo;215;Milano;03;Lombardia
03;Lombardia;015;Milano;015093;Corsico;015093;Corsico;215;Milano;03;Lombardia
03;Lombardia;015;Milano;015096;Cuggiono;015096;Cuggiono;215;Milano;03;Lombardia
03;Lombardia;015;Milano;015097;Cusago;015097;Cusago;215;Milano;03;Lombardia
03;Lombardia;015;Milano;015098;Cusano Milanino;015098;Cusano Milanino;215;Milano;03;Lombardia
03;Lombardia;015;Milano;015099;Dairago;015099;Dairago;215;Milano;03;Lombardia
03;Lombardia;015;Milano;015101;Dresano;015101;Dresano;215;Milano;03;Lombardia
03;Lombardia;015;Milano;015103;Gaggiano;015103;Gaggiano;215;Milano;03;Lombardia
03;Lombardia;015;Milano;015105;Garbagnate Milanese;015105;Garbagnate Milanese;215;Milano;03;Lombardia
03;Lombardia;015;Milano;015106;Gessate;015106;Gessate;215;Milano;03;Lombardia
03;Lombardia;015;Milano;015108;Gorgonzola;015108;Gorgonzola;215;Milano;03;Lombardia
03;Lombardia;015;Milano;015110;Grezzago;015110;Grezzago;215;Milano;03;Lombardia
03;Lombardia;015;Milano;015112;Gudo Visconti;015112;Gudo Visconti;215;Milano;03;Lombardia
03;Lombardia;015;Milano;015113;Inveruno;015113;Inveruno;215;Milano;03;Lombardia
03;Lombardia;015;Milano;015114;Inzago;015114;Inzago;215;Milano;03;Lombardia
03;Lombardia;015;Milano;015115;Lacchiarella;015115;Lacchiarella;215;Milano;03;Lombardia
03;Lombardia;015;Milano;015116;Lainate;015116;Lainate;215;Milano;03;Lombardia
03;Lombardia;015;Milano;015118;Legnano;015118;Legnano;215;Milano;03;Lombardia
03;Lombardia;015;Milano;015122;Liscate;015122;Liscate;215;Milano;03;Lombardia
03;Lombardia;015;Milano;015125;Locate di Triulzi;015125;Locate di Triulzi;215;Milano;03;Lombardia
03;Lombardia;015;Milano;015130;Magenta;015130;Magenta;215;Milano;03;Lombardia
03;Lombardia;015;Milano;015131;Magnago;015131;Magnago;215;Milano;03;Lombardia
03;Lombardia;015;Milano;015134;Marcallo con Casone;015134;Marcallo con Casone;215;Milano;03;Lombardia
03;Lombardia;015;Milano;015136;Masate;015136;Masate;215;Milano;03;Lombardia
03;Lombardia;015;Milano;015139;Mediglia;015139;Mediglia;215;Milano;03;Lombardia
03;Lombardia;015;Milano;015140;Melegnano;015140;Melegnano;215;Milano;03;Lombardia
03;Lombardia;015;Milano;015142;Melzo;015142;Melzo;215;Milano;03;Lombardia
03;Lombardia;015;Milano;015144;Mesero;015144;Mesero;215;Milano;03;Lombardia
03;Lombardia;015;Milano;015146;Milano;015146;Milano;215;Milano;03;Lombardia
03;Lombardia;015;Milano;015150;Morimondo;015150;Morimondo;215;Milano;03;Lombardia
03;Lombardia;015;Milano;015151;Motta Visconti;015151;Motta Visconti;215;Milano;03;Lombardia
03;Lombardia;015;Milano;015154;Nerviano;015154;Nerviano;215;Milano;03;Lombardia
03;Lombardia;015;Milano;015155;Nosate;015155;Nosate;215;Milano;03;Lombardia
03;Lombardia;015;Milano;015157;Novate Milanese;015157;Novate Milanese;215;Milano;03;Lombardia
03;Lombardia;015;Milano;015158;Noviglio;015158;Noviglio;215;Milano;03;Lombardia
03;Lombardia;015;Milano;015159;Opera;015159;Opera;215;Milano;03;Lombardia
03;Lombardia;015;Milano;015164;Ossona;015164;Ossona;215;Milano;03;Lombardia
03;Lombardia;015;Milano;015165;Ozzero;015165;Ozzero;215;Milano;03;Lombardia
03;Lombardia;015;Milano;015166;Paderno Dugnano;015166;Paderno Dugnano;215;Milano;03;Lombardia
03;Lombardia;015;Milano;015167;Pantigliate;015167;Pantigliate;215;Milano;03;Lombardia
03;Lombardia;015;Milano;015168;Parabiago;015168;Parabiago;215;Milano;03;Lombardia
03;Lombardia;015;Milano;015169;Paullo;015169;Paullo;215;Milano;03;Lombardia
03;Lombardia;015;Milano;015170;Pero;015170;Pero;215;Milano;03;Lombardia
03;Lombardia;015;Milano;015171;Peschiera Borromeo;015171;Peschiera Borromeo;215;Milano;03;Lombardia
03;Lombardia;015;Milano;015172;Pessano con Bornago;015172;Pessano con Bornago;215;Milano;03;Lombardia
03;Lombardia;015;Milano;015173;Pieve Emanuele;015173;Pieve Emanuele;215;Milano;03;Lombardia
03;Lombardia;015;Milano;015175;Pioltello;015175;Pioltello;215;Milano;03;Lombardia
03;Lombardia;015;Milano;015176;Pogliano Milanese;015176;Pogliano Milanese;215;Milano;03;Lombardia
03;Lombardia;015;Milano;015177;Pozzo d'Adda;015177;Pozzo d'Adda;215;Milano;03;Lombardia
03;Lombardia;015;Milano;015178;Pozzuolo Martesana;015178;Pozzuolo Martesana;215;Milano;03;Lombardia
03;Lombardia;015;Milano;015179;Pregnana Milanese;015179;Pregnana Milanese;215;Milano;03;Lombardia
03;Lombardia;015;Milano;015181;Rescaldina;015181;Rescaldina;215;Milano;03;Lombardia
03;Lombardia;015;Milano;015182;Rho;015182;Rho;215;Milano;03;Lombardia
03;Lombardia;015;Milano;015183;Robecchetto con Induno;015183;Robecchetto con Induno;215;Milano;03;Lombardia
03;Lombardia;015;Milano;015184;Robecco sul Naviglio;015184;Robecco sul Naviglio;215;Milano;03;Lombardia
03;Lombardia;015;Milano;015185;Rodano;015185;Rodano;215;Milano;03;Lombardia
03;Lombardia;015;Milano;015188;Rosate;015188;Rosate;215;Milano;03;Lombardia
03;Lombardia;015;Milano;015189;Rozzano;015189;Rozzano;215;Milano;03;Lombardia
03;Lombardia;015;Milano;015191;San Colombano al Lambro;015191;San Colombano al Lambro;215;Milano;03;Lombardia
03;Lombardia;015;Milano;015192;San Donato Milanese;015192;San Donato Milanese;215;Milano;03;Lombardia
03;Lombardia;015;Milano;015194;San Giorgio su Legnano;015194;San Giorgio su Legnano;215;Milano;03;Lombardia
03;Lombardia;015;Milano;015195;San Giuliano Milanese;015195;San Giuliano Milanese;215;Milano;03;Lombardia
03;Lombardia;015;Milano;015200;Santo Stefano Ticino;015200;Santo Stefano Ticino;215;Milano;03;Lombardia
03;Lombardia;015;Milano;015201;San Vittore Olona;015201;San Vittore Olona;215;Milano;03;Lombardia
03;Lombardia;015;Milano;015202;San Zenone al Lambro;015202;San Zenone al Lambro;215;Milano;03;Lombardia
03;Lombardia;015;Milano;015204;Sedriano;015204;Sedriano;215;Milano;03;Lombardia
03;Lombardia;015;Milano;015205;Segrate;015205;Segrate;215;Milano;03;Lombardia
03;Lombardia;015;Milano;015206;Senago;015206;Senago;215;Milano;03;Lombardia
03;Lombardia;015;Milano;015209;Sesto San Giovanni;015209;Sesto San Giovanni;215;Milano;03;Lombardia
03;Lombardia;015;Milano;015210;Settala;015210;Settala;215;Milano;03;Lombardia
03;Lombardia;015;Milano;015211;Settimo Milanese;015211;Settimo Milanese;215;Milano;03;Lombardia
03;Lombardia;015;Milano;015213;Solaro;015213;Solaro;215;Milano;03;Lombardia
03;Lombardia;015;Milano;015219;Trezzano Rosa;015219;Trezzano Rosa;215;Milano;03;Lombardia
03;Lombardia;015;Milano;015220;Trezzano sul Naviglio;015220;Trezzano sul Naviglio;215;Milano;03;Lombardia
03;Lombardia;015;Milano;015221;Trezzo sull'Adda;015221;Trezzo sull'Adda;215;Milano;03;Lombardia
03;Lombardia;015;Milano;015222;Tribiano;015222;Tribiano;215;Milano;03;Lombardia
03;Lombardia;015;Milano;015224;Truccazzano;015224;Truccazzano;215;Milano;03;Lombardia
03;Lombardia;015;Milano;015226;Turbigo;015226;Turbigo;215;Milano;03;Lombardia
03;Lombardia;015;Milano;015229;Vanzago;015229;Vanzago;215;Milano;03;Lombardia
03;Lombardia;015;Milano;015230;Vaprio d'Adda;015230;Vaprio d'Adda;215;Milano;03;Lombardia
03;Lombardia;015;Milano;015235;Vermezzo;015251;Vermezzo con Zelo;215;Milano;03;Lombardia
03;Lombardia;015;Milano;015236;Vernate;015236;Vernate;215;Milano;03;Lombardia
03;Lombardia;015;Milano;015237;Vignate;015237;Vignate;215;Milano;03;Lombardia
03;Lombardia;015;Milano;015242;Vimodrone;015242;Vimodrone;215;Milano;03;Lombardia
03;Lombardia;015;Milano;015243;Vittuone;015243;Vittuone;215;Milano;03;Lombardia
03;Lombardia;015;Milano;015244;Vizzolo Predabissi;015244;Vizzolo Predabissi;215;Milano;03;Lombardia
03;Lombardia;015;Milano;015246;Zelo Surrigone;015251;Vermezzo con Zelo;215;Milano;03;Lombardia
03;Lombardia;015;Milano;015247;Zibido San Giacomo;015247;Zibido San Giacomo;215;Milano;03;Lombardia
03;Lombardia;015;Milano;015248;Villa Cortese;015248;Villa Cortese;215;Milano;03;Lombardia
03;Lombardia;015;Milano;015249;Vanzaghello;015249;Vanzaghello;215;Milano;03;Lombardia
03;Lombardia;015;Milano;015250;Baranzate;015250;Baranzate;215;Milano;03;Lombardia
03;Lombardia;016;Bergamo;016001;Adrara San Martino;016001;Adrara San Martino;016;Bergamo;03;Lombardia
03;Lombardia;016;Bergamo;016002;Adrara San Rocco;016002;Adrara San Rocco;016;Bergamo;03;Lombardia
03;Lombardia;016;Bergamo;016003;Albano Sant'Alessandro;016003;Albano Sant'Alessandro;016;Bergamo;03;Lombardia
03;Lombardia;016;Bergamo;016004;Albino;016004;Albino;016;Bergamo;03;Lombardia
03;Lombardia;016;Bergamo;016005;Almè;016005;Almè;016;Bergamo;03;Lombardia
03;Lombardia;016;Bergamo;016006;Almenno San Bartolomeo;016006;Almenno San Bartolomeo;016;Bergamo;03;Lombardia
03;Lombardia;016;Bergamo;016007;Almenno San Salvatore;016007;Almenno San Salvatore;016;Bergamo;03;Lombardia
03;Lombardia;016;Bergamo;016008;Alzano Lombardo;016008;Alzano Lombardo;016;Bergamo;03;Lombardia
03;Lombardia;016;Bergamo;016009;Ambivere;016009;Ambivere;016;Bergamo;03;Lombardia
03;Lombardia;016;Bergamo;016010;Antegnate;016010;Antegnate;016;Bergamo;03;Lombardia
03;Lombardia;016;Bergamo;016011;Arcene;016011;Arcene;016;Bergamo;03;Lombardia
03;Lombardia;016;Bergamo;016012;Ardesio;016012;Ardesio;016;Bergamo;03;Lombardia
03;Lombardia;016;Bergamo;016013;Arzago d'Adda;016013;Arzago d'Adda;016;Bergamo;03;Lombardia
03;Lombardia;016;Bergamo;016014;Averara;016014;Averara;016;Bergamo;03;Lombardia
03;Lombardia;016;Bergamo;016015;Aviatico;016015;Aviatico;016;Bergamo;03;Lombardia
03;Lombardia;016;Bergamo;016016;Azzano San Paolo;016016;Azzano San Paolo;016;Bergamo;03;Lombardia
03;Lombardia;016;Bergamo;016017;Azzone;016017;Azzone;016;Bergamo;03;Lombardia
03;Lombardia;016;Bergamo;016018;Bagnatica;016018;Bagnatica;016;Bergamo;03;Lombardia
03;Lombardia;016;Bergamo;016019;Barbata;016019;Barbata;016;Bergamo;03;Lombardia
03;Lombardia;016;Bergamo;016020;Bariano;016020;Bariano;016;Bergamo;03;Lombardia
03;Lombardia;016;Bergamo;016021;Barzana;016021;Barzana;016;Bergamo;03;Lombardia
03;Lombardia;016;Bergamo;016022;Bedulita;016022;Bedulita;016;Bergamo;03;Lombardia
03;Lombardia;016;Bergamo;016023;Berbenno;016023;Berbenno;016;Bergamo;03;Lombardia
03;Lombardia;016;Bergamo;016024;Bergamo;016024;Bergamo;016;Bergamo;03;Lombardia
03;Lombardia;016;Bergamo;016025;Berzo San Fermo;016025;Berzo San Fermo;016;Bergamo;03;Lombardia
03;Lombardia;016;Bergamo;016026;Bianzano;016026;Bianzano;016;Bergamo;03;Lombardia
03;Lombardia;016;Bergamo;016027;Blello;016027;Blello;016;Bergamo;03;Lombardia
03;Lombardia;016;Bergamo;016028;Bolgare;016028;Bolgare;016;Bergamo;03;Lombardia
03;Lombardia;016;Bergamo;016029;Boltiere;016029;Boltiere;016;Bergamo;03;Lombardia
03;Lombardia;016;Bergamo;016030;Bonate Sopra;016030;Bonate Sopra;016;Bergamo;03;Lombardia
03;Lombardia;016;Bergamo;016031;Bonate Sotto;016031;Bonate Sotto;016;Bergamo;03;Lombardia
03;Lombardia;016;Bergamo;016032;Borgo di Terzo;016032;Borgo di Terzo;016;Bergamo;03;Lombardia
03;Lombardia;016;Bergamo;016033;Bossico;016033;Bossico;016;Bergamo;03;Lombardia
03;Lombardia;016;Bergamo;016034;Bottanuco;016034;Bottanuco;016;Bergamo;03;Lombardia
03;Lombardia;016;Bergamo;016035;Bracca;016035;Bracca;016;Bergamo;03;Lombardia
03;Lombardia;016;Bergamo;016036;Branzi;016036;Branzi;016;Bergamo;03;Lombardia
03;Lombardia;016;Bergamo;016037;Brembate;016037;Brembate;016;Bergamo;03;Lombardia
03;Lombardia;016;Bergamo;016038;Brembate di Sopra;016038;Brembate di Sopra;016;Bergamo;03;Lombardia
03;Lombardia;016;Bergamo;016039;Brembilla;016253;Val Brembilla;016;Bergamo;03;Lombardia
03;Lombardia;016;Bergamo;016040;Brignano Gera d'Adda;016040;Brignano Gera d'Adda;016;Bergamo;03;Lombardia
03;Lombardia;016;Bergamo;016041;Brumano;016041;Brumano;016;Bergamo;03;Lombardia
03;Lombardia;016;Bergamo;016042;Brusaporto;016042;Brusaporto;016;Bergamo;03;Lombardia
03;Lombardia;016;Bergamo;016043;Calcinate;016043;Calcinate;016;Bergamo;03;Lombardia
03;Lombardia;016;Bergamo;016044;Calcio;016044;Calcio;016;Bergamo;03;Lombardia
03;Lombardia;016;Bergamo;016046;Calusco d'Adda;016046;Calusco d'Adda;016;Bergamo;03;Lombardia
03;Lombardia;016;Bergamo;016047;Calvenzano;016047;Calvenzano;016;Bergamo;03;Lombardia
03;Lombardia;016;Bergamo;016048;Camerata Cornello;016048;Camerata Cornello;016;Bergamo;03;Lombardia
03;Lombardia;016;Bergamo;016049;Canonica d'Adda;016049;Canonica d'Adda;016;Bergamo;03;Lombardia
03;Lombardia;016;Bergamo;016050;Capizzone;016050;Capizzone;016;Bergamo;03;Lombardia
03;Lombardia;016;Bergamo;016051;Capriate San Gervasio;016051;Capriate San Gervasio;016;Bergamo;03;Lombardia
03;Lombardia;016;Bergamo;016052;Caprino Bergamasco;016052;Caprino Bergamasco;016;Bergamo;03;Lombardia
03;Lombardia;016;Bergamo;016053;Caravaggio;016053;Caravaggio;016;Bergamo;03;Lombardia
03;Lombardia;016;Bergamo;016055;Carobbio degli Angeli;016055;Carobbio degli Angeli;016;Bergamo;03;Lombardia
03;Lombardia;016;Bergamo;016056;Carona;016056;Carona;016;Bergamo;03;Lombardia
03;Lombardia;016;Bergamo;016057;Carvico;016057;Carvico;016;Bergamo;03;Lombardia
03;Lombardia;016;Bergamo;016058;Casazza;016058;Casazza;016;Bergamo;03;Lombardia
03;Lombardia;016;Bergamo;016059;Casirate d'Adda;016059;Casirate d'Adda;016;Bergamo;03;Lombardia
03;Lombardia;016;Bergamo;016060;Casnigo;016060;Casnigo;016;Bergamo;03;Lombardia
03;Lombardia;016;Bergamo;016061;Cassiglio;016061;Cassiglio;016;Bergamo;03;Lombardia
03;Lombardia;016;Bergamo;016062;Castelli Calepio;016062;Castelli Calepio;016;Bergamo;03;Lombardia
03;Lombardia;016;Bergamo;016063;Castel Rozzone;016063;Castel Rozzone;016;Bergamo;03;Lombardia
03;Lombardia;016;Bergamo;016064;Castione della Presolana;016064;Castione della Presolana;016;Bergamo;03;Lombardia
03;Lombardia;016;Bergamo;016065;Castro;016065;Castro;016;Bergamo;03;Lombardia
03;Lombardia;016;Bergamo;016066;Cavernago;016066;Cavernago;016;Bergamo;03;Lombardia
03;Lombardia;016;Bergamo;016067;Cazzano Sant'Andrea;016067;Cazzano Sant'Andrea;016;Bergamo;03;Lombardia
03;Lombardia;016;Bergamo;016068;Cenate Sopra;016068;Cenate Sopra;016;Bergamo;03;Lombardia
03;Lombardia;016;Bergamo;016069;Cenate Sotto;016069;Cenate Sotto;016;Bergamo;03;Lombardia
03;Lombardia;016;Bergamo;016070;Cene;016070;Cene;016;Bergamo;03;Lombardia
03;Lombardia;016;Bergamo;016071;Cerete;016071;Cerete;016;Bergamo;03;Lombardia
03;Lombardia;016;Bergamo;016072;Chignolo d'Isola;016072;Chignolo d'Isola;016;Bergamo;03;Lombardia
03;Lombardia;016;Bergamo;016073;Chiuduno;016073;Chiuduno;016;Bergamo;03;Lombardia
03;Lombardia;016;Bergamo;016074;Cisano Bergamasco;016074;Cisano Bergamasco;016;Bergamo;03;Lombardia
03;Lombardia;016;Bergamo;016075;Ciserano;016075;Ciserano;016;Bergamo;03;Lombardia
03;Lombardia;016;Bergamo;016076;Cividate al Piano;016076;Cividate al Piano;016;Bergamo;03;Lombardia
03;Lombardia;016;Bergamo;016077;Clusone;016077;Clusone;016;Bergamo;03;Lombardia
03;Lombardia;016;Bergamo;016078;Colere;016078;Colere;016;Bergamo;03;Lombardia
03;Lombardia;016;Bergamo;016079;Cologno al Serio;016079;Cologno al Serio;016;Bergamo;03;Lombardia
03;Lombardia;016;Bergamo;016080;Colzate;016080;Colzate;016;Bergamo;03;Lombardia
03;Lombardia;016;Bergamo;016081;Comun Nuovo;016081;Comun Nuovo;016;Bergamo;03;Lombardia
03;Lombardia;016;Bergamo;016082;Corna Imagna;016082;Corna Imagna;016;Bergamo;03;Lombardia
03;Lombardia;016;Bergamo;016083;Cortenuova;016083;Cortenuova;016;Bergamo;03;Lombardia
03;Lombardia;016;Bergamo;016084;Costa di Mezzate;016084;Costa di Mezzate;016;Bergamo;03;Lombardia
03;Lombardia;016;Bergamo;016085;Costa Valle Imagna;016085;Costa Valle Imagna;016;Bergamo;03;Lombardia
03;Lombardia;016;Bergamo;016086;Costa Volpino;016086;Costa Volpino;016;Bergamo;03;Lombardia
03;Lombardia;016;Bergamo;016087;Covo;016087;Covo;016;Bergamo;03;Lombardia
03;Lombardia;016;Bergamo;016088;Credaro;016088;Credaro;016;Bergamo;03;Lombardia
03;Lombardia;016;Bergamo;016089;Curno;016089;Curno;016;Bergamo;03;Lombardia
03;Lombardia;016;Bergamo;016090;Cusio;016090;Cusio;016;Bergamo;03;Lombardia
03;Lombardia;016;Bergamo;016091;Dalmine;016091;Dalmine;016;Bergamo;03;Lombardia
03;Lombardia;016;Bergamo;016092;Dossena;016092;Dossena;016;Bergamo;03;Lombardia
03;Lombardia;016;Bergamo;016093;Endine Gaiano;016093;Endine Gaiano;016;Bergamo;03;Lombardia
03;Lombardia;016;Bergamo;016094;Entratico;016094;Entratico;016;Bergamo;03;Lombardia
03;Lombardia;016;Bergamo;016096;Fara Gera d'Adda;016096;Fara Gera d'Adda;016;Bergamo;03;Lombardia
03;Lombardia;016;Bergamo;016097;Fara Olivana con Sola;016097;Fara Olivana con Sola;016;Bergamo;03;Lombardia
03;Lombardia;016;Bergamo;016098;Filago;016098;Filago;016;Bergamo;03;Lombardia
03;Lombardia;016;Bergamo;016099;Fino del Monte;016099;Fino del Monte;016;Bergamo;03;Lombardia
03;Lombardia;016;Bergamo;016100;Fiorano al Serio;016100;Fiorano al Serio;016;Bergamo;03;Lombardia
03;Lombardia;016;Bergamo;016101;Fontanella;016101;Fontanella;016;Bergamo;03;Lombardia
03;Lombardia;016;Bergamo;016102;Fonteno;016102;Fonteno;016;Bergamo;03;Lombardia
03;Lombardia;016;Bergamo;016103;Foppolo;016103;Foppolo;016;Bergamo;03;Lombardia
03;Lombardia;016;Bergamo;016104;Foresto Sparso;016104;Foresto Sparso;016;Bergamo;03;Lombardia
03;Lombardia;016;Bergamo;016105;Fornovo San Giovanni;016105;Fornovo San Giovanni;016;Bergamo;03;Lombardia
03;Lombardia;016;Bergamo;016106;Fuipiano Valle Imagna;016106;Fuipiano Valle Imagna;016;Bergamo;03;Lombardia
03;Lombardia;016;Bergamo;016107;Gandellino;016107;Gandellino;016;Bergamo;03;Lombardia
03;Lombardia;016;Bergamo;016108;Gandino;016108;Gandino;016;Bergamo;03;Lombardia
03;Lombardia;016;Bergamo;016109;Gandosso;016109;Gandosso;016;Bergamo;03;Lombardia
03;Lombardia;016;Bergamo;016110;Gaverina Terme;016110;Gaverina Terme;016;Bergamo;03;Lombardia
03;Lombardia;016;Bergamo;016111;Gazzaniga;016111;Gazzaniga;016;Bergamo;03;Lombardia
03;Lombardia;016;Bergamo;016112;Gerosa;016253;Val Brembilla;016;Bergamo;03;Lombardia
03;Lombardia;016;Bergamo;016113;Ghisalba;016113;Ghisalba;016;Bergamo;03;Lombardia
03;Lombardia;016;Bergamo;016114;Gorlago;016114;Gorlago;016;Bergamo;03;Lombardia
03;Lombardia;016;Bergamo;016115;Gorle;016115;Gorle;016;Bergamo;03;Lombardia
03;Lombardia;016;Bergamo;016116;Gorno;016116;Gorno;016;Bergamo;03;Lombardia
03;Lombardia;016;Bergamo;016117;Grassobbio;016117;Grassobbio;016;Bergamo;03;Lombardia
03;Lombardia;016;Bergamo;016118;Gromo;016118;Gromo;016;Bergamo;03;Lombardia
03;Lombardia;016;Bergamo;016119;Grone;016119;Grone;016;Bergamo;03;Lombardia
03;Lombardia;016;Bergamo;016120;Grumello del Monte;016120;Grumello del Monte;016;Bergamo;03;Lombardia
03;Lombardia;016;Bergamo;016121;Isola di Fondra;016121;Isola di Fondra;016;Bergamo;03;Lombardia
03;Lombardia;016;Bergamo;016122;Isso;016122;Isso;016;Bergamo;03;Lombardia
03;Lombardia;016;Bergamo;016123;Lallio;016123;Lallio;016;Bergamo;03;Lombardia
03;Lombardia;016;Bergamo;016124;Leffe;016124;Leffe;016;Bergamo;03;Lombardia
03;Lombardia;016;Bergamo;016125;Lenna;016125;Lenna;016;Bergamo;03;Lombardia
03;Lombardia;016;Bergamo;016126;Levate;016126;Levate;016;Bergamo;03;Lombardia
03;Lombardia;016;Bergamo;016127;Locatello;016127;Locatello;016;Bergamo;03;Lombardia
03;Lombardia;016;Bergamo;016128;Lovere;016128;Lovere;016;Bergamo;03;Lombardia
03;Lombardia;016;Bergamo;016129;Lurano;016129;Lurano;016;Bergamo;03;Lombardia
03;Lombardia;016;Bergamo;016130;Luzzana;016130;Luzzana;016;Bergamo;03;Lombardia
03;Lombardia;016;Bergamo;016131;Madone;016131;Madone;016;Bergamo;03;Lombardia
03;Lombardia;016;Bergamo;016132;Mapello;016132;Mapello;016;Bergamo;03;Lombardia
03;Lombardia;016;Bergamo;016133;Martinengo;016133;Martinengo;016;Bergamo;03;Lombardia
03;Lombardia;016;Bergamo;016134;Mezzoldo;016134;Mezzoldo;016;Bergamo;03;Lombardia
03;Lombardia;016;Bergamo;016135;Misano di Gera d'Adda;016135;Misano di Gera d'Adda;016;Bergamo;03;Lombardia
03;Lombardia;016;Bergamo;016136;Moio de' Calvi;016136;Moio de' Calvi;016;Bergamo;03;Lombardia
03;Lombardia;016;Bergamo;016137;Monasterolo del Castello;016137;Monasterolo del Castello;016;Bergamo;03;Lombardia
03;Lombardia;016;Bergamo;016139;Montello;016139;Montello;016;Bergamo;03;Lombardia
03;Lombardia;016;Bergamo;016140;Morengo;016140;Morengo;016;Bergamo;03;Lombardia
03;Lombardia;016;Bergamo;016141;Mornico al Serio;016141;Mornico al Serio;016;Bergamo;03;Lombardia
03;Lombardia;016;Bergamo;016142;Mozzanica;016142;Mozzanica;016;Bergamo;03;Lombardia
03;Lombardia;016;Bergamo;016143;Mozzo;016143;Mozzo;016;Bergamo;03;Lombardia
03;Lombardia;016;Bergamo;016144;Nembro;016144;Nembro;016;Bergamo;03;Lombardia
03;Lombardia;016;Bergamo;016145;Olmo al Brembo;016145;Olmo al Brembo;016;Bergamo;03;Lombardia
03;Lombardia;016;Bergamo;016146;Oltre il Colle;016146;Oltre il Colle;016;Bergamo;03;Lombardia
03;Lombardia;016;Bergamo;016147;Oltressenda Alta;016147;Oltressenda Alta;016;Bergamo;03;Lombardia
03;Lombardia;016;Bergamo;016148;Oneta;016148;Oneta;016;Bergamo;03;Lombardia
03;Lombardia;016;Bergamo;016149;Onore;016149;Onore;016;Bergamo;03;Lombardia
03;Lombardia;016;Bergamo;016150;Orio al Serio;016150;Orio al Serio;016;Bergamo;03;Lombardia
03;Lombardia;016;Bergamo;016151;Ornica;016151;Ornica;016;Bergamo;03;Lombardia
03;Lombardia;016;Bergamo;016152;Osio Sopra;016152;Osio Sopra;016;Bergamo;03;Lombardia
03;Lombardia;016;Bergamo;016153;Osio Sotto;016153;Osio Sotto;016;Bergamo;03;Lombardia
03;Lombardia;016;Bergamo;016154;Pagazzano;016154;Pagazzano;016;Bergamo;03;Lombardia
03;Lombardia;016;Bergamo;016155;Paladina;016155;Paladina;016;Bergamo;03;Lombardia
03;Lombardia;016;Bergamo;016156;Palazzago;016156;Palazzago;016;Bergamo;03;Lombardia
03;Lombardia;016;Bergamo;016157;Palosco;016157;Palosco;016;Bergamo;03;Lombardia
03;Lombardia;016;Bergamo;016158;Parre;016158;Parre;016;Bergamo;03;Lombardia
03;Lombardia;016;Bergamo;016159;Parzanica;016159;Parzanica;016;Bergamo;03;Lombardia
03;Lombardia;016;Bergamo;016160;Pedrengo;016160;Pedrengo;016;Bergamo;03;Lombardia
03;Lombardia;016;Bergamo;016161;Peia;016161;Peia;016;Bergamo;03;Lombardia
03;Lombardia;016;Bergamo;016162;Pianico;016162;Pianico;016;Bergamo;03;Lombardia
03;Lombardia;016;Bergamo;016163;Piario;016163;Piario;016;Bergamo;03;Lombardia
03;Lombardia;016;Bergamo;016164;Piazza Brembana;016164;Piazza Brembana;016;Bergamo;03;Lombardia
03;Lombardia;016;Bergamo;016165;Piazzatorre;016165;Piazzatorre;016;Bergamo;03;Lombardia
03;Lombardia;016;Bergamo;016166;Piazzolo;016166;Piazzolo;016;Bergamo;03;Lombardia
03;Lombardia;016;Bergamo;016167;Pognano;016167;Pognano;016;Bergamo;03;Lombardia
03;Lombardia;016;Bergamo;016168;Ponte Nossa;016168;Ponte Nossa;016;Bergamo;03;Lombardia
03;Lombardia;016;Bergamo;016169;Ponteranica;016169;Ponteranica;016;Bergamo;03;Lombardia
03;Lombardia;016;Bergamo;016170;Ponte San Pietro;016170;Ponte San Pietro;016;Bergamo;03;Lombardia
03;Lombardia;016;Bergamo;016171;Pontida;016171;Pontida;016;Bergamo;03;Lombardia
03;Lombardia;016;Bergamo;016172;Pontirolo Nuovo;016172;Pontirolo Nuovo;016;Bergamo;03;Lombardia
03;Lombardia;016;Bergamo;016173;Pradalunga;016173;Pradalunga;016;Bergamo;03;Lombardia
03;Lombardia;016;Bergamo;016174;Predore;016174;Predore;016;Bergamo;03;Lombardia
03;Lombardia;016;Bergamo;016175;Premolo;016175;Premolo;016;Bergamo;03;Lombardia
03;Lombardia;016;Bergamo;016176;Presezzo;016176;Presezzo;016;Bergamo;03;Lombardia
03;Lombardia;016;Bergamo;016177;Pumenengo;016177;Pumenengo;016;Bergamo;03;Lombardia
03;Lombardia;016;Bergamo;016178;Ranica;016178;Ranica;016;Bergamo;03;Lombardia
03;Lombardia;016;Bergamo;016179;Ranzanico;016179;Ranzanico;016;Bergamo;03;Lombardia
03;Lombardia;016;Bergamo;016180;Riva di Solto;016180;Riva di Solto;016;Bergamo;03;Lombardia
03;Lombardia;016;Bergamo;016182;Rogno;016182;Rogno;016;Bergamo;03;Lombardia
03;Lombardia;016;Bergamo;016183;Romano di Lombardia;016183;Romano di Lombardia;016;Bergamo;03;Lombardia
03;Lombardia;016;Bergamo;016184;Roncobello;016184;Roncobello;016;Bergamo;03;Lombardia
03;Lombardia;016;Bergamo;016185;Roncola;016185;Roncola;016;Bergamo;03;Lombardia
03;Lombardia;016;Bergamo;016186;Rota d'Imagna;016186;Rota d'Imagna;016;Bergamo;03;Lombardia
03;Lombardia;016;Bergamo;016187;Rovetta;016187;Rovetta;016;Bergamo;03;Lombardia
03;Lombardia;016;Bergamo;016188;San Giovanni Bianco;016188;San Giovanni Bianco;016;Bergamo;03;Lombardia
03;Lombardia;016;Bergamo;016189;San Paolo d'Argon;016189;San Paolo d'Argon;016;Bergamo;03;Lombardia
03;Lombardia;016;Bergamo;016190;San Pellegrino Terme;016190;San Pellegrino Terme;016;Bergamo;03;Lombardia
03;Lombardia;016;Bergamo;016191;Santa Brigida;016191;Santa Brigida;016;Bergamo;03;Lombardia
03;Lombardia;016;Bergamo;016192;Sant'Omobono Terme;016252;Sant'Omobono Terme;016;Bergamo;03;Lombardia
03;Lombardia;016;Bergamo;016193;Sarnico;016193;Sarnico;016;Bergamo;03;Lombardia
03;Lombardia;016;Bergamo;016194;Scanzorosciate;016194;Scanzorosciate;016;Bergamo;03;Lombardia
03;Lombardia;016;Bergamo;016195;Schilpario;016195;Schilpario;016;Bergamo;03;Lombardia
03;Lombardia;016;Bergamo;016196;Sedrina;016196;Sedrina;016;Bergamo;03;Lombardia
03;Lombardia;016;Bergamo;016197;Selvino;016197;Selvino;016;Bergamo;03;Lombardia
03;Lombardia;016;Bergamo;016198;Seriate;016198;Seriate;016;Bergamo;03;Lombardia
03;Lombardia;016;Bergamo;016199;Serina;016199;Serina;016;Bergamo;03;Lombardia
03;Lombardia;016;Bergamo;016200;Solto Collina;016200;Solto Collina;016;Bergamo;03;Lombardia
03;Lombardia;016;Bergamo;016201;Songavazzo;016201;Songavazzo;016;Bergamo;03;Lombardia
03;Lombardia;016;Bergamo;016202;Sorisole;016202;Sorisole;016;Bergamo;03;Lombardia
03;Lombardia;016;Bergamo;016203;Sotto il Monte Giovanni XXIII;016203;Sotto il Monte Giovanni XXIII;016;Bergamo;03;Lombardia
03;Lombardia;016;Bergamo;016204;Sovere;016204;Sovere;016;Bergamo;03;Lombardia
03;Lombardia;016;Bergamo;016205;Spinone al Lago;016205;Spinone al Lago;016;Bergamo;03;Lombardia
03;Lombardia;016;Bergamo;016206;Spirano;016206;Spirano;016;Bergamo;03;Lombardia
03;Lombardia;016;Bergamo;016207;Stezzano;016207;Stezzano;016;Bergamo;03;Lombardia
03;Lombardia;016;Bergamo;016208;Strozza;016208;Strozza;016;Bergamo;03;Lombardia
03;Lombardia;016;Bergamo;016209;Suisio;016209;Suisio;016;Bergamo;03;Lombardia
03;Lombardia;016;Bergamo;016210;Taleggio;016210;Taleggio;016;Bergamo;03;Lombardia
03;Lombardia;016;Bergamo;016211;Tavernola Bergamasca;016211;Tavernola Bergamasca;016;Bergamo;03;Lombardia
03;Lombardia;016;Bergamo;016212;Telgate;016212;Telgate;016;Bergamo;03;Lombardia
03;Lombardia;016;Bergamo;016213;Terno d'Isola;016213;Terno d'Isola;016;Bergamo;03;Lombardia
03;Lombardia;016;Bergamo;016214;Torre Boldone;016214;Torre Boldone;016;Bergamo;03;Lombardia
03;Lombardia;016;Bergamo;016216;Torre de' Roveri;016216;Torre de' Roveri;016;Bergamo;03;Lombardia
03;Lombardia;016;Bergamo;016217;Torre Pallavicina;016217;Torre Pallavicina;016;Bergamo;03;Lombardia
03;Lombardia;016;Bergamo;016218;Trescore Balneario;016218;Trescore Balneario;016;Bergamo;03;Lombardia
03;Lombardia;016;Bergamo;016219;Treviglio;016219;Treviglio;016;Bergamo;03;Lombardia
03;Lombardia;016;Bergamo;016220;Treviolo;016220;Treviolo;016;Bergamo;03;Lombardia
03;Lombardia;016;Bergamo;016221;Ubiale Clanezzo;016221;Ubiale Clanezzo;016;Bergamo;03;Lombardia
03;Lombardia;016;Bergamo;016222;Urgnano;016222;Urgnano;016;Bergamo;03;Lombardia
03;Lombardia;016;Bergamo;016223;Valbondione;016223;Valbondione;016;Bergamo;03;Lombardia
03;Lombardia;016;Bergamo;016224;Valbrembo;016224;Valbrembo;016;Bergamo;03;Lombardia
03;Lombardia;016;Bergamo;016225;Valgoglio;016225;Valgoglio;016;Bergamo;03;Lombardia
03;Lombardia;016;Bergamo;016226;Valleve;016226;Valleve;016;Bergamo;03;Lombardia
03;Lombardia;016;Bergamo;016227;Valnegra;016227;Valnegra;016;Bergamo;03;Lombardia
03;Lombardia;016;Bergamo;016228;Valsecca;016252;Sant'Omobono Terme;016;Bergamo;03;Lombardia
03;Lombardia;016;Bergamo;016229;Valtorta;016229;Valtorta;016;Bergamo;03;Lombardia
03;Lombardia;016;Bergamo;016230;Vedeseta;016230;Vedeseta;016;Bergamo;03;Lombardia
03;Lombardia;016;Bergamo;016232;Verdellino;016232;Verdellino;016;Bergamo;03;Lombardia
03;Lombardia;016;Bergamo;016233;Verdello;016233;Verdello;016;Bergamo;03;Lombardia
03;Lombardia;016;Bergamo;016234;Vertova;016234;Vertova;016;Bergamo;03;Lombardia
03;Lombardia;016;Bergamo;016235;Viadanica;016235;Viadanica;016;Bergamo;03;Lombardia
03;Lombardia;016;Bergamo;016236;Vigano San Martino;016236;Vigano San Martino;016;Bergamo;03;Lombardia
03;Lombardia;016;Bergamo;016237;Vigolo;016237;Vigolo;016;Bergamo;03;Lombardia
03;Lombardia;016;Bergamo;016238;Villa d'Adda;016238;Villa d'Adda;016;Bergamo;03;Lombardia
03;Lombardia;016;Bergamo;016239;Villa d'Almè;016239;Villa d'Almè;016;Bergamo;03;Lombardia
03;Lombardia;016;Bergamo;016240;Villa di Serio;016240;Villa di Serio;016;Bergamo;03;Lombardia
03;Lombardia;016;Bergamo;016241;Villa d'Ogna;016241;Villa d'Ogna;016;Bergamo;03;Lombardia
03;Lombardia;016;Bergamo;016242;Villongo;016242;Villongo;016;Bergamo;03;Lombardia
03;Lombardia;016;Bergamo;016243;Vilminore di Scalve;016243;Vilminore di Scalve;016;Bergamo;03;Lombardia
03;Lombardia;016;Bergamo;016244;Zandobbio;016244;Zandobbio;016;Bergamo;03;Lombardia
03;Lombardia;016;Bergamo;016245;Zanica;016245;Zanica;016;Bergamo;03;Lombardia
03;Lombardia;016;Bergamo;016246;Zogno;016246;Zogno;016;Bergamo;03;Lombardia
03;Lombardia;016;Bergamo;016247;Costa Serina;016247;Costa Serina;016;Bergamo;03;Lombardia
03;Lombardia;016;Bergamo;016248;Algua;016248;Algua;016;Bergamo;03;Lombardia
03;Lombardia;016;Bergamo;016249;Cornalba;016249;Cornalba;016;Bergamo;03;Lombardia
03;Lombardia;016;Bergamo;016250;Medolago;016250;Medolago;016;Bergamo;03;Lombardia
03;Lombardia;016;Bergamo;016251;Solza;016251;Solza;016;Bergamo;03;Lombardia
03;Lombardia;017;Brescia;017001;Acquafredda;017001;Acquafredda;017;Brescia;03;Lombardia
03;Lombardia;017;Brescia;017002;Adro;017002;Adro;017;Brescia;03;Lombardia
03;Lombardia;017;Brescia;017003;Agnosine;017003;Agnosine;017;Brescia;03;Lombardia
03;Lombardia;017;Brescia;017004;Alfianello;017004;Alfianello;017;Brescia;03;Lombardia
03;Lombardia;017;Brescia;017005;Anfo;017005;Anfo;017;Brescia;03;Lombardia
03;Lombardia;017;Brescia;017006;Angolo Terme;017006;Angolo Terme;017;Brescia;03;Lombardia
03;Lombardia;017;Brescia;017007;Artogne;017007;Artogne;017;Brescia;03;Lombardia
03;Lombardia;017;Brescia;017008;Azzano Mella;017008;Azzano Mella;017;Brescia;03;Lombardia
03;Lombardia;017;Brescia;017009;Bagnolo Mella;017009;Bagnolo Mella;017;Brescia;03;Lombardia
03;Lombardia;017;Brescia;017010;Bagolino;017010;Bagolino;017;Brescia;03;Lombardia
03;Lombardia;017;Brescia;017011;Barbariga;017011;Barbariga;017;Brescia;03;Lombardia
03;Lombardia;017;Brescia;017012;Barghe;017012;Barghe;017;Brescia;03;Lombardia
03;Lombardia;017;Brescia;017013;Bassano Bresciano;017013;Bassano Bresciano;017;Brescia;03;Lombardia
03;Lombardia;017;Brescia;017014;Bedizzole;017014;Bedizzole;017;Brescia;03;Lombardia
03;Lombardia;017;Brescia;017015;Berlingo;017015;Berlingo;017;Brescia;03;Lombardia
03;Lombardia;017;Brescia;017016;Berzo Demo;017016;Berzo Demo;017;Brescia;03;Lombardia
03;Lombardia;017;Brescia;017017;Berzo Inferiore;017017;Berzo Inferiore;017;Brescia;03;Lombardia
03;Lombardia;017;Brescia;017018;Bienno;017018;Bienno;017;Brescia;03;Lombardia
03;Lombardia;017;Brescia;017019;Bione;017019;Bione;017;Brescia;03;Lombardia
03;Lombardia;017;Brescia;017020;Borgo San Giacomo;017020;Borgo San Giacomo;017;Brescia;03;Lombardia
03;Lombardia;017;Brescia;017021;Borgosatollo;017021;Borgosatollo;017;Brescia;03;Lombardia
03;Lombardia;017;Brescia;017022;Borno;017022;Borno;017;Brescia;03;Lombardia
03;Lombardia;017;Brescia;017023;Botticino;017023;Botticino;017;Brescia;03;Lombardia
03;Lombardia;017;Brescia;017024;Bovegno;017024;Bovegno;017;Brescia;03;Lombardia
03;Lombardia;017;Brescia;017025;Bovezzo;017025;Bovezzo;017;Brescia;03;Lombardia
03;Lombardia;017;Brescia;017026;Brandico;017026;Brandico;017;Brescia;03;Lombardia
03;Lombardia;017;Brescia;017027;Braone;017027;Braone;017;Brescia;03;Lombardia
03;Lombardia;017;Brescia;017028;Breno;017028;Breno;017;Brescia;03;Lombardia
03;Lombardia;017;Brescia;017029;Brescia;017029;Brescia;017;Brescia;03;Lombardia
03;Lombardia;017;Brescia;017030;Brione;017030;Brione;017;Brescia;03;Lombardia
03;Lombardia;017;Brescia;017031;Caino;017031;Caino;017;Brescia;03;Lombardia
03;Lombardia;017;Brescia;017032;Calcinato;017032;Calcinato;017;Brescia;03;Lombardia
03;Lombardia;017;Brescia;017033;Calvagese della Riviera;017033;Calvagese della Riviera;017;Brescia;03;Lombardia
03;Lombardia;017;Brescia;017034;Calvisano;017034;Calvisano;017;Brescia;03;Lombardia
03;Lombardia;017;Brescia;017035;Capo di Ponte;017035;Capo di Ponte;017;Brescia;03;Lombardia
03;Lombardia;017;Brescia;017036;Capovalle;017036;Capovalle;017;Brescia;03;Lombardia
03;Lombardia;017;Brescia;017037;Capriano del Colle;017037;Capriano del Colle;017;Brescia;03;Lombardia
03;Lombardia;017;Brescia;017038;Capriolo;017038;Capriolo;017;Brescia;03;Lombardia
03;Lombardia;017;Brescia;017039;Carpenedolo;017039;Carpenedolo;017;Brescia;03;Lombardia
03;Lombardia;017;Brescia;017040;Castegnato;017040;Castegnato;017;Brescia;03;Lombardia
03;Lombardia;017;Brescia;017041;Castelcovati;017041;Castelcovati;017;Brescia;03;Lombardia
03;Lombardia;017;Brescia;017042;Castel Mella;017042;Castel Mella;017;Brescia;03;Lombardia
03;Lombardia;017;Brescia;017043;Castenedolo;017043;Castenedolo;017;Brescia;03;Lombardia
03;Lombardia;017;Brescia;017044;Casto;017044;Casto;017;Brescia;03;Lombardia
03;Lombardia;017;Brescia;017045;Castrezzato;017045;Castrezzato;017;Brescia;03;Lombardia
03;Lombardia;017;Brescia;017046;Cazzago San Martino;017046;Cazzago San Martino;017;Brescia;03;Lombardia
03;Lombardia;017;Brescia;017047;Cedegolo;017047;Cedegolo;017;Brescia;03;Lombardia
03;Lombardia;017;Brescia;017048;Cellatica;017048;Cellatica;017;Brescia;03;Lombardia
03;Lombardia;017;Brescia;017049;Cerveno;017049;Cerveno;017;Brescia;03;Lombardia
03;Lombardia;017;Brescia;017050;Ceto;017050;Ceto;017;Brescia;03;Lombardia
03;Lombardia;017;Brescia;017051;Cevo;017051;Cevo;017;Brescia;03;Lombardia
03;Lombardia;017;Brescia;017052;Chiari;017052;Chiari;017;Brescia;03;Lombardia
03;Lombardia;017;Brescia;017053;Cigole;017053;Cigole;017;Brescia;03;Lombardia
03;Lombardia;017;Brescia;017054;Cimbergo;017054;Cimbergo;017;Brescia;03;Lombardia
03;Lombardia;017;Brescia;017055;Cividate Camuno;017055;Cividate Camuno;017;Brescia;03;Lombardia
03;Lombardia;017;Brescia;017056;Coccaglio;017056;Coccaglio;017;Brescia;03;Lombardia
03;Lombardia;017;Brescia;017057;Collebeato;017057;Collebeato;017;Brescia;03;Lombardia
03;Lombardia;017;Brescia;017058;Collio;017058;Collio;017;Brescia;03;Lombardia
03;Lombardia;017;Brescia;017059;Cologne;017059;Cologne;017;Brescia;03;Lombardia
03;Lombardia;017;Brescia;017060;Comezzano-Cizzago;017060;Comezzano-Cizzago;017;Brescia;03;Lombardia
03;Lombardia;017;Brescia;017061;Concesio;017061;Concesio;017;Brescia;03;Lombardia
03;Lombardia;017;Brescia;017062;Corte Franca;017062;Corte Franca;017;Brescia;03;Lombardia
03;Lombardia;017;Brescia;017063;Corteno Golgi;017063;Corteno Golgi;017;Brescia;03;Lombardia
03;Lombardia;017;Brescia;017064;Corzano;017064;Corzano;017;Brescia;03;Lombardia
03;Lombardia;017;Brescia;017065;Darfo Boario Terme;017065;Darfo Boario Terme;017;Brescia;03;Lombardia
03;Lombardia;017;Brescia;017066;Dello;017066;Dello;017;Brescia;03;Lombardia
03;Lombardia;017;Brescia;017067;Desenzano del Garda;017067;Desenzano del Garda;017;Brescia;03;Lombardia
03;Lombardia;017;Brescia;017068;Edolo;017068;Edolo;017;Brescia;03;Lombardia
03;Lombardia;017;Brescia;017069;Erbusco;017069;Erbusco;017;Brescia;03;Lombardia
03;Lombardia;017;Brescia;017070;Esine;017070;Esine;017;Brescia;03;Lombardia
03;Lombardia;017;Brescia;017071;Fiesse;017071;Fiesse;017;Brescia;03;Lombardia
03;Lombardia;017;Brescia;017072;Flero;017072;Flero;017;Brescia;03;Lombardia
03;Lombardia;017;Brescia;017073;Gambara;017073;Gambara;017;Brescia;03;Lombardia
03;Lombardia;017;Brescia;017074;Gardone Riviera;017074;Gardone Riviera;017;Brescia;03;Lombardia
03;Lombardia;017;Brescia;017075;Gardone Val Trompia;017075;Gardone Val Trompia;017;Brescia;03;Lombardia
03;Lombardia;017;Brescia;017076;Gargnano;017076;Gargnano;017;Brescia;03;Lombardia
03;Lombardia;017;Brescia;017077;Gavardo;017077;Gavardo;017;Brescia;03;Lombardia
03;Lombardia;017;Brescia;017078;Ghedi;017078;Ghedi;017;Brescia;03;Lombardia
03;Lombardia;017;Brescia;017079;Gianico;017079;Gianico;017;Brescia;03;Lombardia
03;Lombardia;017;Brescia;017080;Gottolengo;017080;Gottolengo;017;Brescia;03;Lombardia
03;Lombardia;017;Brescia;017081;Gussago;017081;Gussago;017;Brescia;03;Lombardia
03;Lombardia;017;Brescia;017082;Idro;017082;Idro;017;Brescia;03;Lombardia
03;Lombardia;017;Brescia;017083;Incudine;017083;Incudine;017;Brescia;03;Lombardia
03;Lombardia;017;Brescia;017084;Irma;017084;Irma;017;Brescia;03;Lombardia
03;Lombardia;017;Brescia;017085;Iseo;017085;Iseo;017;Brescia;03;Lombardia
03;Lombardia;017;Brescia;017086;Isorella;017086;Isorella;017;Brescia;03;Lombardia
03;Lombardia;017;Brescia;017087;Lavenone;017087;Lavenone;017;Brescia;03;Lombardia
03;Lombardia;017;Brescia;017088;Leno;017088;Leno;017;Brescia;03;Lombardia
03;Lombardia;017;Brescia;017089;Limone sul Garda;017089;Limone sul Garda;017;Brescia;03;Lombardia
03;Lombardia;017;Brescia;017090;Lodrino;017090;Lodrino;017;Brescia;03;Lombardia
03;Lombardia;017;Brescia;017091;Lograto;017091;Lograto;017;Brescia;03;Lombardia
03;Lombardia;017;Brescia;017092;Lonato del Garda;017092;Lonato del Garda;017;Brescia;03;Lombardia
03;Lombardia;017;Brescia;017093;Longhena;017093;Longhena;017;Brescia;03;Lombardia
03;Lombardia;017;Brescia;017094;Losine;017094;Losine;017;Brescia;03;Lombardia
03;Lombardia;017;Brescia;017095;Lozio;017095;Lozio;017;Brescia;03;Lombardia
03;Lombardia;017;Brescia;017096;Lumezzane;017096;Lumezzane;017;Brescia;03;Lombardia
03;Lombardia;017;Brescia;017097;Maclodio;017097;Maclodio;017;Brescia;03;Lombardia
03;Lombardia;017;Brescia;017098;Magasa;017098;Magasa;017;Brescia;03;Lombardia
03;Lombardia;017;Brescia;017099;Mairano;017099;Mairano;017;Brescia;03;Lombardia
03;Lombardia;017;Brescia;017100;Malegno;017100;Malegno;017;Brescia;03;Lombardia
03;Lombardia;017;Brescia;017101;Malonno;017101;Malonno;017;Brescia;03;Lombardia
03;Lombardia;017;Brescia;017102;Manerba del Garda;017102;Manerba del Garda;017;Brescia;03;Lombardia
03;Lombardia;017;Brescia;017103;Manerbio;017103;Manerbio;017;Brescia;03;Lombardia
03;Lombardia;017;Brescia;017104;Marcheno;017104;Marcheno;017;Brescia;03;Lombardia
03;Lombardia;017;Brescia;017105;Marmentino;017105;Marmentino;017;Brescia;03;Lombardia
03;Lombardia;017;Brescia;017106;Marone;017106;Marone;017;Brescia;03;Lombardia
03;Lombardia;017;Brescia;017107;Mazzano;017107;Mazzano;017;Brescia;03;Lombardia
03;Lombardia;017;Brescia;017108;Milzano;017108;Milzano;017;Brescia;03;Lombardia
03;Lombardia;017;Brescia;017109;Moniga del Garda;017109;Moniga del Garda;017;Brescia;03;Lombardia
03;Lombardia;017;Brescia;017110;Monno;017110;Monno;017;Brescia;03;Lombardia
03;Lombardia;017;Brescia;017111;Monte Isola;017111;Monte Isola;017;Brescia;03;Lombardia
03;Lombardia;017;Brescia;017112;Monticelli Brusati;017112;Monticelli Brusati;017;Brescia;03;Lombardia
03;Lombardia;017;Brescia;017113;Montichiari;017113;Montichiari;017;Brescia;03;Lombardia
03;Lombardia;017;Brescia;017114;Montirone;017114;Montirone;017;Brescia;03;Lombardia
03;Lombardia;017;Brescia;017115;Mura;017115;Mura;017;Brescia;03;Lombardia
03;Lombardia;017;Brescia;017116;Muscoline;017116;Muscoline;017;Brescia;03;Lombardia
03;Lombardia;017;Brescia;017117;Nave;017117;Nave;017;Brescia;03;Lombardia
03;Lombardia;017;Brescia;017118;Niardo;017118;Niardo;017;Brescia;03;Lombardia
03;Lombardia;017;Brescia;017119;Nuvolento;017119;Nuvolento;017;Brescia;03;Lombardia
03;Lombardia;017;Brescia;017120;Nuvolera;017120;Nuvolera;017;Brescia;03;Lombardia
03;Lombardia;017;Brescia;017121;Odolo;017121;Odolo;017;Brescia;03;Lombardia
03;Lombardia;017;Brescia;017122;Offlaga;017122;Offlaga;017;Brescia;03;Lombardia
03;Lombardia;017;Brescia;017123;Ome;017123;Ome;017;Brescia;03;Lombardia
03;Lombardia;017;Brescia;017124;Ono San Pietro;017124;Ono San Pietro;017;Brescia;03;Lombardia
03;Lombardia;017;Brescia;017125;Orzinuovi;017125;Orzinuovi;017;Brescia;03;Lombardia
03;Lombardia;017;Brescia;017126;Orzivecchi;017126;Orzivecchi;017;Brescia;03;Lombardia
03;Lombardia;017;Brescia;017127;Ospitaletto;017127;Ospitaletto;017;Brescia;03;Lombardia
03;Lombardia;017;Brescia;017128;Ossimo;017128;Ossimo;017;Brescia;03;Lombardia
03;Lombardia;017;Brescia;017129;Padenghe sul Garda;017129;Padenghe sul Garda;017;Brescia;03;Lombardia
03;Lombardia;017;Brescia;017130;Paderno Franciacorta;017130;Paderno Franciacorta;017;Brescia;03;Lombardia
03;Lombardia;017;Brescia;017131;Paisco Loveno;017131;Paisco Loveno;017;Brescia;03;Lombardia
03;Lombardia;017;Brescia;017132;Paitone;017132;Paitone;017;Brescia;03;Lombardia
03;Lombardia;017;Brescia;017133;Palazzolo sull'Oglio;017133;Palazzolo sull'Oglio;017;Brescia;03;Lombardia
03;Lombardia;017;Brescia;017134;Paratico;017134;Paratico;017;Brescia;03;Lombardia
03;Lombardia;017;Brescia;017135;Paspardo;017135;Paspardo;017;Brescia;03;Lombardia
03;Lombardia;017;Brescia;017136;Passirano;017136;Passirano;017;Brescia;03;Lombardia
03;Lombardia;017;Brescia;017137;Pavone del Mella;017137;Pavone del Mella;017;Brescia;03;Lombardia
03;Lombardia;017;Brescia;017138;San Paolo;017138;San Paolo;017;Brescia;03;Lombardia
03;Lombardia;017;Brescia;017139;Pertica Alta;017139;Pertica Alta;017;Brescia;03;Lombardia
03;Lombardia;017;Brescia;017140;Pertica Bassa;017140;Pertica Bassa;017;Brescia;03;Lombardia
03;Lombardia;017;Brescia;017141;Pezzaze;017141;Pezzaze;017;Brescia;03;Lombardia
03;Lombardia;017;Brescia;017142;Pian Camuno;017142;Pian Camuno;017;Brescia;03;Lombardia
03;Lombardia;017;Brescia;017143;Pisogne;017143;Pisogne;017;Brescia;03;Lombardia
03;Lombardia;017;Brescia;017144;Polaveno;017144;Polaveno;017;Brescia;03;Lombardia
03;Lombardia;017;Brescia;017145;Polpenazze del Garda;017145;Polpenazze del Garda;017;Brescia;03;Lombardia
03;Lombardia;017;Brescia;017146;Pompiano;017146;Pompiano;017;Brescia;03;Lombardia
03;Lombardia;017;Brescia;017147;Poncarale;017147;Poncarale;017;Brescia;03;Lombardia
03;Lombardia;017;Brescia;017148;Ponte di Legno;017148;Ponte di Legno;017;Brescia;03;Lombardia
03;Lombardia;017;Brescia;017149;Pontevico;017149;Pontevico;017;Brescia;03;Lombardia
03;Lombardia;017;Brescia;017150;Pontoglio;017150;Pontoglio;017;Brescia;03;Lombardia
03;Lombardia;017;Brescia;017151;Pozzolengo;017151;Pozzolengo;017;Brescia;03;Lombardia
03;Lombardia;017;Brescia;017152;Pralboino;017152;Pralboino;017;Brescia;03;Lombardia
03;Lombardia;017;Brescia;017153;Preseglie;017153;Preseglie;017;Brescia;03;Lombardia
03;Lombardia;017;Brescia;017154;Prestine;017018;Bienno;017;Brescia;03;Lombardia
03;Lombardia;017;Brescia;017155;Prevalle;017155;Prevalle;017;Brescia;03;Lombardia
03;Lombardia;017;Brescia;017156;Provaglio d'Iseo;017156;Provaglio d'Iseo;017;Brescia;03;Lombardia
03;Lombardia;017;Brescia;017157;Provaglio Val Sabbia;017157;Provaglio Val Sabbia;017;Brescia;03;Lombardia
03;Lombardia;017;Brescia;017158;Puegnago del Garda;017158;Puegnago del Garda;017;Brescia;03;Lombardia
03;Lombardia;017;Brescia;017159;Quinzano d'Oglio;017159;Quinzano d'Oglio;017;Brescia;03;Lombardia
03;Lombardia;017;Brescia;017160;Remedello;017160;Remedello;017;Brescia;03;Lombardia
03;Lombardia;017;Brescia;017161;Rezzato;017161;Rezzato;017;Brescia;03;Lombardia
03;Lombardia;017;Brescia;017162;Roccafranca;017162;Roccafranca;017;Brescia;03;Lombardia
03;Lombardia;017;Brescia;017163;Rodengo Saiano;017163;Rodengo Saiano;017;Brescia;03;Lombardia
03;Lombardia;017;Brescia;017164;Roè Volciano;017164;Roè Volciano;017;Brescia;03;Lombardia
03;Lombardia;017;Brescia;017165;Roncadelle;017165;Roncadelle;017;Brescia;03;Lombardia
03;Lombardia;017;Brescia;017166;Rovato;017166;Rovato;017;Brescia;03;Lombardia
03;Lombardia;017;Brescia;017167;Rudiano;017167;Rudiano;017;Brescia;03;Lombardia
03;Lombardia;017;Brescia;017168;Sabbio Chiese;017168;Sabbio Chiese;017;Brescia;03;Lombardia
03;Lombardia;017;Brescia;017169;Sale Marasino;017169;Sale Marasino;017;Brescia;03;Lombardia
03;Lombardia;017;Brescia;017170;Salò;017170;Salò;017;Brescia;03;Lombardia
03;Lombardia;017;Brescia;017171;San Felice del Benaco;017171;San Felice del Benaco;017;Brescia;03;Lombardia
03;Lombardia;017;Brescia;017172;San Gervasio Bresciano;017172;San Gervasio Bresciano;017;Brescia;03;Lombardia
03;Lombardia;017;Brescia;017173;San Zeno Naviglio;017173;San Zeno Naviglio;017;Brescia;03;Lombardia
03;Lombardia;017;Brescia;017174;Sarezzo;017174;Sarezzo;017;Brescia;03;Lombardia
03;Lombardia;017;Brescia;017175;Saviore dell'Adamello;017175;Saviore dell'Adamello;017;Brescia;03;Lombardia
03;Lombardia;017;Brescia;017176;Sellero;017176;Sellero;017;Brescia;03;Lombardia
03;Lombardia;017;Brescia;017177;Seniga;017177;Seniga;017;Brescia;03;Lombardia
03;Lombardia;017;Brescia;017178;Serle;017178;Serle;017;Brescia;03;Lombardia
03;Lombardia;017;Brescia;017179;Sirmione;017179;Sirmione;017;Brescia;03;Lombardia
03;Lombardia;017;Brescia;017180;Soiano del Lago;017180;Soiano del Lago;017;Brescia;03;Lombardia
03;Lombardia;017;Brescia;017181;Sonico;017181;Sonico;017;Brescia;03;Lombardia
03;Lombardia;017;Brescia;017182;Sulzano;017182;Sulzano;017;Brescia;03;Lombardia
03;Lombardia;017;Brescia;017183;Tavernole sul Mella;017183;Tavernole sul Mella;017;Brescia;03;Lombardia
03;Lombardia;017;Brescia;017184;Temù;017184;Temù;017;Brescia;03;Lombardia
03;Lombardia;017;Brescia;017185;Tignale;017185;Tignale;017;Brescia;03;Lombardia
03;Lombardia;017;Brescia;017186;Torbole Casaglia;017186;Torbole Casaglia;017;Brescia;03;Lombardia
03;Lombardia;017;Brescia;017187;Toscolano-Maderno;017187;Toscolano-Maderno;017;Brescia;03;Lombardia
03;Lombardia;017;Brescia;017188;Travagliato;017188;Travagliato;017;Brescia;03;Lombardia
03;Lombardia;017;Brescia;017189;Tremosine;017189;Tremosine sul Garda;017;Brescia;03;Lombardia
03;Lombardia;017;Brescia;017190;Trenzano;017190;Trenzano;017;Brescia;03;Lombardia
03;Lombardia;017;Brescia;017191;Treviso Bresciano;017191;Treviso Bresciano;017;Brescia;03;Lombardia
03;Lombardia;017;Brescia;017192;Urago d'Oglio;017192;Urago d'Oglio;017;Brescia;03;Lombardia
03;Lombardia;017;Brescia;017193;Vallio Terme;017193;Vallio Terme;017;Brescia;03;Lombardia
03;Lombardia;017;Brescia;017194;Valvestino;017194;Valvestino;017;Brescia;03;Lombardia
03;Lombardia;017;Brescia;017195;Verolanuova;017195;Verolanuova;017;Brescia;03;Lombardia
03;Lombardia;017;Brescia;017196;Verolavecchia;017196;Verolavecchia;017;Brescia;03;Lombardia
03;Lombardia;017;Brescia;017197;Vestone;017197;Vestone;017;Brescia;03;Lombardia
03;Lombardia;017;Brescia;017198;Vezza d'Oglio;017198;Vezza d'Oglio;017;Brescia;03;Lombardia
03;Lombardia;017;Brescia;017199;Villa Carcina;017199;Villa Carcina;017;Brescia;03;Lombardia
03;Lombardia;017;Brescia;017200;Villachiara;017200;Villachiara;017;Brescia;03;Lombardia
03;Lombardia;017;Brescia;017201;Villanuova sul Clisi;017201;Villanuova sul Clisi;017;Brescia;03;Lombardia
03;Lombardia;017;Brescia;017202;Vione;017202;Vione;017;Brescia;03;Lombardia
03;Lombardia;017;Brescia;017203;Visano;017203;Visano;017;Brescia;03;Lombardia
03;Lombardia;017;Brescia;017204;Vobarno;017204;Vobarno;017;Brescia;03;Lombardia
03;Lombardia;017;Brescia;017205;Zone;017205;Zone;017;Brescia;03;Lombardia
03;Lombardia;017;Brescia;017206;Piancogno;017206;Piancogno;017;Brescia;03;Lombardia
03;Lombardia;018;Pavia;018001;Alagna;018001;Alagna;018;Pavia;03;Lombardia
03;Lombardia;018;Pavia;018002;Albaredo Arnaboldi;018002;Albaredo Arnaboldi;018;Pavia;03;Lombardia
03;Lombardia;018;Pavia;018003;Albonese;018003;Albonese;018;Pavia;03;Lombardia
03;Lombardia;018;Pavia;018004;Albuzzano;018004;Albuzzano;018;Pavia;03;Lombardia
03;Lombardia;018;Pavia;018005;Arena Po;018005;Arena Po;018;Pavia;03;Lombardia
03;Lombardia;018;Pavia;018006;Badia Pavese;018006;Badia Pavese;018;Pavia;03;Lombardia
03;Lombardia;018;Pavia;018007;Bagnaria;018007;Bagnaria;018;Pavia;03;Lombardia
03;Lombardia;018;Pavia;018008;Barbianello;018008;Barbianello;018;Pavia;03;Lombardia
03;Lombardia;018;Pavia;018009;Bascapè;018009;Bascapè;018;Pavia;03;Lombardia
03;Lombardia;018;Pavia;018010;Bastida de' Dossi;018191;Cornale e Bastida;018;Pavia;03;Lombardia
03;Lombardia;018;Pavia;018011;Bastida Pancarana;018011;Bastida Pancarana;018;Pavia;03;Lombardia
03;Lombardia;018;Pavia;018012;Battuda;018012;Battuda;018;Pavia;03;Lombardia
03;Lombardia;018;Pavia;018013;Belgioioso;018013;Belgioioso;018;Pavia;03;Lombardia
03;Lombardia;018;Pavia;018014;Bereguardo;018014;Bereguardo;018;Pavia;03;Lombardia
03;Lombardia;018;Pavia;018015;Borgarello;018015;Borgarello;018;Pavia;03;Lombardia
03;Lombardia;018;Pavia;018016;Borgo Priolo;018016;Borgo Priolo;018;Pavia;03;Lombardia
03;Lombardia;018;Pavia;018017;Borgoratto Mormorolo;018017;Borgoratto Mormorolo;018;Pavia;03;Lombardia
03;Lombardia;018;Pavia;018018;Borgo San Siro;018018;Borgo San Siro;018;Pavia;03;Lombardia
03;Lombardia;018;Pavia;018019;Bornasco;018019;Bornasco;018;Pavia;03;Lombardia
03;Lombardia;018;Pavia;018020;Bosnasco;018020;Bosnasco;018;Pavia;03;Lombardia
03;Lombardia;018;Pavia;018021;Brallo di Pregola;018021;Brallo di Pregola;018;Pavia;03;Lombardia
03;Lombardia;018;Pavia;018022;Breme;018022;Breme;018;Pavia;03;Lombardia
03;Lombardia;018;Pavia;018023;Bressana Bottarone;018023;Bressana Bottarone;018;Pavia;03;Lombardia
03;Lombardia;018;Pavia;018024;Broni;018024;Broni;018;Pavia;03;Lombardia
03;Lombardia;018;Pavia;018025;Calvignano;018025;Calvignano;018;Pavia;03;Lombardia
03;Lombardia;018;Pavia;018026;Campospinoso;018026;Campospinoso;018;Pavia;03;Lombardia
03;Lombardia;018;Pavia;018027;Candia Lomellina;018027;Candia Lomellina;018;Pavia;03;Lombardia
03;Lombardia;018;Pavia;018028;Canevino;018193;Colli Verdi;018;Pavia;03;Lombardia
03;Lombardia;018;Pavia;018029;Canneto Pavese;018029;Canneto Pavese;018;Pavia;03;Lombardia
03;Lombardia;018;Pavia;018030;Carbonara al Ticino;018030;Carbonara al Ticino;018;Pavia;03;Lombardia
03;Lombardia;018;Pavia;018031;Casanova Lonati;018031;Casanova Lonati;018;Pavia;03;Lombardia
03;Lombardia;018;Pavia;018032;Casatisma;018032;Casatisma;018;Pavia;03;Lombardia
03;Lombardia;018;Pavia;018033;Casei Gerola;018033;Casei Gerola;018;Pavia;03;Lombardia
03;Lombardia;018;Pavia;018034;Casorate Primo;018034;Casorate Primo;018;Pavia;03;Lombardia
03;Lombardia;018;Pavia;018035;Cassolnovo;018035;Cassolnovo;018;Pavia;03;Lombardia
03;Lombardia;018;Pavia;018036;Castana;018036;Castana;018;Pavia;03;Lombardia
03;Lombardia;018;Pavia;018037;Casteggio;018037;Casteggio;018;Pavia;03;Lombardia
03;Lombardia;018;Pavia;018038;Castelletto di Branduzzo;018038;Castelletto di Branduzzo;018;Pavia;03;Lombardia
03;Lombardia;018;Pavia;018039;Castello d'Agogna;018039;Castello d'Agogna;018;Pavia;03;Lombardia
03;Lombardia;018;Pavia;018040;Castelnovetto;018040;Castelnovetto;018;Pavia;03;Lombardia
03;Lombardia;018;Pavia;018041;Cava Manara;018041;Cava Manara;018;Pavia;03;Lombardia
03;Lombardia;018;Pavia;018042;Cecima;018042;Cecima;018;Pavia;03;Lombardia
03;Lombardia;018;Pavia;018043;Ceranova;018043;Ceranova;018;Pavia;03;Lombardia
03;Lombardia;018;Pavia;018044;Ceretto Lomellina;018044;Ceretto Lomellina;018;Pavia;03;Lombardia
03;Lombardia;018;Pavia;018045;Cergnago;018045;Cergnago;018;Pavia;03;Lombardia
03;Lombardia;018;Pavia;018046;Certosa di Pavia;018046;Certosa di Pavia;018;Pavia;03;Lombardia
03;Lombardia;018;Pavia;018047;Cervesina;018047;Cervesina;018;Pavia;03;Lombardia
03;Lombardia;018;Pavia;018048;Chignolo Po;018048;Chignolo Po;018;Pavia;03;Lombardia
03;Lombardia;018;Pavia;018049;Cigognola;018049;Cigognola;018;Pavia;03;Lombardia
03;Lombardia;018;Pavia;018050;Cilavegna;018050;Cilavegna;018;Pavia;03;Lombardia
03;Lombardia;018;Pavia;018051;Codevilla;018051;Codevilla;018;Pavia;03;Lombardia
03;Lombardia;018;Pavia;018052;Confienza;018052;Confienza;018;Pavia;03;Lombardia
03;Lombardia;018;Pavia;018053;Copiano;018053;Copiano;018;Pavia;03;Lombardia
03;Lombardia;018;Pavia;018054;Corana;018054;Corana;018;Pavia;03;Lombardia
03;Lombardia;018;Pavia;018055;Cornale;018191;Cornale e Bastida;018;Pavia;03;Lombardia
03;Lombardia;018;Pavia;018056;Corteolona;018192;Corteolona e Genzone;018;Pavia;03;Lombardia
03;Lombardia;018;Pavia;018057;Corvino San Quirico;018057;Corvino San Quirico;018;Pavia;03;Lombardia
03;Lombardia;018;Pavia;018058;Costa de' Nobili;018058;Costa de' Nobili;018;Pavia;03;Lombardia
03;Lombardia;018;Pavia;018059;Cozzo;018059;Cozzo;018;Pavia;03;Lombardia
03;Lombardia;018;Pavia;018060;Cura Carpignano;018060;Cura Carpignano;018;Pavia;03;Lombardia
03;Lombardia;018;Pavia;018061;Dorno;018061;Dorno;018;Pavia;03;Lombardia
03;Lombardia;018;Pavia;018062;Ferrera Erbognone;018062;Ferrera Erbognone;018;Pavia;03;Lombardia
03;Lombardia;018;Pavia;018063;Filighera;018063;Filighera;018;Pavia;03;Lombardia
03;Lombardia;018;Pavia;018064;Fortunago;018064;Fortunago;018;Pavia;03;Lombardia
03;Lombardia;018;Pavia;018065;Frascarolo;018065;Frascarolo;018;Pavia;03;Lombardia
03;Lombardia;018;Pavia;018066;Galliavola;018066;Galliavola;018;Pavia;03;Lombardia
03;Lombardia;018;Pavia;018067;Gambarana;018067;Gambarana;018;Pavia;03;Lombardia
03;Lombardia;018;Pavia;018068;Gambolò;018068;Gambolò;018;Pavia;03;Lombardia
03;Lombardia;018;Pavia;018069;Garlasco;018069;Garlasco;018;Pavia;03;Lombardia
03;Lombardia;018;Pavia;018070;Genzone;018192;Corteolona e Genzone;018;Pavia;03;Lombardia
03;Lombardia;018;Pavia;018071;Gerenzago;018071;Gerenzago;018;Pavia;03;Lombardia
03;Lombardia;018;Pavia;018072;Giussago;018072;Giussago;018;Pavia;03;Lombardia
03;Lombardia;018;Pavia;018073;Godiasco;018073;Godiasco Salice Terme;018;Pavia;03;Lombardia
03;Lombardia;018;Pavia;018074;Golferenzo;018074;Golferenzo;018;Pavia;03;Lombardia
03;Lombardia;018;Pavia;018075;Gravellona Lomellina;018075;Gravellona Lomellina;018;Pavia;03;Lombardia
03;Lombardia;018;Pavia;018076;Gropello Cairoli;018076;Gropello Cairoli;018;Pavia;03;Lombardia
03;Lombardia;018;Pavia;018077;Inverno e Monteleone;018077;Inverno e Monteleone;018;Pavia;03;Lombardia
03;Lombardia;018;Pavia;018078;Landriano;018078;Landriano;018;Pavia;03;Lombardia
03;Lombardia;018;Pavia;018079;Langosco;018079;Langosco;018;Pavia;03;Lombardia
03;Lombardia;018;Pavia;018080;Lardirago;018080;Lardirago;018;Pavia;03;Lombardia
03;Lombardia;018;Pavia;018081;Linarolo;018081;Linarolo;018;Pavia;03;Lombardia
03;Lombardia;018;Pavia;018082;Lirio;018082;Lirio;018;Pavia;03;Lombardia
03;Lombardia;018;Pavia;018083;Lomello;018083;Lomello;018;Pavia;03;Lombardia
03;Lombardia;018;Pavia;018084;Lungavilla;018084;Lungavilla;018;Pavia;03;Lombardia
03;Lombardia;018;Pavia;018085;Magherno;018085;Magherno;018;Pavia;03;Lombardia
03;Lombardia;018;Pavia;018086;Marcignago;018086;Marcignago;018;Pavia;03;Lombardia
03;Lombardia;018;Pavia;018087;Marzano;018087;Marzano;018;Pavia;03;Lombardia
03;Lombardia;018;Pavia;018088;Mede;018088;Mede;018;Pavia;03;Lombardia
03;Lombardia;018;Pavia;018089;Menconico;018089;Menconico;018;Pavia;03;Lombardia
03;Lombardia;018;Pavia;018090;Mezzana Bigli;018090;Mezzana Bigli;018;Pavia;03;Lombardia
03;Lombardia;018;Pavia;018091;Mezzana Rabattone;018091;Mezzana Rabattone;018;Pavia;03;Lombardia
03;Lombardia;018;Pavia;018092;Mezzanino;018092;Mezzanino;018;Pavia;03;Lombardia
03;Lombardia;018;Pavia;018093;Miradolo Terme;018093;Miradolo Terme;018;Pavia;03;Lombardia
03;Lombardia;018;Pavia;018094;Montalto Pavese;018094;Montalto Pavese;018;Pavia;03;Lombardia
03;Lombardia;018;Pavia;018095;Montebello della Battaglia;018095;Montebello della Battaglia;018;Pavia;03;Lombardia
03;Lombardia;018;Pavia;018096;Montecalvo Versiggia;018096;Montecalvo Versiggia;018;Pavia;03;Lombardia
03;Lombardia;018;Pavia;018097;Montescano;018097;Montescano;018;Pavia;03;Lombardia
03;Lombardia;018;Pavia;018098;Montesegale;018098;Montesegale;018;Pavia;03;Lombardia
03;Lombardia;018;Pavia;018099;Monticelli Pavese;018099;Monticelli Pavese;018;Pavia;03;Lombardia
03;Lombardia;018;Pavia;018100;Montù Beccaria;018100;Montù Beccaria;018;Pavia;03;Lombardia
03;Lombardia;018;Pavia;018101;Mornico Losana;018101;Mornico Losana;018;Pavia;03;Lombardia
03;Lombardia;018;Pavia;018102;Mortara;018102;Mortara;018;Pavia;03;Lombardia
03;Lombardia;018;Pavia;018103;Nicorvo;018103;Nicorvo;018;Pavia;03;Lombardia
03;Lombardia;018;Pavia;018104;Olevano di Lomellina;018104;Olevano di Lomellina;018;Pavia;03;Lombardia
03;Lombardia;018;Pavia;018105;Oliva Gessi;018105;Oliva Gessi;018;Pavia;03;Lombardia
03;Lombardia;018;Pavia;018106;Ottobiano;018106;Ottobiano;018;Pavia;03;Lombardia
03;Lombardia;018;Pavia;018107;Palestro;018107;Palestro;018;Pavia;03;Lombardia
03;Lombardia;018;Pavia;018108;Pancarana;018108;Pancarana;018;Pavia;03;Lombardia
03;Lombardia;018;Pavia;018109;Parona;018109;Parona;018;Pavia;03;Lombardia
03;Lombardia;018;Pavia;018110;Pavia;018110;Pavia;018;Pavia;03;Lombardia
03;Lombardia;018;Pavia;018111;Pietra de' Giorgi;018111;Pietra de' Giorgi;018;Pavia;03;Lombardia
03;Lombardia;018;Pavia;018112;Pieve Albignola;018112;Pieve Albignola;018;Pavia;03;Lombardia
03;Lombardia;018;Pavia;018113;Pieve del Cairo;018113;Pieve del Cairo;018;Pavia;03;Lombardia
03;Lombardia;018;Pavia;018114;Pieve Porto Morone;018114;Pieve Porto Morone;018;Pavia;03;Lombardia
03;Lombardia;018;Pavia;018115;Pinarolo Po;018115;Pinarolo Po;018;Pavia;03;Lombardia
03;Lombardia;018;Pavia;018116;Pizzale;018116;Pizzale;018;Pavia;03;Lombardia
03;Lombardia;018;Pavia;018117;Ponte Nizza;018117;Ponte Nizza;018;Pavia;03;Lombardia
03;Lombardia;018;Pavia;018118;Portalbera;018118;Portalbera;018;Pavia;03;Lombardia
03;Lombardia;018;Pavia;018119;Rea;018119;Rea;018;Pavia;03;Lombardia
03;Lombardia;018;Pavia;018120;Redavalle;018120;Redavalle;018;Pavia;03;Lombardia
03;Lombardia;018;Pavia;018121;Retorbido;018121;Retorbido;018;Pavia;03;Lombardia
03;Lombardia;018;Pavia;018122;Rivanazzano Terme;018122;Rivanazzano Terme;018;Pavia;03;Lombardia
03;Lombardia;018;Pavia;018123;Robbio;018123;Robbio;018;Pavia;03;Lombardia
03;Lombardia;018;Pavia;018124;Robecco Pavese;018124;Robecco Pavese;018;Pavia;03;Lombardia
03;Lombardia;018;Pavia;018125;Rocca de' Giorgi;018125;Rocca de' Giorgi;018;Pavia;03;Lombardia
03;Lombardia;018;Pavia;018126;Rocca Susella;018126;Rocca Susella;018;Pavia;03;Lombardia
03;Lombardia;018;Pavia;018127;Rognano;018127;Rognano;018;Pavia;03;Lombardia
03;Lombardia;018;Pavia;018128;Romagnese;018128;Romagnese;018;Pavia;03;Lombardia
03;Lombardia;018;Pavia;018129;Roncaro;018129;Roncaro;018;Pavia;03;Lombardia
03;Lombardia;018;Pavia;018130;Rosasco;018130;Rosasco;018;Pavia;03;Lombardia
03;Lombardia;018;Pavia;018131;Rovescala;018131;Rovescala;018;Pavia;03;Lombardia
03;Lombardia;018;Pavia;018132;Ruino;018193;Colli Verdi;018;Pavia;03;Lombardia
03;Lombardia;018;Pavia;018133;San Cipriano Po;018133;San Cipriano Po;018;Pavia;03;Lombardia
03;Lombardia;018;Pavia;018134;San Damiano al Colle;018134;San Damiano al Colle;018;Pavia;03;Lombardia
03;Lombardia;018;Pavia;018135;San Genesio ed Uniti;018135;San Genesio ed Uniti;018;Pavia;03;Lombardia
03;Lombardia;018;Pavia;018136;San Giorgio di Lomellina;018136;San Giorgio di Lomellina;018;Pavia;03;Lombardia
03;Lombardia;018;Pavia;018137;San Martino Siccomario;018137;San Martino Siccomario;018;Pavia;03;Lombardia
03;Lombardia;018;Pavia;018138;Sannazzaro de' Burgondi;018138;Sannazzaro de' Burgondi;018;Pavia;03;Lombardia
03;Lombardia;018;Pavia;018139;Santa Cristina e Bissone;018139;Santa Cristina e Bissone;018;Pavia;03;Lombardia
03;Lombardia;018;Pavia;018140;Santa Giuletta;018140;Santa Giuletta;018;Pavia;03;Lombardia
03;Lombardia;018;Pavia;018141;Sant'Alessio con Vialone;018141;Sant'Alessio con Vialone;018;Pavia;03;Lombardia
03;Lombardia;018;Pavia;018142;Santa Margherita di Staffora;018142;Santa Margherita di Staffora;018;Pavia;03;Lombardia
03;Lombardia;018;Pavia;018143;Santa Maria della Versa;018143;Santa Maria della Versa;018;Pavia;03;Lombardia
03;Lombardia;018;Pavia;018144;Sant'Angelo Lomellina;018144;Sant'Angelo Lomellina;018;Pavia;03;Lombardia
03;Lombardia;018;Pavia;018145;San Zenone al Po;018145;San Zenone al Po;018;Pavia;03;Lombardia
03;Lombardia;018;Pavia;018146;Sartirana Lomellina;018146;Sartirana Lomellina;018;Pavia;03;Lombardia
03;Lombardia;018;Pavia;018147;Scaldasole;018147;Scaldasole;018;Pavia;03;Lombardia
03;Lombardia;018;Pavia;018148;Semiana;018148;Semiana;018;Pavia;03;Lombardia
03;Lombardia;018;Pavia;018149;Silvano Pietra;018149;Silvano Pietra;018;Pavia;03;Lombardia
03;Lombardia;018;Pavia;018150;Siziano;018150;Siziano;018;Pavia;03;Lombardia
03;Lombardia;018;Pavia;018151;Sommo;018151;Sommo;018;Pavia;03;Lombardia
03;Lombardia;018;Pavia;018152;Spessa;018152;Spessa;018;Pavia;03;Lombardia
03;Lombardia;018;Pavia;018153;Stradella;018153;Stradella;018;Pavia;03;Lombardia
03;Lombardia;018;Pavia;018154;Suardi;018154;Suardi;018;Pavia;03;Lombardia
03;Lombardia;018;Pavia;018155;Torrazza Coste;018155;Torrazza Coste;018;Pavia;03;Lombardia
03;Lombardia;018;Pavia;018156;Torre Beretti e Castellaro;018156;Torre Beretti e Castellaro;018;Pavia;03;Lombardia
03;Lombardia;018;Pavia;018157;Torre d'Arese;018157;Torre d'Arese;018;Pavia;03;Lombardia
03;Lombardia;018;Pavia;018158;Torre de' Negri;018158;Torre de' Negri;018;Pavia;03;Lombardia
03;Lombardia;018;Pavia;018159;Torre d'Isola;018159;Torre d'Isola;018;Pavia;03;Lombardia
03;Lombardia;018;Pavia;018160;Torrevecchia Pia;018160;Torrevecchia Pia;018;Pavia;03;Lombardia
03;Lombardia;018;Pavia;018161;Torricella Verzate;018161;Torricella Verzate;018;Pavia;03;Lombardia
03;Lombardia;018;Pavia;018162;Travacò Siccomario;018162;Travacò Siccomario;018;Pavia;03;Lombardia
03;Lombardia;018;Pavia;018163;Trivolzio;018163;Trivolzio;018;Pavia;03;Lombardia
03;Lombardia;018;Pavia;018164;Tromello;018164;Tromello;018;Pavia;03;Lombardia
03;Lombardia;018;Pavia;018165;Trovo;018165;Trovo;018;Pavia;03;Lombardia
03;Lombardia;018;Pavia;018166;Val di Nizza;018166;Val di Nizza;018;Pavia;03;Lombardia
03;Lombardia;018;Pavia;018167;Valeggio;018167;Valeggio;018;Pavia;03;Lombardia
03;Lombardia;018;Pavia;018168;Valle Lomellina;018168;Valle Lomellina;018;Pavia;03;Lombardia
03;Lombardia;018;Pavia;018169;Valle Salimbene;018169;Valle Salimbene;018;Pavia;03;Lombardia
03;Lombardia;018;Pavia;018170;Valverde;018193;Colli Verdi;018;Pavia;03;Lombardia
03;Lombardia;018;Pavia;018171;Varzi;018171;Varzi;018;Pavia;03;Lombardia
03;Lombardia;018;Pavia;018172;Velezzo Lomellina;018172;Velezzo Lomellina;018;Pavia;03;Lombardia
03;Lombardia;018;Pavia;018173;Vellezzo Bellini;018173;Vellezzo Bellini;018;Pavia;03;Lombardia
03;Lombardia;018;Pavia;018174;Verretto;018174;Verretto;018;Pavia;03;Lombardia
03;Lombardia;018;Pavia;018175;Verrua Po;018175;Verrua Po;018;Pavia;03;Lombardia
03;Lombardia;018;Pavia;018176;Vidigulfo;018176;Vidigulfo;018;Pavia;03;Lombardia
03;Lombardia;018;Pavia;018177;Vigevano;018177;Vigevano;018;Pavia;03;Lombardia
03;Lombardia;018;Pavia;018178;Villa Biscossi;018178;Villa Biscossi;018;Pavia;03;Lombardia
03;Lombardia;018;Pavia;018179;Villanova d'Ardenghi;018179;Villanova d'Ardenghi;018;Pavia;03;Lombardia
03;Lombardia;018;Pavia;018180;Villanterio;018180;Villanterio;018;Pavia;03;Lombardia
03;Lombardia;018;Pavia;018181;Vistarino;018181;Vistarino;018;Pavia;03;Lombardia
03;Lombardia;018;Pavia;018182;Voghera;018182;Voghera;018;Pavia;03;Lombardia
03;Lombardia;018;Pavia;018183;Volpara;018183;Volpara;018;Pavia;03;Lombardia
03;Lombardia;018;Pavia;018184;Zavattarello;018184;Zavattarello;018;Pavia;03;Lombardia
03;Lombardia;018;Pavia;018185;Zeccone;018185;Zeccone;018;Pavia;03;Lombardia
03;Lombardia;018;Pavia;018186;Zeme;018186;Zeme;018;Pavia;03;Lombardia
03;Lombardia;018;Pavia;018187;Zenevredo;018187;Zenevredo;018;Pavia;03;Lombardia
03;Lombardia;018;Pavia;018188;Zerbo;018188;Zerbo;018;Pavia;03;Lombardia
03;Lombardia;018;Pavia;018189;Zerbolò;018189;Zerbolò;018;Pavia;03;Lombardia
03;Lombardia;018;Pavia;018190;Zinasco;018190;Zinasco;018;Pavia;03;Lombardia
03;Lombardia;019;Cremona;019001;Acquanegra Cremonese;019001;Acquanegra Cremonese;019;Cremona;03;Lombardia
03;Lombardia;019;Cremona;019002;Agnadello;019002;Agnadello;019;Cremona;03;Lombardia
03;Lombardia;019;Cremona;019003;Annicco;019003;Annicco;019;Cremona;03;Lombardia
03;Lombardia;019;Cremona;019004;Azzanello;019004;Azzanello;019;Cremona;03;Lombardia
03;Lombardia;019;Cremona;019005;Bagnolo Cremasco;019005;Bagnolo Cremasco;019;Cremona;03;Lombardia
03;Lombardia;019;Cremona;019006;Bonemerse;019006;Bonemerse;019;Cremona;03;Lombardia
03;Lombardia;019;Cremona;019007;Bordolano;019007;Bordolano;019;Cremona;03;Lombardia
03;Lombardia;019;Cremona;019008;Ca' d'Andrea;019107;Torre de' Picenardi;019;Cremona;03;Lombardia
03;Lombardia;019;Cremona;019009;Calvatone;019009;Calvatone;019;Cremona;03;Lombardia
03;Lombardia;019;Cremona;019010;Camisano;019010;Camisano;019;Cremona;03;Lombardia
03;Lombardia;019;Cremona;019011;Campagnola Cremasca;019011;Campagnola Cremasca;019;Cremona;03;Lombardia
03;Lombardia;019;Cremona;019012;Capergnanica;019012;Capergnanica;019;Cremona;03;Lombardia
03;Lombardia;019;Cremona;019013;Cappella Cantone;019013;Cappella Cantone;019;Cremona;03;Lombardia
03;Lombardia;019;Cremona;019014;Cappella de' Picenardi;019014;Cappella de' Picenardi;019;Cremona;03;Lombardia
03;Lombardia;019;Cremona;019015;Capralba;019015;Capralba;019;Cremona;03;Lombardia
03;Lombardia;019;Cremona;019016;Casalbuttano ed Uniti;019016;Casalbuttano ed Uniti;019;Cremona;03;Lombardia
03;Lombardia;019;Cremona;019017;Casale Cremasco-Vidolasco;019017;Casale Cremasco-Vidolasco;019;Cremona;03;Lombardia
03;Lombardia;019;Cremona;019018;Casaletto Ceredano;019018;Casaletto Ceredano;019;Cremona;03;Lombardia
03;Lombardia;019;Cremona;019019;Casaletto di Sopra;019019;Casaletto di Sopra;019;Cremona;03;Lombardia
03;Lombardia;019;Cremona;019020;Casaletto Vaprio;019020;Casaletto Vaprio;019;Cremona;03;Lombardia
03;Lombardia;019;Cremona;019021;Casalmaggiore;019021;Casalmaggiore;019;Cremona;03;Lombardia
03;Lombardia;019;Cremona;019022;Casalmorano;019022;Casalmorano;019;Cremona;03;Lombardia
03;Lombardia;019;Cremona;019023;Casteldidone;019023;Casteldidone;019;Cremona;03;Lombardia
03;Lombardia;019;Cremona;019024;Castel Gabbiano;019024;Castel Gabbiano;019;Cremona;03;Lombardia
03;Lombardia;019;Cremona;019025;Castelleone;019025;Castelleone;019;Cremona;03;Lombardia
03;Lombardia;019;Cremona;019026;Castelverde;019026;Castelverde;019;Cremona;03;Lombardia
03;Lombardia;019;Cremona;019027;Castelvisconti;019027;Castelvisconti;019;Cremona;03;Lombardia
03;Lombardia;019;Cremona;019028;Cella Dati;019028;Cella Dati;019;Cremona;03;Lombardia
03;Lombardia;019;Cremona;019029;Chieve;019029;Chieve;019;Cremona;03;Lombardia
03;Lombardia;019;Cremona;019030;Cicognolo;019030;Cicognolo;019;Cremona;03;Lombardia
03;Lombardia;019;Cremona;019031;Cingia de' Botti;019031;Cingia de' Botti;019;Cremona;03;Lombardia
03;Lombardia;019;Cremona;019032;Corte de' Cortesi con Cignone;019032;Corte de' Cortesi con Cignone;019;Cremona;03;Lombardia
03;Lombardia;019;Cremona;019033;Corte de' Frati;019033;Corte de' Frati;019;Cremona;03;Lombardia
03;Lombardia;019;Cremona;019034;Credera Rubbiano;019034;Credera Rubbiano;019;Cremona;03;Lombardia
03;Lombardia;019;Cremona;019035;Crema;019035;Crema;019;Cremona;03;Lombardia
03;Lombardia;019;Cremona;019036;Cremona;019036;Cremona;019;Cremona;03;Lombardia
03;Lombardia;019;Cremona;019037;Cremosano;019037;Cremosano;019;Cremona;03;Lombardia
03;Lombardia;019;Cremona;019038;Crotta d'Adda;019038;Crotta d'Adda;019;Cremona;03;Lombardia
03;Lombardia;019;Cremona;019039;Cumignano sul Naviglio;019039;Cumignano sul Naviglio;019;Cremona;03;Lombardia
03;Lombardia;019;Cremona;019040;Derovere;019040;Derovere;019;Cremona;03;Lombardia
03;Lombardia;019;Cremona;019041;Dovera;019041;Dovera;019;Cremona;03;Lombardia
03;Lombardia;019;Cremona;019042;Drizzona;019116;Piadena Drizzona;019;Cremona;03;Lombardia
03;Lombardia;019;Cremona;019043;Fiesco;019043;Fiesco;019;Cremona;03;Lombardia
03;Lombardia;019;Cremona;019044;Formigara;019044;Formigara;019;Cremona;03;Lombardia
03;Lombardia;019;Cremona;019045;Gabbioneta-Binanuova;019045;Gabbioneta-Binanuova;019;Cremona;03;Lombardia
03;Lombardia;019;Cremona;019046;Gadesco-Pieve Delmona;019046;Gadesco-Pieve Delmona;019;Cremona;03;Lombardia
03;Lombardia;019;Cremona;019047;Genivolta;019047;Genivolta;019;Cremona;03;Lombardia
03;Lombardia;019;Cremona;019048;Gerre de' Caprioli;019048;Gerre de' Caprioli;019;Cremona;03;Lombardia
03;Lombardia;019;Cremona;019049;Gombito;019049;Gombito;019;Cremona;03;Lombardia
03;Lombardia;019;Cremona;019050;Grontardo;019050;Grontardo;019;Cremona;03;Lombardia
03;Lombardia;019;Cremona;019051;Grumello Cremonese ed Uniti;019051;Grumello Cremonese ed Uniti;019;Cremona;03;Lombardia
03;Lombardia;019;Cremona;019052;Gussola;019052;Gussola;019;Cremona;03;Lombardia
03;Lombardia;019;Cremona;019053;Isola Dovarese;019053;Isola Dovarese;019;Cremona;03;Lombardia
03;Lombardia;019;Cremona;019054;Izano;019054;Izano;019;Cremona;03;Lombardia
03;Lombardia;019;Cremona;019055;Madignano;019055;Madignano;019;Cremona;03;Lombardia
03;Lombardia;019;Cremona;019056;Malagnino;019056;Malagnino;019;Cremona;03;Lombardia
03;Lombardia;019;Cremona;019057;Martignana di Po;019057;Martignana di Po;019;Cremona;03;Lombardia
03;Lombardia;019;Cremona;019058;Monte Cremasco;019058;Monte Cremasco;019;Cremona;03;Lombardia
03;Lombardia;019;Cremona;019059;Montodine;019059;Montodine;019;Cremona;03;Lombardia
03;Lombardia;019;Cremona;019060;Moscazzano;019060;Moscazzano;019;Cremona;03;Lombardia
03;Lombardia;019;Cremona;019061;Motta Baluffi;019061;Motta Baluffi;019;Cremona;03;Lombardia
03;Lombardia;019;Cremona;019062;Offanengo;019062;Offanengo;019;Cremona;03;Lombardia
03;Lombardia;019;Cremona;019063;Olmeneta;019063;Olmeneta;019;Cremona;03;Lombardia
03;Lombardia;019;Cremona;019064;Ostiano;019064;Ostiano;019;Cremona;03;Lombardia
03;Lombardia;019;Cremona;019065;Paderno Ponchielli;019065;Paderno Ponchielli;019;Cremona;03;Lombardia
03;Lombardia;019;Cremona;019066;Palazzo Pignano;019066;Palazzo Pignano;019;Cremona;03;Lombardia
03;Lombardia;019;Cremona;019067;Pandino;019067;Pandino;019;Cremona;03;Lombardia
03;Lombardia;019;Cremona;019068;Persico Dosimo;019068;Persico Dosimo;019;Cremona;03;Lombardia
03;Lombardia;019;Cremona;019069;Pescarolo ed Uniti;019069;Pescarolo ed Uniti;019;Cremona;03;Lombardia
03;Lombardia;019;Cremona;019070;Pessina Cremonese;019070;Pessina Cremonese;019;Cremona;03;Lombardia
03;Lombardia;019;Cremona;019071;Piadena;019116;Piadena Drizzona;019;Cremona;03;Lombardia
03;Lombardia;019;Cremona;019072;Pianengo;019072;Pianengo;019;Cremona;03;Lombardia
03;Lombardia;019;Cremona;019073;Pieranica;019073;Pieranica;019;Cremona;03;Lombardia
03;Lombardia;019;Cremona;019074;Pieve d'Olmi;019074;Pieve d'Olmi;019;Cremona;03;Lombardia
03;Lombardia;019;Cremona;019075;Pieve San Giacomo;019075;Pieve San Giacomo;019;Cremona;03;Lombardia
03;Lombardia;019;Cremona;019076;Pizzighettone;019076;Pizzighettone;019;Cremona;03;Lombardia
03;Lombardia;019;Cremona;019077;Pozzaglio ed Uniti;019077;Pozzaglio ed Uniti;019;Cremona;03;Lombardia
03;Lombardia;019;Cremona;019078;Quintano;019078;Quintano;019;Cremona;03;Lombardia
03;Lombardia;019;Cremona;019079;Ricengo;019079;Ricengo;019;Cremona;03;Lombardia
03;Lombardia;019;Cremona;019080;Ripalta Arpina;019080;Ripalta Arpina;019;Cremona;03;Lombardia
03;Lombardia;019;Cremona;019081;Ripalta Cremasca;019081;Ripalta Cremasca;019;Cremona;03;Lombardia
03;Lombardia;019;Cremona;019082;Ripalta Guerina;019082;Ripalta Guerina;019;Cremona;03;Lombardia
03;Lombardia;019;Cremona;019083;Rivarolo del Re ed Uniti;019083;Rivarolo del Re ed Uniti;019;Cremona;03;Lombardia
03;Lombardia;019;Cremona;019084;Rivolta d'Adda;019084;Rivolta d'Adda;019;Cremona;03;Lombardia
03;Lombardia;019;Cremona;019085;Robecco d'Oglio;019085;Robecco d'Oglio;019;Cremona;03;Lombardia
03;Lombardia;019;Cremona;019086;Romanengo;019086;Romanengo;019;Cremona;03;Lombardia
03;Lombardia;019;Cremona;019087;Salvirola;019087;Salvirola;019;Cremona;03;Lombardia
03;Lombardia;019;Cremona;019088;San Bassano;019088;San Bassano;019;Cremona;03;Lombardia
03;Lombardia;019;Cremona;019089;San Daniele Po;019089;San Daniele Po;019;Cremona;03;Lombardia
03;Lombardia;019;Cremona;019090;San Giovanni in Croce;019090;San Giovanni in Croce;019;Cremona;03;Lombardia
03;Lombardia;019;Cremona;019091;San Martino del Lago;019091;San Martino del Lago;019;Cremona;03;Lombardia
03;Lombardia;019;Cremona;019092;Scandolara Ravara;019092;Scandolara Ravara;019;Cremona;03;Lombardia
03;Lombardia;019;Cremona;019093;Scandolara Ripa d'Oglio;019093;Scandolara Ripa d'Oglio;019;Cremona;03;Lombardia
03;Lombardia;019;Cremona;019094;Sergnano;019094;Sergnano;019;Cremona;03;Lombardia
03;Lombardia;019;Cremona;019095;Sesto ed Uniti;019095;Sesto ed Uniti;019;Cremona;03;Lombardia
03;Lombardia;019;Cremona;019096;Solarolo Rainerio;019096;Solarolo Rainerio;019;Cremona;03;Lombardia
03;Lombardia;019;Cremona;019097;Soncino;019097;Soncino;019;Cremona;03;Lombardia
03;Lombardia;019;Cremona;019098;Soresina;019098;Soresina;019;Cremona;03;Lombardia
03;Lombardia;019;Cremona;019099;Sospiro;019099;Sospiro;019;Cremona;03;Lombardia
03;Lombardia;019;Cremona;019100;Spinadesco;019100;Spinadesco;019;Cremona;03;Lombardia
03;Lombardia;019;Cremona;019101;Spineda;019101;Spineda;019;Cremona;03;Lombardia
03;Lombardia;019;Cremona;019102;Spino d'Adda;019102;Spino d'Adda;019;Cremona;03;Lombardia
03;Lombardia;019;Cremona;019103;Stagno Lombardo;019103;Stagno Lombardo;019;Cremona;03;Lombardia
03;Lombardia;019;Cremona;019104;Ticengo;019104;Ticengo;019;Cremona;03;Lombardia
03;Lombardia;019;Cremona;019105;Torlino Vimercati;019105;Torlino Vimercati;019;Cremona;03;Lombardia
03;Lombardia;019;Cremona;019106;Tornata;019106;Tornata;019;Cremona;03;Lombardia
03;Lombardia;019;Cremona;019107;Torre de' Picenardi;019107;Torre de' Picenardi;019;Cremona;03;Lombardia
03;Lombardia;019;Cremona;019108;Torricella del Pizzo;019108;Torricella del Pizzo;019;Cremona;03;Lombardia
03;Lombardia;019;Cremona;019109;Trescore Cremasco;019109;Trescore Cremasco;019;Cremona;03;Lombardia
03;Lombardia;019;Cremona;019110;Trigolo;019110;Trigolo;019;Cremona;03;Lombardia
03;Lombardia;019;Cremona;019111;Vaiano Cremasco;019111;Vaiano Cremasco;019;Cremona;03;Lombardia
03;Lombardia;019;Cremona;019112;Vailate;019112;Vailate;019;Cremona;03;Lombardia
03;Lombardia;019;Cremona;019113;Vescovato;019113;Vescovato;019;Cremona;03;Lombardia
03;Lombardia;019;Cremona;019114;Volongo;019114;Volongo;019;Cremona;03;Lombardia
03;Lombardia;019;Cremona;019115;Voltido;019115;Voltido;019;Cremona;03;Lombardia
03;Lombardia;020;Mantova;020001;Acquanegra sul Chiese;020001;Acquanegra sul Chiese;020;Mantova;03;Lombardia
03;Lombardia;020;Mantova;020002;Asola;020002;Asola;020;Mantova;03;Lombardia
03;Lombardia;020;Mantova;020003;Bagnolo San Vito;020003;Bagnolo San Vito;020;Mantova;03;Lombardia
03;Lombardia;020;Mantova;020004;Bigarello;020057;San Giorgio Bigarello;020;Mantova;03;Lombardia
03;Lombardia;020;Mantova;020005;Borgoforte;020071;Borgo Virgilio;020;Mantova;03;Lombardia
03;Lombardia;020;Mantova;020006;Borgofranco sul Po;020073;Borgocarbonara;020;Mantova;03;Lombardia
03;Lombardia;020;Mantova;020007;Bozzolo;020007;Bozzolo;020;Mantova;03;Lombardia
03;Lombardia;020;Mantova;020008;Canneto sull'Oglio;020008;Canneto sull'Oglio;020;Mantova;03;Lombardia
03;Lombardia;020;Mantova;020009;Carbonara di Po;020073;Borgocarbonara;020;Mantova;03;Lombardia
03;Lombardia;020;Mantova;020010;Casalmoro;020010;Casalmoro;020;Mantova;03;Lombardia
03;Lombardia;020;Mantova;020011;Casaloldo;020011;Casaloldo;020;Mantova;03;Lombardia
03;Lombardia;020;Mantova;020012;Casalromano;020012;Casalromano;020;Mantova;03;Lombardia
03;Lombardia;020;Mantova;020013;Castelbelforte;020013;Castelbelforte;020;Mantova;03;Lombardia
03;Lombardia;020;Mantova;020014;Castel d'Ario;020014;Castel d'Ario;020;Mantova;03;Lombardia
03;Lombardia;020;Mantova;020015;Castel Goffredo;020015;Castel Goffredo;020;Mantova;03;Lombardia
03;Lombardia;020;Mantova;020016;Castellucchio;020016;Castellucchio;020;Mantova;03;Lombardia
03;Lombardia;020;Mantova;020017;Castiglione delle Stiviere;020017;Castiglione delle Stiviere;020;Mantova;03;Lombardia
03;Lombardia;020;Mantova;020018;Cavriana;020018;Cavriana;020;Mantova;03;Lombardia
03;Lombardia;020;Mantova;020019;Ceresara;020019;Ceresara;020;Mantova;03;Lombardia
03;Lombardia;020;Mantova;020020;Commessaggio;020020;Commessaggio;020;Mantova;03;Lombardia
03;Lombardia;020;Mantova;020021;Curtatone;020021;Curtatone;020;Mantova;03;Lombardia
03;Lombardia;020;Mantova;020022;Dosolo;020022;Dosolo;020;Mantova;03;Lombardia
03;Lombardia;020;Mantova;020023;Felonica;020061;Sermide e Felonica;020;Mantova;03;Lombardia
03;Lombardia;020;Mantova;020024;Gazoldo degli Ippoliti;020024;Gazoldo degli Ippoliti;020;Mantova;03;Lombardia
03;Lombardia;020;Mantova;020025;Gazzuolo;020025;Gazzuolo;020;Mantova;03;Lombardia
03;Lombardia;020;Mantova;020026;Goito;020026;Goito;020;Mantova;03;Lombardia
03;Lombardia;020;Mantova;020027;Gonzaga;020027;Gonzaga;020;Mantova;03;Lombardia
03;Lombardia;020;Mantova;020028;Guidizzolo;020028;Guidizzolo;020;Mantova;03;Lombardia
03;Lombardia;020;Mantova;020029;Magnacavallo;020029;Magnacavallo;020;Mantova;03;Lombardia
03;Lombardia;020;Mantova;020030;Mantova;020030;Mantova;020;Mantova;03;Lombardia
03;Lombardia;020;Mantova;020031;Marcaria;020031;Marcaria;020;Mantova;03;Lombardia
03;Lombardia;020;Mantova;020032;Mariana Mantovana;020032;Mariana Mantovana;020;Mantova;03;Lombardia
03;Lombardia;020;Mantova;020033;Marmirolo;020033;Marmirolo;020;Mantova;03;Lombardia
03;Lombardia;020;Mantova;020034;Medole;020034;Medole;020;Mantova;03;Lombardia
03;Lombardia;020;Mantova;020035;Moglia;020035;Moglia;020;Mantova;03;Lombardia
03;Lombardia;020;Mantova;020036;Monzambano;020036;Monzambano;020;Mantova;03;Lombardia
03;Lombardia;020;Mantova;020037;Motteggiana;020037;Motteggiana;020;Mantova;03;Lombardia
03;Lombardia;020;Mantova;020038;Ostiglia;020038;Ostiglia;020;Mantova;03;Lombardia
03;Lombardia;020;Mantova;020039;Pegognaga;020039;Pegognaga;020;Mantova;03;Lombardia
03;Lombardia;020;Mantova;020040;Pieve di Coriano;020072;Borgo Mantovano;020;Mantova;03;Lombardia
03;Lombardia;020;Mantova;020041;Piubega;020041;Piubega;020;Mantova;03;Lombardia
03;Lombardia;020;Mantova;020042;Poggio Rusco;020042;Poggio Rusco;020;Mantova;03;Lombardia
03;Lombardia;020;Mantova;020043;Pomponesco;020043;Pomponesco;020;Mantova;03;Lombardia
03;Lombardia;020;Mantova;020044;Ponti sul Mincio;020044;Ponti sul Mincio;020;Mantova;03;Lombardia
03;Lombardia;020;Mantova;020045;Porto Mantovano;020045;Porto Mantovano;020;Mantova;03;Lombardia
03;Lombardia;020;Mantova;020046;Quingentole;020046;Quingentole;020;Mantova;03;Lombardia
03;Lombardia;020;Mantova;020047;Quistello;020047;Quistello;020;Mantova;03;Lombardia
03;Lombardia;020;Mantova;020048;Redondesco;020048;Redondesco;020;Mantova;03;Lombardia
03;Lombardia;020;Mantova;020049;Revere;020072;Borgo Mantovano;020;Mantova;03;Lombardia
03;Lombardia;020;Mantova;020050;Rivarolo Mantovano;020050;Rivarolo Mantovano;020;Mantova;03;Lombardia
03;Lombardia;020;Mantova;020051;Rodigo;020051;Rodigo;020;Mantova;03;Lombardia
03;Lombardia;020;Mantova;020052;Roncoferraro;020052;Roncoferraro;020;Mantova;03;Lombardia
03;Lombardia;020;Mantova;020053;Roverbella;020053;Roverbella;020;Mantova;03;Lombardia
03;Lombardia;020;Mantova;020054;Sabbioneta;020054;Sabbioneta;020;Mantova;03;Lombardia
03;Lombardia;020;Mantova;020055;San Benedetto Po;020055;San Benedetto Po;020;Mantova;03;Lombardia
03;Lombardia;020;Mantova;020056;San Giacomo delle Segnate;020056;San Giacomo delle Segnate;020;Mantova;03;Lombardia
03;Lombardia;020;Mantova;020057;San Giorgio di Mantova;020057;San Giorgio Bigarello;020;Mantova;03;Lombardia
03;Lombardia;020;Mantova;020058;San Giovanni del Dosso;020058;San Giovanni del Dosso;020;Mantova;03;Lombardia
03;Lombardia;020;Mantova;020059;San Martino dall'Argine;020059;San Martino dall'Argine;020;Mantova;03;Lombardia
03;Lombardia;020;Mantova;020060;Schivenoglia;020060;Schivenoglia;020;Mantova;03;Lombardia
03;Lombardia;020;Mantova;020061;Sermide;020061;Sermide e Felonica;020;Mantova;03;Lombardia
03;Lombardia;020;Mantova;020062;Serravalle a Po;020062;Serravalle a Po;020;Mantova;03;Lombardia
03;Lombardia;020;Mantova;020063;Solferino;020063;Solferino;020;Mantova;03;Lombardia
03;Lombardia;020;Mantova;020064;Sustinente;020064;Sustinente;020;Mantova;03;Lombardia
03;Lombardia;020;Mantova;020065;Suzzara;020065;Suzzara;020;Mantova;03;Lombardia
03;Lombardia;020;Mantova;020066;Viadana;020066;Viadana;020;Mantova;03;Lombardia
03;Lombardia;020;Mantova;020067;Villa Poma;020072;Borgo Mantovano;020;Mantova;03;Lombardia
03;Lombardia;020;Mantova;020068;Villimpenta;020068;Villimpenta;020;Mantova;03;Lombardia
03;Lombardia;020;Mantova;020069;Virgilio;020071;Borgo Virgilio;020;Mantova;03;Lombardia
03;Lombardia;020;Mantova;020070;Volta Mantovana;020070;Volta Mantovana;020;Mantova;03;Lombardia
04;Trentino-Alto Adige/Südtirol;021;Bolzano/Bozen;021001;Aldino/Aldein;021001;Aldino/Aldein;021;Bolzano/Bozen;04;Trentino-Alto Adige/Südtirol
04;Trentino-Alto Adige/Südtirol;021;Bolzano/Bozen;021002;Andriano/Andrian;021002;Andriano/Andrian;021;Bolzano/Bozen;04;Trentino-Alto Adige/Südtirol
04;Trentino-Alto Adige/Südtirol;021;Bolzano/Bozen;021003;Anterivo/Altrei;021003;Anterivo/Altrei;021;Bolzano/Bozen;04;Trentino-Alto Adige/Südtirol
04;Trentino-Alto Adige/Südtirol;021;Bolzano/Bozen;021004;Appiano sulla strada del vino/Eppan an der Weinstraße;021004;Appiano sulla strada del vino/Eppan an der Weinstraße;021;Bolzano/Bozen;04;Trentino-Alto Adige/Südtirol
04;Trentino-Alto Adige/Südtirol;021;Bolzano/Bozen;021005;Avelengo/Hafling;021005;Avelengo/Hafling;021;Bolzano/Bozen;04;Trentino-Alto Adige/Südtirol
04;Trentino-Alto Adige/Südtirol;021;Bolzano/Bozen;021006;Badia/Abtei;021006;Badia/Abtei;021;Bolzano/Bozen;04;Trentino-Alto Adige/Südtirol
04;Trentino-Alto Adige/Südtirol;021;Bolzano/Bozen;021007;Barbiano/Barbian;021007;Barbiano/Barbian;021;Bolzano/Bozen;04;Trentino-Alto Adige/Südtirol
04;Trentino-Alto Adige/Südtirol;021;Bolzano/Bozen;021008;Bolzano/Bozen;021008;Bolzano/Bozen;021;Bolzano/Bozen;04;Trentino-Alto Adige/Südtirol
04;Trentino-Alto Adige/Südtirol;021;Bolzano/Bozen;021009;Braies/Prags;021009;Braies/Prags;021;Bolzano/Bozen;04;Trentino-Alto Adige/Südtirol
04;Trentino-Alto Adige/Südtirol;021;Bolzano/Bozen;021010;Brennero/Brenner;021010;Brennero/Brenner;021;Bolzano/Bozen;04;Trentino-Alto Adige/Südtirol
04;Trentino-Alto Adige/Südtirol;021;Bolzano/Bozen;021011;Bressanone/Brixen;021011;Bressanone/Brixen;021;Bolzano/Bozen;04;Trentino-Alto Adige/Südtirol
04;Trentino-Alto Adige/Südtirol;021;Bolzano/Bozen;021012;Bronzolo/Branzoll;021012;Bronzolo/Branzoll;021;Bolzano/Bozen;04;Trentino-Alto Adige/Südtirol
04;Trentino-Alto Adige/Südtirol;021;Bolzano/Bozen;021013;Brunico/Bruneck;021013;Brunico/Bruneck;021;Bolzano/Bozen;04;Trentino-Alto Adige/Südtirol
04;Trentino-Alto Adige/Südtirol;021;Bolzano/Bozen;021014;Caines/Kuens;021014;Caines/Kuens;021;Bolzano/Bozen;04;Trentino-Alto Adige/Südtirol
04;Trentino-Alto Adige/Südtirol;021;Bolzano/Bozen;021015;Caldaro sulla strada del vino/Kaltern an der Weinstraße;021015;Caldaro sulla strada del vino/Kaltern an der Weinstraße;021;Bolzano/Bozen;04;Trentino-Alto Adige/Südtirol
04;Trentino-Alto Adige/Südtirol;021;Bolzano/Bozen;021016;Campo di Trens/Freienfeld;021016;Campo di Trens/Freienfeld;021;Bolzano/Bozen;04;Trentino-Alto Adige/Südtirol
04;Trentino-Alto Adige/Südtirol;021;Bolzano/Bozen;021017;Campo Tures/Sand in Taufers;021017;Campo Tures/Sand in Taufers;021;Bolzano/Bozen;04;Trentino-Alto Adige/Südtirol
04;Trentino-Alto Adige/Südtirol;021;Bolzano/Bozen;021018;Castelbello-Ciardes/Kastelbell-Tschars;021018;Castelbello-Ciardes/Kastelbell-Tschars;021;Bolzano/Bozen;04;Trentino-Alto Adige/Südtirol
04;Trentino-Alto Adige/Südtirol;021;Bolzano/Bozen;021019;Castelrotto/Kastelruth;021019;Castelrotto/Kastelruth;021;Bolzano/Bozen;04;Trentino-Alto Adige/Südtirol
04;Trentino-Alto Adige/Südtirol;021;Bolzano/Bozen;021020;Cermes/Tscherms;021020;Cermes/Tscherms;021;Bolzano/Bozen;04;Trentino-Alto Adige/Südtirol
04;Trentino-Alto Adige/Südtirol;021;Bolzano/Bozen;021021;Chienes/Kiens;021021;Chienes/Kiens;021;Bolzano/Bozen;04;Trentino-Alto Adige/Südtirol
04;Trentino-Alto Adige/Südtirol;021;Bolzano/Bozen;021022;Chiusa/Klausen;021022;Chiusa/Klausen;021;Bolzano/Bozen;04;Trentino-Alto Adige/Südtirol
04;Trentino-Alto Adige/Südtirol;021;Bolzano/Bozen;021023;Cornedo all'Isarco/Karneid;021023;Cornedo all'Isarco/Karneid;021;Bolzano/Bozen;04;Trentino-Alto Adige/Südtirol
04;Trentino-Alto Adige/Südtirol;021;Bolzano/Bozen;021024;Cortaccia sulla strada del vino/Kurtatsch an der Weinstraße;021024;Cortaccia sulla strada del vino/Kurtatsch an der Weinstraße;021;Bolzano/Bozen;04;Trentino-Alto Adige/Südtirol
04;Trentino-Alto Adige/Südtirol;021;Bolzano/Bozen;021025;Cortina sulla strada del vino/Kurtinig an der Weinstraße;021025;Cortina sulla strada del vino/Kurtinig an der Weinstraße;021;Bolzano/Bozen;04;Trentino-Alto Adige/Südtirol
04;Trentino-Alto Adige/Südtirol;021;Bolzano/Bozen;021026;Corvara in Badia/Corvara;021026;Corvara in Badia/Corvara;021;Bolzano/Bozen;04;Trentino-Alto Adige/Südtirol
04;Trentino-Alto Adige/Südtirol;021;Bolzano/Bozen;021027;Curon Venosta/Graun im Vinschgau;021027;Curon Venosta/Graun im Vinschgau;021;Bolzano/Bozen;04;Trentino-Alto Adige/Südtirol
04;Trentino-Alto Adige/Südtirol;021;Bolzano/Bozen;021028;Dobbiaco/Toblach;021028;Dobbiaco/Toblach;021;Bolzano/Bozen;04;Trentino-Alto Adige/Südtirol
04;Trentino-Alto Adige/Südtirol;021;Bolzano/Bozen;021029;Egna/Neumarkt;021029;Egna/Neumarkt;021;Bolzano/Bozen;04;Trentino-Alto Adige/Südtirol
04;Trentino-Alto Adige/Südtirol;021;Bolzano/Bozen;021030;Falzes/Pfalzen;021030;Falzes/Pfalzen;021;Bolzano/Bozen;04;Trentino-Alto Adige/Südtirol
04;Trentino-Alto Adige/Südtirol;021;Bolzano/Bozen;021031;Fiè allo Sciliar/Völs am Schlern;021031;Fiè allo Sciliar/Völs am Schlern;021;Bolzano/Bozen;04;Trentino-Alto Adige/Südtirol
04;Trentino-Alto Adige/Südtirol;021;Bolzano/Bozen;021032;Fortezza/Franzensfeste;021032;Fortezza/Franzensfeste;021;Bolzano/Bozen;04;Trentino-Alto Adige/Südtirol
04;Trentino-Alto Adige/Südtirol;021;Bolzano/Bozen;021033;Funes/Villnöß;021033;Funes/Villnöß;021;Bolzano/Bozen;04;Trentino-Alto Adige/Südtirol
04;Trentino-Alto Adige/Südtirol;021;Bolzano/Bozen;021034;Gais/Gais;021034;Gais/Gais;021;Bolzano/Bozen;04;Trentino-Alto Adige/Südtirol
04;Trentino-Alto Adige/Südtirol;021;Bolzano/Bozen;021035;Gargazzone/Gargazon;021035;Gargazzone/Gargazon;021;Bolzano/Bozen;04;Trentino-Alto Adige/Südtirol
04;Trentino-Alto Adige/Südtirol;021;Bolzano/Bozen;021036;Glorenza/Glurns;021036;Glorenza/Glurns;021;Bolzano/Bozen;04;Trentino-Alto Adige/Südtirol
04;Trentino-Alto Adige/Südtirol;021;Bolzano/Bozen;021037;Laces/Latsch;021037;Laces/Latsch;021;Bolzano/Bozen;04;Trentino-Alto Adige/Südtirol
04;Trentino-Alto Adige/Südtirol;021;Bolzano/Bozen;021038;Lagundo/Algund;021038;Lagundo/Algund;021;Bolzano/Bozen;04;Trentino-Alto Adige/Südtirol
04;Trentino-Alto Adige/Südtirol;021;Bolzano/Bozen;021039;Laion/Lajen;021039;Laion/Lajen;021;Bolzano/Bozen;04;Trentino-Alto Adige/Südtirol
04;Trentino-Alto Adige/Südtirol;021;Bolzano/Bozen;021040;Laives/Leifers;021040;Laives/Leifers;021;Bolzano/Bozen;04;Trentino-Alto Adige/Südtirol
04;Trentino-Alto Adige/Südtirol;021;Bolzano/Bozen;021041;Lana/Lana;021041;Lana/Lana;021;Bolzano/Bozen;04;Trentino-Alto Adige/Südtirol
04;Trentino-Alto Adige/Südtirol;021;Bolzano/Bozen;021042;Lasa/Laas;021042;Lasa/Laas;021;Bolzano/Bozen;04;Trentino-Alto Adige/Südtirol
04;Trentino-Alto Adige/Südtirol;021;Bolzano/Bozen;021043;Lauregno/Laurein;021043;Lauregno/Laurein;021;Bolzano/Bozen;04;Trentino-Alto Adige/Südtirol
04;Trentino-Alto Adige/Südtirol;021;Bolzano/Bozen;021044;Luson/Lüsen;021044;Luson/Lüsen;021;Bolzano/Bozen;04;Trentino-Alto Adige/Südtirol
04;Trentino-Alto Adige/Südtirol;021;Bolzano/Bozen;021045;Magrè sulla strada del vino/Margreid an der Weinstraße;021045;Magrè sulla strada del vino/Margreid an der Weinstraße;021;Bolzano/Bozen;04;Trentino-Alto Adige/Südtirol
04;Trentino-Alto Adige/Südtirol;021;Bolzano/Bozen;021046;Malles Venosta/Mals;021046;Malles Venosta/Mals;021;Bolzano/Bozen;04;Trentino-Alto Adige/Südtirol
04;Trentino-Alto Adige/Südtirol;021;Bolzano/Bozen;021047;Marebbe/Enneberg;021047;Marebbe/Enneberg;021;Bolzano/Bozen;04;Trentino-Alto Adige/Südtirol
04;Trentino-Alto Adige/Südtirol;021;Bolzano/Bozen;021048;Marlengo/Marling;021048;Marlengo/Marling;021;Bolzano/Bozen;04;Trentino-Alto Adige/Südtirol
04;Trentino-Alto Adige/Südtirol;021;Bolzano/Bozen;021049;Martello/Martell;021049;Martello/Martell;021;Bolzano/Bozen;04;Trentino-Alto Adige/Südtirol
04;Trentino-Alto Adige/Südtirol;021;Bolzano/Bozen;021050;Meltina/Mölten;021050;Meltina/Mölten;021;Bolzano/Bozen;04;Trentino-Alto Adige/Südtirol
04;Trentino-Alto Adige/Südtirol;021;Bolzano/Bozen;021051;Merano/Meran;021051;Merano/Meran;021;Bolzano/Bozen;04;Trentino-Alto Adige/Südtirol
04;Trentino-Alto Adige/Südtirol;021;Bolzano/Bozen;021052;Monguelfo-Tesido/Welsberg-Taisten;021052;Monguelfo-Tesido/Welsberg-Taisten;021;Bolzano/Bozen;04;Trentino-Alto Adige/Südtirol
04;Trentino-Alto Adige/Südtirol;021;Bolzano/Bozen;021053;Montagna/Montan;021053;Montagna/Montan;021;Bolzano/Bozen;04;Trentino-Alto Adige/Südtirol
04;Trentino-Alto Adige/Südtirol;021;Bolzano/Bozen;021054;Moso in Passiria/Moos in Passeier;021054;Moso in Passiria/Moos in Passeier;021;Bolzano/Bozen;04;Trentino-Alto Adige/Südtirol
04;Trentino-Alto Adige/Südtirol;021;Bolzano/Bozen;021055;Nalles/Nals;021055;Nalles/Nals;021;Bolzano/Bozen;04;Trentino-Alto Adige/Südtirol
04;Trentino-Alto Adige/Südtirol;021;Bolzano/Bozen;021056;Naturno/Naturns;021056;Naturno/Naturns;021;Bolzano/Bozen;04;Trentino-Alto Adige/Südtirol
04;Trentino-Alto Adige/Südtirol;021;Bolzano/Bozen;021057;Naz-Sciaves/Natz-Schabs;021057;Naz-Sciaves/Natz-Schabs;021;Bolzano/Bozen;04;Trentino-Alto Adige/Südtirol
04;Trentino-Alto Adige/Südtirol;021;Bolzano/Bozen;021058;Nova Levante/Welschnofen;021058;Nova Levante/Welschnofen;021;Bolzano/Bozen;04;Trentino-Alto Adige/Südtirol
04;Trentino-Alto Adige/Südtirol;021;Bolzano/Bozen;021059;Nova Ponente/Deutschnofen;021059;Nova Ponente/Deutschnofen;021;Bolzano/Bozen;04;Trentino-Alto Adige/Südtirol
04;Trentino-Alto Adige/Südtirol;021;Bolzano/Bozen;021060;Ora/Auer;021060;Ora/Auer;021;Bolzano/Bozen;04;Trentino-Alto Adige/Südtirol
04;Trentino-Alto Adige/Südtirol;021;Bolzano/Bozen;021061;Ortisei/St. Ulrich;021061;Ortisei/St. Ulrich;021;Bolzano/Bozen;04;Trentino-Alto Adige/Südtirol
04;Trentino-Alto Adige/Südtirol;021;Bolzano/Bozen;021062;Parcines/Partschins;021062;Parcines/Partschins;021;Bolzano/Bozen;04;Trentino-Alto Adige/Südtirol
04;Trentino-Alto Adige/Südtirol;021;Bolzano/Bozen;021063;Perca/Percha;021063;Perca/Percha;021;Bolzano/Bozen;04;Trentino-Alto Adige/Südtirol
04;Trentino-Alto Adige/Südtirol;021;Bolzano/Bozen;021064;Plaus/Plaus;021064;Plaus/Plaus;021;Bolzano/Bozen;04;Trentino-Alto Adige/Südtirol
04;Trentino-Alto Adige/Südtirol;021;Bolzano/Bozen;021065;Ponte Gardena/Waidbruck;021065;Ponte Gardena/Waidbruck;021;Bolzano/Bozen;04;Trentino-Alto Adige/Südtirol
04;Trentino-Alto Adige/Südtirol;021;Bolzano/Bozen;021066;Postal/Burgstall;021066;Postal/Burgstall;021;Bolzano/Bozen;04;Trentino-Alto Adige/Südtirol
04;Trentino-Alto Adige/Südtirol;021;Bolzano/Bozen;021067;Prato allo Stelvio/Prad am Stilfserjoch;021067;Prato allo Stelvio/Prad am Stilfserjoch;021;Bolzano/Bozen;04;Trentino-Alto Adige/Südtirol
04;Trentino-Alto Adige/Südtirol;021;Bolzano/Bozen;021068;Predoi/Prettau;021068;Predoi/Prettau;021;Bolzano/Bozen;04;Trentino-Alto Adige/Südtirol
04;Trentino-Alto Adige/Südtirol;021;Bolzano/Bozen;021069;Proves/Proveis;021069;Proves/Proveis;021;Bolzano/Bozen;04;Trentino-Alto Adige/Südtirol
04;Trentino-Alto Adige/Südtirol;021;Bolzano/Bozen;021070;Racines/Ratschings;021070;Racines/Ratschings;021;Bolzano/Bozen;04;Trentino-Alto Adige/Südtirol
04;Trentino-Alto Adige/Südtirol;021;Bolzano/Bozen;021071;Rasun-Anterselva/Rasen-Antholz;021071;Rasun-Anterselva/Rasen-Antholz;021;Bolzano/Bozen;04;Trentino-Alto Adige/Südtirol
04;Trentino-Alto Adige/Südtirol;021;Bolzano/Bozen;021072;Renon/Ritten;021072;Renon/Ritten;021;Bolzano/Bozen;04;Trentino-Alto Adige/Südtirol
04;Trentino-Alto Adige/Südtirol;021;Bolzano/Bozen;021073;Rifiano/Riffian;021073;Rifiano/Riffian;021;Bolzano/Bozen;04;Trentino-Alto Adige/Südtirol
04;Trentino-Alto Adige/Südtirol;021;Bolzano/Bozen;021074;Rio di Pusteria/Mühlbach;021074;Rio di Pusteria/Mühlbach;021;Bolzano/Bozen;04;Trentino-Alto Adige/Südtirol
04;Trentino-Alto Adige/Südtirol;021;Bolzano/Bozen;021075;Rodengo/Rodeneck;021075;Rodengo/Rodeneck;021;Bolzano/Bozen;04;Trentino-Alto Adige/Südtirol
04;Trentino-Alto Adige/Südtirol;021;Bolzano/Bozen;021076;Salorno/Salurn;021076;Salorno sulla strada del vino/Salurn an der Weinstraße;021;Bolzano/Bozen;04;Trentino-Alto Adige/Südtirol
04;Trentino-Alto Adige/Südtirol;021;Bolzano/Bozen;021077;San Candido/Innichen;021077;San Candido/Innichen;021;Bolzano/Bozen;04;Trentino-Alto Adige/Südtirol
04;Trentino-Alto Adige/Südtirol;021;Bolzano/Bozen;021079;San Genesio Atesino/Jenesien;021079;San Genesio Atesino/Jenesien;021;Bolzano/Bozen;04;Trentino-Alto Adige/Südtirol
04;Trentino-Alto Adige/Südtirol;021;Bolzano/Bozen;021080;San Leonardo in Passiria/St. Leonhard in Passeier;021080;San Leonardo in Passiria/St. Leonhard in Passeier;021;Bolzano/Bozen;04;Trentino-Alto Adige/Südtirol
04;Trentino-Alto Adige/Südtirol;021;Bolzano/Bozen;021081;San Lorenzo di Sebato/St. Lorenzen;021081;San Lorenzo di Sebato/St. Lorenzen;021;Bolzano/Bozen;04;Trentino-Alto Adige/Südtirol
04;Trentino-Alto Adige/Südtirol;021;Bolzano/Bozen;021082;San Martino in Badia/St. Martin in Thurn;021082;San Martino in Badia/St. Martin in Thurn;021;Bolzano/Bozen;04;Trentino-Alto Adige/Südtirol
04;Trentino-Alto Adige/Südtirol;021;Bolzano/Bozen;021083;San Martino in Passiria/St. Martin in Passeier;021083;San Martino in Passiria/St. Martin in Passeier;021;Bolzano/Bozen;04;Trentino-Alto Adige/Südtirol
04;Trentino-Alto Adige/Südtirol;021;Bolzano/Bozen;021084;San Pancrazio/St. Pankraz;021084;San Pancrazio/St. Pankraz;021;Bolzano/Bozen;04;Trentino-Alto Adige/Südtirol
04;Trentino-Alto Adige/Südtirol;021;Bolzano/Bozen;021085;Santa Cristina Valgardena/St. Christina in Gröden;021085;Santa Cristina Valgardena/St. Christina in Gröden;021;Bolzano/Bozen;04;Trentino-Alto Adige/Südtirol
04;Trentino-Alto Adige/Südtirol;021;Bolzano/Bozen;021086;Sarentino/Sarntal;021086;Sarentino/Sarntal;021;Bolzano/Bozen;04;Trentino-Alto Adige/Südtirol
04;Trentino-Alto Adige/Südtirol;021;Bolzano/Bozen;021087;Scena/Schenna;021087;Scena/Schenna;021;Bolzano/Bozen;04;Trentino-Alto Adige/Südtirol
04;Trentino-Alto Adige/Südtirol;021;Bolzano/Bozen;021088;Selva dei Molini/Mühlwald;021088;Selva dei Molini/Mühlwald;021;Bolzano/Bozen;04;Trentino-Alto Adige/Südtirol
04;Trentino-Alto Adige/Südtirol;021;Bolzano/Bozen;021089;Selva di Val Gardena/Wolkenstein in Gröden;021089;Selva di Val Gardena/Wolkenstein in Gröden;021;Bolzano/Bozen;04;Trentino-Alto Adige/Südtirol
04;Trentino-Alto Adige/Südtirol;021;Bolzano/Bozen;021091;Senales/Schnals;021091;Senales/Schnals;021;Bolzano/Bozen;04;Trentino-Alto Adige/Südtirol
04;Trentino-Alto Adige/Südtirol;021;Bolzano/Bozen;021092;Sesto/Sexten;021092;Sesto/Sexten;021;Bolzano/Bozen;04;Trentino-Alto Adige/Südtirol
04;Trentino-Alto Adige/Südtirol;021;Bolzano/Bozen;021093;Silandro/Schlanders;021093;Silandro/Schlanders;021;Bolzano/Bozen;04;Trentino-Alto Adige/Südtirol
04;Trentino-Alto Adige/Südtirol;021;Bolzano/Bozen;021094;Sluderno/Schluderns;021094;Sluderno/Schluderns;021;Bolzano/Bozen;04;Trentino-Alto Adige/Südtirol
04;Trentino-Alto Adige/Südtirol;021;Bolzano/Bozen;021095;Stelvio/Stilfs;021095;Stelvio/Stilfs;021;Bolzano/Bozen;04;Trentino-Alto Adige/Südtirol
04;Trentino-Alto Adige/Südtirol;021;Bolzano/Bozen;021096;Terento/Terenten;021096;Terento/Terenten;021;Bolzano/Bozen;04;Trentino-Alto Adige/Südtirol
04;Trentino-Alto Adige/Südtirol;021;Bolzano/Bozen;021097;Terlano/Terlan;021097;Terlano/Terlan;021;Bolzano/Bozen;04;Trentino-Alto Adige/Südtirol
04;Trentino-Alto Adige/Südtirol;021;Bolzano/Bozen;021098;Termeno sulla strada del vino/Tramin an der Weinstraße;021098;Termeno sulla strada del vino/Tramin an der Weinstraße;021;Bolzano/Bozen;04;Trentino-Alto Adige/Südtirol
04;Trentino-Alto Adige/Südtirol;021;Bolzano/Bozen;021099;Tesimo/Tisens;021099;Tesimo/Tisens;021;Bolzano/Bozen;04;Trentino-Alto Adige/Südtirol
04;Trentino-Alto Adige/Südtirol;021;Bolzano/Bozen;021100;Tires/Tiers;021100;Tires/Tiers;021;Bolzano/Bozen;04;Trentino-Alto Adige/Südtirol
04;Trentino-Alto Adige/Südtirol;021;Bolzano/Bozen;021101;Tirolo/Tirol;021101;Tirolo/Tirol;021;Bolzano/Bozen;04;Trentino-Alto Adige/Südtirol
04;Trentino-Alto Adige/Südtirol;021;Bolzano/Bozen;021102;Trodena nel parco naturale/Truden im Naturpark;021102;Trodena nel parco naturale/Truden im Naturpark;021;Bolzano/Bozen;04;Trentino-Alto Adige/Südtirol
04;Trentino-Alto Adige/Südtirol;021;Bolzano/Bozen;021103;Tubre/Taufers im Münstertal;021103;Tubre/Taufers im Münstertal;021;Bolzano/Bozen;04;Trentino-Alto Adige/Südtirol
04;Trentino-Alto Adige/Südtirol;021;Bolzano/Bozen;021104;Ultimo/Ulten;021104;Ultimo/Ulten;021;Bolzano/Bozen;04;Trentino-Alto Adige/Südtirol
04;Trentino-Alto Adige/Südtirol;021;Bolzano/Bozen;021105;Vadena/Pfatten;021105;Vadena/Pfatten;021;Bolzano/Bozen;04;Trentino-Alto Adige/Südtirol
04;Trentino-Alto Adige/Südtirol;021;Bolzano/Bozen;021106;Valdaora/Olang;021106;Valdaora/Olang;021;Bolzano/Bozen;04;Trentino-Alto Adige/Südtirol
04;Trentino-Alto Adige/Südtirol;021;Bolzano/Bozen;021107;Val di Vizze/Pfitsch;021107;Val di Vizze/Pfitsch;021;Bolzano/Bozen;04;Trentino-Alto Adige/Südtirol
04;Trentino-Alto Adige/Südtirol;021;Bolzano/Bozen;021108;Valle Aurina/Ahrntal;021108;Valle Aurina/Ahrntal;021;Bolzano/Bozen;04;Trentino-Alto Adige/Südtirol
04;Trentino-Alto Adige/Südtirol;021;Bolzano/Bozen;021109;Valle di Casies/Gsies;021109;Valle di Casies/Gsies;021;Bolzano/Bozen;04;Trentino-Alto Adige/Südtirol
04;Trentino-Alto Adige/Südtirol;021;Bolzano/Bozen;021110;Vandoies/Vintl;021110;Vandoies/Vintl;021;Bolzano/Bozen;04;Trentino-Alto Adige/Südtirol
04;Trentino-Alto Adige/Südtirol;021;Bolzano/Bozen;021111;Varna/Vahrn;021111;Varna/Vahrn;021;Bolzano/Bozen;04;Trentino-Alto Adige/Südtirol
04;Trentino-Alto Adige/Südtirol;021;Bolzano/Bozen;021112;Verano/Vöran;021112;Verano/Vöran;021;Bolzano/Bozen;04;Trentino-Alto Adige/Südtirol
04;Trentino-Alto Adige/Südtirol;021;Bolzano/Bozen;021113;Villabassa/Niederdorf;021113;Villabassa/Niederdorf;021;Bolzano/Bozen;04;Trentino-Alto Adige/Südtirol
04;Trentino-Alto Adige/Südtirol;021;Bolzano/Bozen;021114;Villandro/Villanders;021114;Villandro/Villanders;021;Bolzano/Bozen;04;Trentino-Alto Adige/Südtirol
04;Trentino-Alto Adige/Südtirol;021;Bolzano/Bozen;021115;Vipiteno/Sterzing;021115;Vipiteno/Sterzing;021;Bolzano/Bozen;04;Trentino-Alto Adige/Südtirol
04;Trentino-Alto Adige/Südtirol;021;Bolzano/Bozen;021116;Velturno/Feldthurns;021116;Velturno/Feldthurns;021;Bolzano/Bozen;04;Trentino-Alto Adige/Südtirol
04;Trentino-Alto Adige/Südtirol;021;Bolzano/Bozen;021117;La Valle/Wengen;021117;La Valle/Wengen;021;Bolzano/Bozen;04;Trentino-Alto Adige/Südtirol
04;Trentino-Alto Adige/Südtirol;021;Bolzano/Bozen;021118;Senale-San Felice/Unsere Liebe Frau im Walde-St. Felix;021118;Senale-San Felice/Unsere Liebe Frau im Walde-St. Felix;021;Bolzano/Bozen;04;Trentino-Alto Adige/Südtirol
04;Trentino-Alto Adige/Südtirol;022;Trento;022001;Ala;022001;Ala;022;Trento;04;Trentino-Alto Adige/Südtirol
04;Trentino-Alto Adige/Südtirol;022;Trento;022002;Albiano;022002;Albiano;022;Trento;04;Trentino-Alto Adige/Südtirol
04;Trentino-Alto Adige/Südtirol;022;Trento;022003;Aldeno;022003;Aldeno;022;Trento;04;Trentino-Alto Adige/Südtirol
04;Trentino-Alto Adige/Südtirol;022;Trento;022004;Amblar;022237;Amblar-Don;022;Trento;04;Trentino-Alto Adige/Südtirol
04;Trentino-Alto Adige/Südtirol;022;Trento;022005;Andalo;022005;Andalo;022;Trento;04;Trentino-Alto Adige/Südtirol
04;Trentino-Alto Adige/Südtirol;022;Trento;022006;Arco;022006;Arco;022;Trento;04;Trentino-Alto Adige/Südtirol
04;Trentino-Alto Adige/Südtirol;022;Trento;022007;Avio;022007;Avio;022;Trento;04;Trentino-Alto Adige/Südtirol
04;Trentino-Alto Adige/Südtirol;022;Trento;022009;Baselga di Pinè;022009;Baselga di Pinè;022;Trento;04;Trentino-Alto Adige/Südtirol
04;Trentino-Alto Adige/Südtirol;022;Trento;022011;Bedollo;022011;Bedollo;022;Trento;04;Trentino-Alto Adige/Südtirol
04;Trentino-Alto Adige/Südtirol;022;Trento;022012;Bersone;022232;Valdaone;022;Trento;04;Trentino-Alto Adige/Südtirol
04;Trentino-Alto Adige/Südtirol;022;Trento;022013;Besenello;022013;Besenello;022;Trento;04;Trentino-Alto Adige/Südtirol
04;Trentino-Alto Adige/Südtirol;022;Trento;022015;Bieno;022015;Bieno;022;Trento;04;Trentino-Alto Adige/Südtirol
04;Trentino-Alto Adige/Südtirol;022;Trento;022017;Bleggio Superiore;022017;Bleggio Superiore;022;Trento;04;Trentino-Alto Adige/Südtirol
04;Trentino-Alto Adige/Südtirol;022;Trento;022018;Bocenago;022018;Bocenago;022;Trento;04;Trentino-Alto Adige/Südtirol
04;Trentino-Alto Adige/Südtirol;022;Trento;022019;Bolbeno;022239;Borgo Lares;022;Trento;04;Trentino-Alto Adige/Südtirol
04;Trentino-Alto Adige/Südtirol;022;Trento;022020;Bondo;022246;Sella Giudicarie;022;Trento;04;Trentino-Alto Adige/Südtirol
04;Trentino-Alto Adige/Südtirol;022;Trento;022021;Bondone;022021;Bondone;022;Trento;04;Trentino-Alto Adige/Südtirol
04;Trentino-Alto Adige/Südtirol;022;Trento;022022;Borgo Valsugana;022022;Borgo Valsugana;022;Trento;04;Trentino-Alto Adige/Südtirol
04;Trentino-Alto Adige/Südtirol;022;Trento;022023;Bosentino;022236;Altopiano della Vigolana;022;Trento;04;Trentino-Alto Adige/Südtirol
04;Trentino-Alto Adige/Südtirol;022;Trento;022024;Breguzzo;022246;Sella Giudicarie;022;Trento;04;Trentino-Alto Adige/Südtirol
04;Trentino-Alto Adige/Südtirol;022;Trento;022025;Brentonico;022025;Brentonico;022;Trento;04;Trentino-Alto Adige/Südtirol
04;Trentino-Alto Adige/Südtirol;022;Trento;022026;Bresimo;022026;Bresimo;022;Trento;04;Trentino-Alto Adige/Südtirol
04;Trentino-Alto Adige/Südtirol;022;Trento;022027;Brez;022253;Novella;022;Trento;04;Trentino-Alto Adige/Südtirol
04;Trentino-Alto Adige/Südtirol;022;Trento;022028;Brione;022238;Borgo Chiese;022;Trento;04;Trentino-Alto Adige/Südtirol
04;Trentino-Alto Adige/Südtirol;022;Trento;022029;Caderzone Terme;022029;Caderzone Terme;022;Trento;04;Trentino-Alto Adige/Südtirol
04;Trentino-Alto Adige/Südtirol;022;Trento;022030;Cagnò;022253;Novella;022;Trento;04;Trentino-Alto Adige/Südtirol
04;Trentino-Alto Adige/Südtirol;022;Trento;022031;Calavino;022243;Madruzzo;022;Trento;04;Trentino-Alto Adige/Südtirol
04;Trentino-Alto Adige/Südtirol;022;Trento;022032;Calceranica al Lago;022032;Calceranica al Lago;022;Trento;04;Trentino-Alto Adige/Südtirol
04;Trentino-Alto Adige/Südtirol;022;Trento;022033;Caldes;022033;Caldes;022;Trento;04;Trentino-Alto Adige/Südtirol
04;Trentino-Alto Adige/Südtirol;022;Trento;022034;Caldonazzo;022034;Caldonazzo;022;Trento;04;Trentino-Alto Adige/Südtirol
04;Trentino-Alto Adige/Südtirol;022;Trento;022035;Calliano;022035;Calliano;022;Trento;04;Trentino-Alto Adige/Südtirol
04;Trentino-Alto Adige/Südtirol;022;Trento;022036;Campitello di Fassa;022036;Campitello di Fassa;022;Trento;04;Trentino-Alto Adige/Südtirol
04;Trentino-Alto Adige/Südtirol;022;Trento;022037;Campodenno;022037;Campodenno;022;Trento;04;Trentino-Alto Adige/Südtirol
04;Trentino-Alto Adige/Südtirol;022;Trento;022038;Canal San Bovo;022038;Canal San Bovo;022;Trento;04;Trentino-Alto Adige/Südtirol
04;Trentino-Alto Adige/Südtirol;022;Trento;022039;Canazei;022039;Canazei;022;Trento;04;Trentino-Alto Adige/Südtirol
04;Trentino-Alto Adige/Südtirol;022;Trento;022040;Capriana;022040;Capriana;022;Trento;04;Trentino-Alto Adige/Südtirol
04;Trentino-Alto Adige/Südtirol;022;Trento;022041;Carano;022254;Ville di Fiemme;022;Trento;04;Trentino-Alto Adige/Südtirol
04;Trentino-Alto Adige/Südtirol;022;Trento;022042;Carisolo;022042;Carisolo;022;Trento;04;Trentino-Alto Adige/Südtirol
04;Trentino-Alto Adige/Südtirol;022;Trento;022043;Carzano;022043;Carzano;022;Trento;04;Trentino-Alto Adige/Südtirol
04;Trentino-Alto Adige/Südtirol;022;Trento;022045;Castel Condino;022045;Castel Condino;022;Trento;04;Trentino-Alto Adige/Südtirol
04;Trentino-Alto Adige/Südtirol;022;Trento;022046;Castelfondo;022252;Borgo d'Anaunia;022;Trento;04;Trentino-Alto Adige/Südtirol
04;Trentino-Alto Adige/Südtirol;022;Trento;022047;Castello-Molina di Fiemme;022047;Castello-Molina di Fiemme;022;Trento;04;Trentino-Alto Adige/Südtirol
04;Trentino-Alto Adige/Südtirol;022;Trento;022048;Castello Tesino;022048;Castello Tesino;022;Trento;04;Trentino-Alto Adige/Südtirol
04;Trentino-Alto Adige/Südtirol;022;Trento;022049;Castelnuovo;022049;Castelnuovo;022;Trento;04;Trentino-Alto Adige/Südtirol
04;Trentino-Alto Adige/Südtirol;022;Trento;022050;Cavalese;022050;Cavalese;022;Trento;04;Trentino-Alto Adige/Südtirol
04;Trentino-Alto Adige/Südtirol;022;Trento;022051;Cavareno;022051;Cavareno;022;Trento;04;Trentino-Alto Adige/Südtirol
04;Trentino-Alto Adige/Südtirol;022;Trento;022052;Cavedago;022052;Cavedago;022;Trento;04;Trentino-Alto Adige/Südtirol
04;Trentino-Alto Adige/Südtirol;022;Trento;022053;Cavedine;022053;Cavedine;022;Trento;04;Trentino-Alto Adige/Südtirol
04;Trentino-Alto Adige/Südtirol;022;Trento;022054;Cavizzana;022054;Cavizzana;022;Trento;04;Trentino-Alto Adige/Südtirol
04;Trentino-Alto Adige/Südtirol;022;Trento;022055;Cembra;022241;Cembra Lisignago;022;Trento;04;Trentino-Alto Adige/Südtirol
04;Trentino-Alto Adige/Südtirol;022;Trento;022056;Centa San Nicolò;022236;Altopiano della Vigolana;022;Trento;04;Trentino-Alto Adige/Südtirol
04;Trentino-Alto Adige/Südtirol;022;Trento;022057;Cimego;022238;Borgo Chiese;022;Trento;04;Trentino-Alto Adige/Südtirol
04;Trentino-Alto Adige/Südtirol;022;Trento;022058;Cimone;022058;Cimone;022;Trento;04;Trentino-Alto Adige/Südtirol
04;Trentino-Alto Adige/Südtirol;022;Trento;022059;Cinte Tesino;022059;Cinte Tesino;022;Trento;04;Trentino-Alto Adige/Südtirol
04;Trentino-Alto Adige/Südtirol;022;Trento;022060;Cis;022060;Cis;022;Trento;04;Trentino-Alto Adige/Südtirol
04;Trentino-Alto Adige/Südtirol;022;Trento;022061;Civezzano;022061;Civezzano;022;Trento;04;Trentino-Alto Adige/Südtirol
04;Trentino-Alto Adige/Südtirol;022;Trento;022062;Cles;022062;Cles;022;Trento;04;Trentino-Alto Adige/Südtirol
04;Trentino-Alto Adige/Südtirol;022;Trento;022063;Cloz;022253;Novella;022;Trento;04;Trentino-Alto Adige/Südtirol
04;Trentino-Alto Adige/Südtirol;022;Trento;022064;Commezzadura;022064;Commezzadura;022;Trento;04;Trentino-Alto Adige/Südtirol
04;Trentino-Alto Adige/Südtirol;022;Trento;022066;Condino;022238;Borgo Chiese;022;Trento;04;Trentino-Alto Adige/Südtirol
04;Trentino-Alto Adige/Südtirol;022;Trento;022067;Coredo;022230;Predaia;022;Trento;04;Trentino-Alto Adige/Südtirol
04;Trentino-Alto Adige/Südtirol;022;Trento;022068;Croviana;022068;Croviana;022;Trento;04;Trentino-Alto Adige/Südtirol
04;Trentino-Alto Adige/Südtirol;022;Trento;022069;Cunevo;022242;Contà;022;Trento;04;Trentino-Alto Adige/Südtirol
04;Trentino-Alto Adige/Südtirol;022;Trento;022070;Daiano;022254;Ville di Fiemme;022;Trento;04;Trentino-Alto Adige/Südtirol
04;Trentino-Alto Adige/Südtirol;022;Trento;022071;Dambel;022071;Dambel;022;Trento;04;Trentino-Alto Adige/Südtirol
04;Trentino-Alto Adige/Südtirol;022;Trento;022072;Daone;022232;Valdaone;022;Trento;04;Trentino-Alto Adige/Südtirol
04;Trentino-Alto Adige/Südtirol;022;Trento;022073;Darè;022244;Porte di Rendena;022;Trento;04;Trentino-Alto Adige/Südtirol
04;Trentino-Alto Adige/Südtirol;022;Trento;022074;Denno;022074;Denno;022;Trento;04;Trentino-Alto Adige/Südtirol
04;Trentino-Alto Adige/Südtirol;022;Trento;022075;Dimaro;022233;Dimaro Folgarida;022;Trento;04;Trentino-Alto Adige/Südtirol
04;Trentino-Alto Adige/Südtirol;022;Trento;022076;Don;022237;Amblar-Don;022;Trento;04;Trentino-Alto Adige/Südtirol
04;Trentino-Alto Adige/Südtirol;022;Trento;022077;Dorsino;022231;San Lorenzo Dorsino;022;Trento;04;Trentino-Alto Adige/Südtirol
04;Trentino-Alto Adige/Südtirol;022;Trento;022078;Drena;022078;Drena;022;Trento;04;Trentino-Alto Adige/Südtirol
04;Trentino-Alto Adige/Südtirol;022;Trento;022079;Dro;022079;Dro;022;Trento;04;Trentino-Alto Adige/Südtirol
04;Trentino-Alto Adige/Südtirol;022;Trento;022080;Faedo;022167;San Michele all'Adige;022;Trento;04;Trentino-Alto Adige/Südtirol
04;Trentino-Alto Adige/Südtirol;022;Trento;022081;Fai della Paganella;022081;Fai della Paganella;022;Trento;04;Trentino-Alto Adige/Südtirol
04;Trentino-Alto Adige/Südtirol;022;Trento;022082;Faver;022235;Altavalle;022;Trento;04;Trentino-Alto Adige/Südtirol
04;Trentino-Alto Adige/Südtirol;022;Trento;022083;Fiavè;022083;Fiavè;022;Trento;04;Trentino-Alto Adige/Südtirol
04;Trentino-Alto Adige/Südtirol;022;Trento;022084;Fiera di Primiero;022245;Primiero San Martino di Castrozza;022;Trento;04;Trentino-Alto Adige/Südtirol
04;Trentino-Alto Adige/Südtirol;022;Trento;022085;Fierozzo;022085;Fierozzo;022;Trento;04;Trentino-Alto Adige/Südtirol
04;Trentino-Alto Adige/Südtirol;022;Trento;022086;Flavon;022242;Contà;022;Trento;04;Trentino-Alto Adige/Südtirol
04;Trentino-Alto Adige/Südtirol;022;Trento;022087;Folgaria;022087;Folgaria;022;Trento;04;Trentino-Alto Adige/Südtirol
04;Trentino-Alto Adige/Südtirol;022;Trento;022088;Fondo;022252;Borgo d'Anaunia;022;Trento;04;Trentino-Alto Adige/Südtirol
04;Trentino-Alto Adige/Südtirol;022;Trento;022089;Fornace;022089;Fornace;022;Trento;04;Trentino-Alto Adige/Südtirol
04;Trentino-Alto Adige/Südtirol;022;Trento;022090;Frassilongo;022090;Frassilongo;022;Trento;04;Trentino-Alto Adige/Südtirol
04;Trentino-Alto Adige/Südtirol;022;Trento;022091;Garniga Terme;022091;Garniga Terme;022;Trento;04;Trentino-Alto Adige/Südtirol
04;Trentino-Alto Adige/Südtirol;022;Trento;022092;Giovo;022092;Giovo;022;Trento;04;Trentino-Alto Adige/Südtirol
04;Trentino-Alto Adige/Südtirol;022;Trento;022093;Giustino;022093;Giustino;022;Trento;04;Trentino-Alto Adige/Südtirol
04;Trentino-Alto Adige/Südtirol;022;Trento;022094;Grauno;022235;Altavalle;022;Trento;04;Trentino-Alto Adige/Südtirol
04;Trentino-Alto Adige/Südtirol;022;Trento;022095;Grigno;022095;Grigno;022;Trento;04;Trentino-Alto Adige/Südtirol
04;Trentino-Alto Adige/Südtirol;022;Trento;022096;Grumes;022235;Altavalle;022;Trento;04;Trentino-Alto Adige/Südtirol
04;Trentino-Alto Adige/Südtirol;022;Trento;022097;Imer;022097;Imer;022;Trento;04;Trentino-Alto Adige/Südtirol
04;Trentino-Alto Adige/Südtirol;022;Trento;022098;Isera;022098;Isera;022;Trento;04;Trentino-Alto Adige/Südtirol
04;Trentino-Alto Adige/Südtirol;022;Trento;022099;Ivano-Fracena;022240;Castel Ivano;022;Trento;04;Trentino-Alto Adige/Südtirol
04;Trentino-Alto Adige/Südtirol;022;Trento;022100;Lardaro;022246;Sella Giudicarie;022;Trento;04;Trentino-Alto Adige/Südtirol
04;Trentino-Alto Adige/Südtirol;022;Trento;022101;Lasino;022243;Madruzzo;022;Trento;04;Trentino-Alto Adige/Südtirol
04;Trentino-Alto Adige/Südtirol;022;Trento;022102;Lavarone;022102;Lavarone;022;Trento;04;Trentino-Alto Adige/Südtirol
04;Trentino-Alto Adige/Südtirol;022;Trento;022103;Lavis;022103;Lavis;022;Trento;04;Trentino-Alto Adige/Südtirol
04;Trentino-Alto Adige/Südtirol;022;Trento;022104;Levico Terme;022104;Levico Terme;022;Trento;04;Trentino-Alto Adige/Südtirol
04;Trentino-Alto Adige/Südtirol;022;Trento;022105;Lisignago;022241;Cembra Lisignago;022;Trento;04;Trentino-Alto Adige/Südtirol
04;Trentino-Alto Adige/Südtirol;022;Trento;022106;Livo;022106;Livo;022;Trento;04;Trentino-Alto Adige/Südtirol
04;Trentino-Alto Adige/Südtirol;022;Trento;022108;Lona-Lases;022108;Lona-Lases;022;Trento;04;Trentino-Alto Adige/Südtirol
04;Trentino-Alto Adige/Südtirol;022;Trento;022109;Luserna;022109;Luserna;022;Trento;04;Trentino-Alto Adige/Südtirol
04;Trentino-Alto Adige/Südtirol;022;Trento;022110;Malé;022110;Malé;022;Trento;04;Trentino-Alto Adige/Südtirol
04;Trentino-Alto Adige/Südtirol;022;Trento;022111;Malosco;022252;Borgo d'Anaunia;022;Trento;04;Trentino-Alto Adige/Südtirol
04;Trentino-Alto Adige/Südtirol;022;Trento;022112;Massimeno;022112;Massimeno;022;Trento;04;Trentino-Alto Adige/Südtirol
04;Trentino-Alto Adige/Südtirol;022;Trento;022113;Mazzin;022113;Mazzin;022;Trento;04;Trentino-Alto Adige/Südtirol
04;Trentino-Alto Adige/Südtirol;022;Trento;022114;Mezzana;022114;Mezzana;022;Trento;04;Trentino-Alto Adige/Südtirol
04;Trentino-Alto Adige/Südtirol;022;Trento;022115;Mezzano;022115;Mezzano;022;Trento;04;Trentino-Alto Adige/Südtirol
04;Trentino-Alto Adige/Südtirol;022;Trento;022116;Mezzocorona;022116;Mezzocorona;022;Trento;04;Trentino-Alto Adige/Südtirol
04;Trentino-Alto Adige/Südtirol;022;Trento;022117;Mezzolombardo;022117;Mezzolombardo;022;Trento;04;Trentino-Alto Adige/Südtirol
04;Trentino-Alto Adige/Südtirol;022;Trento;022118;Moena;022118;Moena;022;Trento;04;Trentino-Alto Adige/Südtirol
04;Trentino-Alto Adige/Südtirol;022;Trento;022120;Molveno;022120;Molveno;022;Trento;04;Trentino-Alto Adige/Südtirol
04;Trentino-Alto Adige/Südtirol;022;Trento;022121;Monclassico;022233;Dimaro Folgarida;022;Trento;04;Trentino-Alto Adige/Südtirol
04;Trentino-Alto Adige/Südtirol;022;Trento;022122;Montagne;022247;Tre Ville;022;Trento;04;Trentino-Alto Adige/Südtirol
04;Trentino-Alto Adige/Südtirol;022;Trento;022123;Mori;022123;Mori;022;Trento;04;Trentino-Alto Adige/Südtirol
04;Trentino-Alto Adige/Südtirol;022;Trento;022124;Nago-Torbole;022124;Nago-Torbole;022;Trento;04;Trentino-Alto Adige/Südtirol
04;Trentino-Alto Adige/Südtirol;022;Trento;022125;Nanno;022249;Ville d'Anaunia;022;Trento;04;Trentino-Alto Adige/Südtirol
04;Trentino-Alto Adige/Südtirol;022;Trento;022126;Nave San Rocco;022251;Terre d'Adige;022;Trento;04;Trentino-Alto Adige/Südtirol
04;Trentino-Alto Adige/Südtirol;022;Trento;022127;Nogaredo;022127;Nogaredo;022;Trento;04;Trentino-Alto Adige/Südtirol
04;Trentino-Alto Adige/Südtirol;022;Trento;022128;Nomi;022128;Nomi;022;Trento;04;Trentino-Alto Adige/Südtirol
04;Trentino-Alto Adige/Südtirol;022;Trento;022129;Novaledo;022129;Novaledo;022;Trento;04;Trentino-Alto Adige/Südtirol
04;Trentino-Alto Adige/Südtirol;022;Trento;022130;Ospedaletto;022130;Ospedaletto;022;Trento;04;Trentino-Alto Adige/Südtirol
04;Trentino-Alto Adige/Südtirol;022;Trento;022131;Ossana;022131;Ossana;022;Trento;04;Trentino-Alto Adige/Südtirol
04;Trentino-Alto Adige/Südtirol;022;Trento;022132;Padergnone;022248;Vallelaghi;022;Trento;04;Trentino-Alto Adige/Südtirol
04;Trentino-Alto Adige/Südtirol;022;Trento;022133;Palù del Fersina;022133;Palù del Fersina;022;Trento;04;Trentino-Alto Adige/Südtirol
04;Trentino-Alto Adige/Südtirol;022;Trento;022134;Panchià;022134;Panchià;022;Trento;04;Trentino-Alto Adige/Südtirol
04;Trentino-Alto Adige/Südtirol;022;Trento;022135;Ronzo-Chienis;022135;Ronzo-Chienis;022;Trento;04;Trentino-Alto Adige/Südtirol
04;Trentino-Alto Adige/Südtirol;022;Trento;022136;Peio;022136;Peio;022;Trento;04;Trentino-Alto Adige/Südtirol
04;Trentino-Alto Adige/Südtirol;022;Trento;022137;Pellizzano;022137;Pellizzano;022;Trento;04;Trentino-Alto Adige/Südtirol
04;Trentino-Alto Adige/Südtirol;022;Trento;022138;Pelugo;022138;Pelugo;022;Trento;04;Trentino-Alto Adige/Südtirol
04;Trentino-Alto Adige/Südtirol;022;Trento;022139;Pergine Valsugana;022139;Pergine Valsugana;022;Trento;04;Trentino-Alto Adige/Südtirol
04;Trentino-Alto Adige/Südtirol;022;Trento;022140;Pieve di Bono;022234;Pieve di Bono-Prezzo;022;Trento;04;Trentino-Alto Adige/Südtirol
04;Trentino-Alto Adige/Südtirol;022;Trento;022142;Pieve Tesino;022142;Pieve Tesino;022;Trento;04;Trentino-Alto Adige/Südtirol
04;Trentino-Alto Adige/Südtirol;022;Trento;022143;Pinzolo;022143;Pinzolo;022;Trento;04;Trentino-Alto Adige/Südtirol
04;Trentino-Alto Adige/Südtirol;022;Trento;022144;Pomarolo;022144;Pomarolo;022;Trento;04;Trentino-Alto Adige/Südtirol
04;Trentino-Alto Adige/Südtirol;022;Trento;022145;Pozza di Fassa;022250;San Giovanni di Fassa-Sèn Jan;022;Trento;04;Trentino-Alto Adige/Südtirol
04;Trentino-Alto Adige/Südtirol;022;Trento;022146;Praso;022232;Valdaone;022;Trento;04;Trentino-Alto Adige/Südtirol
04;Trentino-Alto Adige/Südtirol;022;Trento;022147;Predazzo;022147;Predazzo;022;Trento;04;Trentino-Alto Adige/Südtirol
04;Trentino-Alto Adige/Südtirol;022;Trento;022148;Preore;022247;Tre Ville;022;Trento;04;Trentino-Alto Adige/Südtirol
04;Trentino-Alto Adige/Südtirol;022;Trento;022149;Prezzo;022234;Pieve di Bono-Prezzo;022;Trento;04;Trentino-Alto Adige/Südtirol
04;Trentino-Alto Adige/Südtirol;022;Trento;022150;Rabbi;022150;Rabbi;022;Trento;04;Trentino-Alto Adige/Südtirol
04;Trentino-Alto Adige/Südtirol;022;Trento;022151;Ragoli;022247;Tre Ville;022;Trento;04;Trentino-Alto Adige/Südtirol
04;Trentino-Alto Adige/Südtirol;022;Trento;022152;Revò;022253;Novella;022;Trento;04;Trentino-Alto Adige/Südtirol
04;Trentino-Alto Adige/Südtirol;022;Trento;022153;Riva del Garda;022153;Riva del Garda;022;Trento;04;Trentino-Alto Adige/Südtirol
04;Trentino-Alto Adige/Südtirol;022;Trento;022154;Romallo;022253;Novella;022;Trento;04;Trentino-Alto Adige/Südtirol
04;Trentino-Alto Adige/Südtirol;022;Trento;022155;Romeno;022155;Romeno;022;Trento;04;Trentino-Alto Adige/Südtirol
04;Trentino-Alto Adige/Südtirol;022;Trento;022156;Roncegno Terme;022156;Roncegno Terme;022;Trento;04;Trentino-Alto Adige/Südtirol
04;Trentino-Alto Adige/Südtirol;022;Trento;022157;Ronchi Valsugana;022157;Ronchi Valsugana;022;Trento;04;Trentino-Alto Adige/Südtirol
04;Trentino-Alto Adige/Südtirol;022;Trento;022158;Roncone;022246;Sella Giudicarie;022;Trento;04;Trentino-Alto Adige/Südtirol
04;Trentino-Alto Adige/Südtirol;022;Trento;022159;Ronzone;022159;Ronzone;022;Trento;04;Trentino-Alto Adige/Südtirol
04;Trentino-Alto Adige/Südtirol;022;Trento;022160;Roverè della Luna;022160;Roverè della Luna;022;Trento;04;Trentino-Alto Adige/Südtirol
04;Trentino-Alto Adige/Südtirol;022;Trento;022161;Rovereto;022161;Rovereto;022;Trento;04;Trentino-Alto Adige/Südtirol
04;Trentino-Alto Adige/Südtirol;022;Trento;022162;Ruffrè-Mendola;022162;Ruffrè-Mendola;022;Trento;04;Trentino-Alto Adige/Südtirol
04;Trentino-Alto Adige/Südtirol;022;Trento;022163;Rumo;022163;Rumo;022;Trento;04;Trentino-Alto Adige/Südtirol
04;Trentino-Alto Adige/Südtirol;022;Trento;022164;Sagron Mis;022164;Sagron Mis;022;Trento;04;Trentino-Alto Adige/Südtirol
04;Trentino-Alto Adige/Südtirol;022;Trento;022165;Samone;022165;Samone;022;Trento;04;Trentino-Alto Adige/Südtirol
04;Trentino-Alto Adige/Südtirol;022;Trento;022166;San Lorenzo in Banale;022231;San Lorenzo Dorsino;022;Trento;04;Trentino-Alto Adige/Südtirol
04;Trentino-Alto Adige/Südtirol;022;Trento;022167;San Michele all'Adige;022167;San Michele all'Adige;022;Trento;04;Trentino-Alto Adige/Südtirol
04;Trentino-Alto Adige/Südtirol;022;Trento;022168;Sant'Orsola Terme;022168;Sant'Orsola Terme;022;Trento;04;Trentino-Alto Adige/Südtirol
04;Trentino-Alto Adige/Südtirol;022;Trento;022169;Sanzeno;022169;Sanzeno;022;Trento;04;Trentino-Alto Adige/Südtirol
04;Trentino-Alto Adige/Südtirol;022;Trento;022170;Sarnonico;022170;Sarnonico;022;Trento;04;Trentino-Alto Adige/Südtirol
04;Trentino-Alto Adige/Südtirol;022;Trento;022171;Scurelle;022171;Scurelle;022;Trento;04;Trentino-Alto Adige/Südtirol
04;Trentino-Alto Adige/Südtirol;022;Trento;022172;Segonzano;022172;Segonzano;022;Trento;04;Trentino-Alto Adige/Südtirol
04;Trentino-Alto Adige/Südtirol;022;Trento;022173;Sfruz;022173;Sfruz;022;Trento;04;Trentino-Alto Adige/Südtirol
04;Trentino-Alto Adige/Südtirol;022;Trento;022174;Siror;022245;Primiero San Martino di Castrozza;022;Trento;04;Trentino-Alto Adige/Südtirol
04;Trentino-Alto Adige/Südtirol;022;Trento;022175;Smarano;022230;Predaia;022;Trento;04;Trentino-Alto Adige/Südtirol
04;Trentino-Alto Adige/Südtirol;022;Trento;022176;Soraga;022176;Soraga di Fassa;022;Trento;04;Trentino-Alto Adige/Südtirol
04;Trentino-Alto Adige/Südtirol;022;Trento;022177;Sover;022177;Sover;022;Trento;04;Trentino-Alto Adige/Südtirol
04;Trentino-Alto Adige/Südtirol;022;Trento;022178;Spera;022240;Castel Ivano;022;Trento;04;Trentino-Alto Adige/Südtirol
04;Trentino-Alto Adige/Südtirol;022;Trento;022179;Spiazzo;022179;Spiazzo;022;Trento;04;Trentino-Alto Adige/Südtirol
04;Trentino-Alto Adige/Südtirol;022;Trento;022180;Spormaggiore;022180;Spormaggiore;022;Trento;04;Trentino-Alto Adige/Südtirol
04;Trentino-Alto Adige/Südtirol;022;Trento;022181;Sporminore;022181;Sporminore;022;Trento;04;Trentino-Alto Adige/Südtirol
04;Trentino-Alto Adige/Südtirol;022;Trento;022182;Stenico;022182;Stenico;022;Trento;04;Trentino-Alto Adige/Südtirol
04;Trentino-Alto Adige/Südtirol;022;Trento;022183;Storo;022183;Storo;022;Trento;04;Trentino-Alto Adige/Südtirol
04;Trentino-Alto Adige/Südtirol;022;Trento;022184;Strembo;022184;Strembo;022;Trento;04;Trentino-Alto Adige/Südtirol
04;Trentino-Alto Adige/Südtirol;022;Trento;022185;Strigno;022240;Castel Ivano;022;Trento;04;Trentino-Alto Adige/Südtirol
04;Trentino-Alto Adige/Südtirol;022;Trento;022186;Taio;022230;Predaia;022;Trento;04;Trentino-Alto Adige/Südtirol
04;Trentino-Alto Adige/Südtirol;022;Trento;022187;Tassullo;022249;Ville d'Anaunia;022;Trento;04;Trentino-Alto Adige/Südtirol
04;Trentino-Alto Adige/Südtirol;022;Trento;022188;Telve;022188;Telve;022;Trento;04;Trentino-Alto Adige/Südtirol
04;Trentino-Alto Adige/Südtirol;022;Trento;022189;Telve di Sopra;022189;Telve di Sopra;022;Trento;04;Trentino-Alto Adige/Südtirol
04;Trentino-Alto Adige/Südtirol;022;Trento;022190;Tenna;022190;Tenna;022;Trento;04;Trentino-Alto Adige/Südtirol
04;Trentino-Alto Adige/Südtirol;022;Trento;022191;Tenno;022191;Tenno;022;Trento;04;Trentino-Alto Adige/Südtirol
04;Trentino-Alto Adige/Südtirol;022;Trento;022192;Terlago;022248;Vallelaghi;022;Trento;04;Trentino-Alto Adige/Südtirol
04;Trentino-Alto Adige/Südtirol;022;Trento;022193;Terragnolo;022193;Terragnolo;022;Trento;04;Trentino-Alto Adige/Südtirol
04;Trentino-Alto Adige/Südtirol;022;Trento;022194;Terres;022242;Contà;022;Trento;04;Trentino-Alto Adige/Südtirol
04;Trentino-Alto Adige/Südtirol;022;Trento;022195;Terzolas;022195;Terzolas;022;Trento;04;Trentino-Alto Adige/Südtirol
04;Trentino-Alto Adige/Südtirol;022;Trento;022196;Tesero;022196;Tesero;022;Trento;04;Trentino-Alto Adige/Südtirol
04;Trentino-Alto Adige/Südtirol;022;Trento;022199;Tione di Trento;022199;Tione di Trento;022;Trento;04;Trentino-Alto Adige/Südtirol
04;Trentino-Alto Adige/Südtirol;022;Trento;022200;Ton;022200;Ton;022;Trento;04;Trentino-Alto Adige/Südtirol
04;Trentino-Alto Adige/Südtirol;022;Trento;022201;Tonadico;022245;Primiero San Martino di Castrozza;022;Trento;04;Trentino-Alto Adige/Südtirol
04;Trentino-Alto Adige/Südtirol;022;Trento;022202;Torcegno;022202;Torcegno;022;Trento;04;Trentino-Alto Adige/Südtirol
04;Trentino-Alto Adige/Südtirol;022;Trento;022203;Trambileno;022203;Trambileno;022;Trento;04;Trentino-Alto Adige/Südtirol
04;Trentino-Alto Adige/Südtirol;022;Trento;022204;Transacqua;022245;Primiero San Martino di Castrozza;022;Trento;04;Trentino-Alto Adige/Südtirol
04;Trentino-Alto Adige/Südtirol;022;Trento;022205;Trento;022205;Trento;022;Trento;04;Trentino-Alto Adige/Südtirol
04;Trentino-Alto Adige/Südtirol;022;Trento;022206;Tres;022230;Predaia;022;Trento;04;Trentino-Alto Adige/Südtirol
04;Trentino-Alto Adige/Südtirol;022;Trento;022207;Tuenno;022249;Ville d'Anaunia;022;Trento;04;Trentino-Alto Adige/Südtirol
04;Trentino-Alto Adige/Südtirol;022;Trento;022208;Valda;022235;Altavalle;022;Trento;04;Trentino-Alto Adige/Südtirol
04;Trentino-Alto Adige/Südtirol;022;Trento;022209;Valfloriana;022209;Valfloriana;022;Trento;04;Trentino-Alto Adige/Südtirol
04;Trentino-Alto Adige/Südtirol;022;Trento;022210;Vallarsa;022210;Vallarsa;022;Trento;04;Trentino-Alto Adige/Südtirol
04;Trentino-Alto Adige/Südtirol;022;Trento;022211;Varena;022254;Ville di Fiemme;022;Trento;04;Trentino-Alto Adige/Südtirol
04;Trentino-Alto Adige/Südtirol;022;Trento;022212;Vattaro;022236;Altopiano della Vigolana;022;Trento;04;Trentino-Alto Adige/Südtirol
04;Trentino-Alto Adige/Südtirol;022;Trento;022213;Vermiglio;022213;Vermiglio;022;Trento;04;Trentino-Alto Adige/Südtirol
04;Trentino-Alto Adige/Südtirol;022;Trento;022214;Vervò;022230;Predaia;022;Trento;04;Trentino-Alto Adige/Südtirol
04;Trentino-Alto Adige/Südtirol;022;Trento;022215;Vezzano;022248;Vallelaghi;022;Trento;04;Trentino-Alto Adige/Südtirol
04;Trentino-Alto Adige/Südtirol;022;Trento;022216;Vignola-Falesina;022216;Vignola-Falesina;022;Trento;04;Trentino-Alto Adige/Südtirol
04;Trentino-Alto Adige/Südtirol;022;Trento;022217;Vigo di Fassa;022250;San Giovanni di Fassa-Sèn Jan;022;Trento;04;Trentino-Alto Adige/Südtirol
04;Trentino-Alto Adige/Südtirol;022;Trento;022219;Vigolo Vattaro;022236;Altopiano della Vigolana;022;Trento;04;Trentino-Alto Adige/Südtirol
04;Trentino-Alto Adige/Südtirol;022;Trento;022220;Vigo Rendena;022244;Porte di Rendena;022;Trento;04;Trentino-Alto Adige/Südtirol
04;Trentino-Alto Adige/Südtirol;022;Trento;022221;Villa Agnedo;022240;Castel Ivano;022;Trento;04;Trentino-Alto Adige/Südtirol
04;Trentino-Alto Adige/Südtirol;022;Trento;022222;Villa Lagarina;022222;Villa Lagarina;022;Trento;04;Trentino-Alto Adige/Südtirol
04;Trentino-Alto Adige/Südtirol;022;Trento;022223;Villa Rendena;022244;Porte di Rendena;022;Trento;04;Trentino-Alto Adige/Südtirol
04;Trentino-Alto Adige/Südtirol;022;Trento;022224;Volano;022224;Volano;022;Trento;04;Trentino-Alto Adige/Südtirol
04;Trentino-Alto Adige/Südtirol;022;Trento;022225;Zambana;022251;Terre d'Adige;022;Trento;04;Trentino-Alto Adige/Südtirol
04;Trentino-Alto Adige/Südtirol;022;Trento;022226;Ziano di Fiemme;022226;Ziano di Fiemme;022;Trento;04;Trentino-Alto Adige/Südtirol
04;Trentino-Alto Adige/Südtirol;022;Trento;022227;Zuclo;022239;Borgo Lares;022;Trento;04;Trentino-Alto Adige/Südtirol
04;Trentino-Alto Adige/Südtirol;022;Trento;022228;Comano Terme;022228;Comano Terme;022;Trento;04;Trentino-Alto Adige/Südtirol
04;Trentino-Alto Adige/Südtirol;022;Trento;022229;Ledro;022229;Ledro;022;Trento;04;Trentino-Alto Adige/Südtirol
05;Veneto;023;Verona;023001;Affi;023001;Affi;023;Verona;05;Veneto
05;Veneto;023;Verona;023002;Albaredo d'Adige;023002;Albaredo d'Adige;023;Verona;05;Veneto
05;Veneto;023;Verona;023003;Angiari;023003;Angiari;023;Verona;05;Veneto
05;Veneto;023;Verona;023004;Arcole;023004;Arcole;023;Verona;05;Veneto
05;Veneto;023;Verona;023005;Badia Calavena;023005;Badia Calavena;023;Verona;05;Veneto
05;Veneto;023;Verona;023006;Bardolino;023006;Bardolino;023;Verona;05;Veneto
05;Veneto;023;Verona;023007;Belfiore;023007;Belfiore;023;Verona;05;Veneto
05;Veneto;023;Verona;023008;Bevilacqua;023008;Bevilacqua;023;Verona;05;Veneto
05;Veneto;023;Verona;023009;Bonavigo;023009;Bonavigo;023;Verona;05;Veneto
05;Veneto;023;Verona;023010;Boschi Sant'Anna;023010;Boschi Sant'Anna;023;Verona;05;Veneto
05;Veneto;023;Verona;023011;Bosco Chiesanuova;023011;Bosco Chiesanuova;023;Verona;05;Veneto
05;Veneto;023;Verona;023012;Bovolone;023012;Bovolone;023;Verona;05;Veneto
05;Veneto;023;Verona;023013;Brentino Belluno;023013;Brentino Belluno;023;Verona;05;Veneto
05;Veneto;023;Verona;023014;Brenzone;023014;Brenzone sul Garda;023;Verona;05;Veneto
05;Veneto;023;Verona;023015;Bussolengo;023015;Bussolengo;023;Verona;05;Veneto
05;Veneto;023;Verona;023016;Buttapietra;023016;Buttapietra;023;Verona;05;Veneto
05;Veneto;023;Verona;023017;Caldiero;023017;Caldiero;023;Verona;05;Veneto
05;Veneto;023;Verona;023018;Caprino Veronese;023018;Caprino Veronese;023;Verona;05;Veneto
05;Veneto;023;Verona;023019;Casaleone;023019;Casaleone;023;Verona;05;Veneto
05;Veneto;023;Verona;023020;Castagnaro;023020;Castagnaro;023;Verona;05;Veneto
05;Veneto;023;Verona;023021;Castel d'Azzano;023021;Castel d'Azzano;023;Verona;05;Veneto
05;Veneto;023;Verona;023022;Castelnuovo del Garda;023022;Castelnuovo del Garda;023;Verona;05;Veneto
05;Veneto;023;Verona;023023;Cavaion Veronese;023023;Cavaion Veronese;023;Verona;05;Veneto
05;Veneto;023;Verona;023024;Cazzano di Tramigna;023024;Cazzano di Tramigna;023;Verona;05;Veneto
05;Veneto;023;Verona;023025;Cerea;023025;Cerea;023;Verona;05;Veneto
05;Veneto;023;Verona;023026;Cerro Veronese;023026;Cerro Veronese;023;Verona;05;Veneto
05;Veneto;023;Verona;023027;Cologna Veneta;023027;Cologna Veneta;023;Verona;05;Veneto
05;Veneto;023;Verona;023028;Colognola ai Colli;023028;Colognola ai Colli;023;Verona;05;Veneto
05;Veneto;023;Verona;023029;Concamarise;023029;Concamarise;023;Verona;05;Veneto
05;Veneto;023;Verona;023030;Costermano;023030;Costermano sul Garda;023;Verona;05;Veneto
05;Veneto;023;Verona;023031;Dolcè;023031;Dolcè;023;Verona;05;Veneto
05;Veneto;023;Verona;023032;Erbè;023032;Erbè;023;Verona;05;Veneto
05;Veneto;023;Verona;023033;Erbezzo;023033;Erbezzo;023;Verona;05;Veneto
05;Veneto;023;Verona;023034;Ferrara di Monte Baldo;023034;Ferrara di Monte Baldo;023;Verona;05;Veneto
05;Veneto;023;Verona;023035;Fumane;023035;Fumane;023;Verona;05;Veneto
05;Veneto;023;Verona;023036;Garda;023036;Garda;023;Verona;05;Veneto
05;Veneto;023;Verona;023037;Gazzo Veronese;023037;Gazzo Veronese;023;Verona;05;Veneto
05;Veneto;023;Verona;023038;Grezzana;023038;Grezzana;023;Verona;05;Veneto
05;Veneto;023;Verona;023039;Illasi;023039;Illasi;023;Verona;05;Veneto
05;Veneto;023;Verona;023040;Isola della Scala;023040;Isola della Scala;023;Verona;05;Veneto
05;Veneto;023;Verona;023041;Isola Rizza;023041;Isola Rizza;023;Verona;05;Veneto
05;Veneto;023;Verona;023042;Lavagno;023042;Lavagno;023;Verona;05;Veneto
05;Veneto;023;Verona;023043;Lazise;023043;Lazise;023;Verona;05;Veneto
05;Veneto;023;Verona;023044;Legnago;023044;Legnago;023;Verona;05;Veneto
05;Veneto;023;Verona;023045;Malcesine;023045;Malcesine;023;Verona;05;Veneto
05;Veneto;023;Verona;023046;Marano di Valpolicella;023046;Marano di Valpolicella;023;Verona;05;Veneto
05;Veneto;023;Verona;023047;Mezzane di Sotto;023047;Mezzane di Sotto;023;Verona;05;Veneto
05;Veneto;023;Verona;023048;Minerbe;023048;Minerbe;023;Verona;05;Veneto
05;Veneto;023;Verona;023049;Montecchia di Crosara;023049;Montecchia di Crosara;023;Verona;05;Veneto
05;Veneto;023;Verona;023050;Monteforte d'Alpone;023050;Monteforte d'Alpone;023;Verona;05;Veneto
05;Veneto;023;Verona;023051;Mozzecane;023051;Mozzecane;023;Verona;05;Veneto
05;Veneto;023;Verona;023052;Negrar;023052;Negrar di Valpolicella;023;Verona;05;Veneto
05;Veneto;023;Verona;023053;Nogara;023053;Nogara;023;Verona;05;Veneto
05;Veneto;023;Verona;023054;Nogarole Rocca;023054;Nogarole Rocca;023;Verona;05;Veneto
05;Veneto;023;Verona;023055;Oppeano;023055;Oppeano;023;Verona;05;Veneto
05;Veneto;023;Verona;023056;Palù;023056;Palù;023;Verona;05;Veneto
05;Veneto;023;Verona;023057;Pastrengo;023057;Pastrengo;023;Verona;05;Veneto
05;Veneto;023;Verona;023058;Pescantina;023058;Pescantina;023;Verona;05;Veneto
05;Veneto;023;Verona;023059;Peschiera del Garda;023059;Peschiera del Garda;023;Verona;05;Veneto
05;Veneto;023;Verona;023060;Povegliano Veronese;023060;Povegliano Veronese;023;Verona;05;Veneto
05;Veneto;023;Verona;023061;Pressana;023061;Pressana;023;Verona;05;Veneto
05;Veneto;023;Verona;023062;Rivoli Veronese;023062;Rivoli Veronese;023;Verona;05;Veneto
05;Veneto;023;Verona;023063;Roncà;023063;Roncà;023;Verona;05;Veneto
05;Veneto;023;Verona;023064;Ronco all'Adige;023064;Ronco all'Adige;023;Verona;05;Veneto
05;Veneto;023;Verona;023065;Roverchiara;023065;Roverchiara;023;Verona;05;Veneto
05;Veneto;023;Verona;023066;Roveredo di Guà;023066;Roveredo di Guà;023;Verona;05;Veneto
05;Veneto;023;Verona;023067;Roverè Veronese;023067;Roverè Veronese;023;Verona;05;Veneto
05;Veneto;023;Verona;023068;Salizzole;023068;Salizzole;023;Verona;05;Veneto
05;Veneto;023;Verona;023069;San Bonifacio;023069;San Bonifacio;023;Verona;05;Veneto
05;Veneto;023;Verona;023070;San Giovanni Ilarione;023070;San Giovanni Ilarione;023;Verona;05;Veneto
05;Veneto;023;Verona;023071;San Giovanni Lupatoto;023071;San Giovanni Lupatoto;023;Verona;05;Veneto
05;Veneto;023;Verona;023072;Sanguinetto;023072;Sanguinetto;023;Verona;05;Veneto
05;Veneto;023;Verona;023073;San Martino Buon Albergo;023073;San Martino Buon Albergo;023;Verona;05;Veneto
05;Veneto;023;Verona;023074;San Mauro di Saline;023074;San Mauro di Saline;023;Verona;05;Veneto
05;Veneto;023;Verona;023075;San Pietro di Morubio;023075;San Pietro di Morubio;023;Verona;05;Veneto
05;Veneto;023;Verona;023076;San Pietro in Cariano;023076;San Pietro in Cariano;023;Verona;05;Veneto
05;Veneto;023;Verona;023077;Sant'Ambrogio di Valpolicella;023077;Sant'Ambrogio di Valpolicella;023;Verona;05;Veneto
05;Veneto;023;Verona;023078;Sant'Anna d'Alfaedo;023078;Sant'Anna d'Alfaedo;023;Verona;05;Veneto
05;Veneto;023;Verona;023079;San Zeno di Montagna;023079;San Zeno di Montagna;023;Verona;05;Veneto
05;Veneto;023;Verona;023080;Selva di Progno;023080;Selva di Progno;023;Verona;05;Veneto
05;Veneto;023;Verona;023081;Soave;023081;Soave;023;Verona;05;Veneto
05;Veneto;023;Verona;023082;Sommacampagna;023082;Sommacampagna;023;Verona;05;Veneto
05;Veneto;023;Verona;023083;Sona;023083;Sona;023;Verona;05;Veneto
05;Veneto;023;Verona;023084;Sorgà;023084;Sorgà;023;Verona;05;Veneto
05;Veneto;023;Verona;023085;Terrazzo;023085;Terrazzo;023;Verona;05;Veneto
05;Veneto;023;Verona;023086;Torri del Benaco;023086;Torri del Benaco;023;Verona;05;Veneto
05;Veneto;023;Verona;023087;Tregnago;023087;Tregnago;023;Verona;05;Veneto
05;Veneto;023;Verona;023088;Trevenzuolo;023088;Trevenzuolo;023;Verona;05;Veneto
05;Veneto;023;Verona;023089;Valeggio sul Mincio;023089;Valeggio sul Mincio;023;Verona;05;Veneto
05;Veneto;023;Verona;023090;Velo Veronese;023090;Velo Veronese;023;Verona;05;Veneto
05;Veneto;023;Verona;023091;Verona;023091;Verona;023;Verona;05;Veneto
05;Veneto;023;Verona;023092;Veronella;023092;Veronella;023;Verona;05;Veneto
05;Veneto;023;Verona;023093;Vestenanova;023093;Vestenanova;023;Verona;05;Veneto
05;Veneto;023;Verona;023094;Vigasio;023094;Vigasio;023;Verona;05;Veneto
05;Veneto;023;Verona;023095;Villa Bartolomea;023095;Villa Bartolomea;023;Verona;05;Veneto
05;Veneto;023;Verona;023096;Villafranca di Verona;023096;Villafranca di Verona;023;Verona;05;Veneto
05;Veneto;023;Verona;023097;Zevio;023097;Zevio;023;Verona;05;Veneto
05;Veneto;023;Verona;023098;Zimella;023098;Zimella;023;Verona;05;Veneto
05;Veneto;024;Vicenza;024001;Agugliaro;024001;Agugliaro;024;Vicenza;05;Veneto
05;Veneto;024;Vicenza;024002;Albettone;024002;Albettone;024;Vicenza;05;Veneto
05;Veneto;024;Vicenza;024003;Alonte;024003;Alonte;024;Vicenza;05;Veneto
05;Veneto;024;Vicenza;024004;Altavilla Vicentina;024004;Altavilla Vicentina;024;Vicenza;05;Veneto
05;Veneto;024;Vicenza;024005;Altissimo;024005;Altissimo;024;Vicenza;05;Veneto
05;Veneto;024;Vicenza;024006;Arcugnano;024006;Arcugnano;024;Vicenza;05;Veneto
05;Veneto;024;Vicenza;024007;Arsiero;024007;Arsiero;024;Vicenza;05;Veneto
05;Veneto;024;Vicenza;024008;Arzignano;024008;Arzignano;024;Vicenza;05;Veneto
05;Veneto;024;Vicenza;024009;Asiago;024009;Asiago;024;Vicenza;05;Veneto
05;Veneto;024;Vicenza;024010;Asigliano Veneto;024010;Asigliano Veneto;024;Vicenza;05;Veneto
05;Veneto;024;Vicenza;024011;Barbarano Vicentino;024124;Barbarano Mossano;024;Vicenza;05;Veneto
05;Veneto;024;Vicenza;024012;Bassano del Grappa;024012;Bassano del Grappa;024;Vicenza;05;Veneto
05;Veneto;024;Vicenza;024013;Bolzano Vicentino;024013;Bolzano Vicentino;024;Vicenza;05;Veneto
05;Veneto;024;Vicenza;024014;Breganze;024014;Breganze;024;Vicenza;05;Veneto
05;Veneto;024;Vicenza;024015;Brendola;024015;Brendola;024;Vicenza;05;Veneto
05;Veneto;024;Vicenza;024016;Bressanvido;024016;Bressanvido;024;Vicenza;05;Veneto
05;Veneto;024;Vicenza;024017;Brogliano;024017;Brogliano;024;Vicenza;05;Veneto
05;Veneto;024;Vicenza;024018;Caldogno;024018;Caldogno;024;Vicenza;05;Veneto
05;Veneto;024;Vicenza;024019;Caltrano;024019;Caltrano;024;Vicenza;05;Veneto
05;Veneto;024;Vicenza;024020;Calvene;024020;Calvene;024;Vicenza;05;Veneto
05;Veneto;024;Vicenza;024021;Camisano Vicentino;024021;Camisano Vicentino;024;Vicenza;05;Veneto
05;Veneto;024;Vicenza;024022;Campiglia dei Berici;024022;Campiglia dei Berici;024;Vicenza;05;Veneto
05;Veneto;024;Vicenza;024023;Campolongo sul Brenta;024125;Valbrenta;024;Vicenza;05;Veneto
05;Veneto;024;Vicenza;024024;Carrè;024024;Carrè;024;Vicenza;05;Veneto
05;Veneto;024;Vicenza;024025;Cartigliano;024025;Cartigliano;024;Vicenza;05;Veneto
05;Veneto;024;Vicenza;024026;Cassola;024026;Cassola;024;Vicenza;05;Veneto
05;Veneto;024;Vicenza;024027;Castegnero;024027;Castegnero;024;Vicenza;05;Veneto
05;Veneto;024;Vicenza;024028;Castelgomberto;024028;Castelgomberto;024;Vicenza;05;Veneto
05;Veneto;024;Vicenza;024029;Chiampo;024029;Chiampo;024;Vicenza;05;Veneto
05;Veneto;024;Vicenza;024030;Chiuppano;024030;Chiuppano;024;Vicenza;05;Veneto
05;Veneto;024;Vicenza;024031;Cismon del Grappa;024125;Valbrenta;024;Vicenza;05;Veneto
05;Veneto;024;Vicenza;024032;Cogollo del Cengio;024032;Cogollo del Cengio;024;Vicenza;05;Veneto
05;Veneto;024;Vicenza;024033;Conco;024127;Lusiana Conco;024;Vicenza;05;Veneto
05;Veneto;024;Vicenza;024034;Cornedo Vicentino;024034;Cornedo Vicentino;024;Vicenza;05;Veneto
05;Veneto;024;Vicenza;024035;Costabissara;024035;Costabissara;024;Vicenza;05;Veneto
05;Veneto;024;Vicenza;024036;Creazzo;024036;Creazzo;024;Vicenza;05;Veneto
05;Veneto;024;Vicenza;024037;Crespadoro;024037;Crespadoro;024;Vicenza;05;Veneto
05;Veneto;024;Vicenza;024038;Dueville;024038;Dueville;024;Vicenza;05;Veneto
05;Veneto;024;Vicenza;024039;Enego;024039;Enego;024;Vicenza;05;Veneto
05;Veneto;024;Vicenza;024040;Fara Vicentino;024040;Fara Vicentino;024;Vicenza;05;Veneto
05;Veneto;024;Vicenza;024041;Foza;024041;Foza;024;Vicenza;05;Veneto
05;Veneto;024;Vicenza;024042;Gallio;024042;Gallio;024;Vicenza;05;Veneto
05;Veneto;024;Vicenza;024043;Gambellara;024043;Gambellara;024;Vicenza;05;Veneto
05;Veneto;024;Vicenza;024044;Gambugliano;024044;Gambugliano;024;Vicenza;05;Veneto
05;Veneto;024;Vicenza;024045;Grancona;024123;Val Liona;024;Vicenza;05;Veneto
05;Veneto;024;Vicenza;024046;Grisignano di Zocco;024046;Grisignano di Zocco;024;Vicenza;05;Veneto
05;Veneto;024;Vicenza;024047;Grumolo delle Abbadesse;024047;Grumolo delle Abbadesse;024;Vicenza;05;Veneto
05;Veneto;024;Vicenza;024048;Isola Vicentina;024048;Isola Vicentina;024;Vicenza;05;Veneto
05;Veneto;024;Vicenza;024049;Laghi;024049;Laghi;024;Vicenza;05;Veneto
05;Veneto;024;Vicenza;024050;Lastebasse;024050;Lastebasse;024;Vicenza;05;Veneto
05;Veneto;024;Vicenza;024051;Longare;024051;Longare;024;Vicenza;05;Veneto
05;Veneto;024;Vicenza;024052;Lonigo;024052;Lonigo;024;Vicenza;05;Veneto
05;Veneto;024;Vicenza;024053;Lugo di Vicenza;024053;Lugo di Vicenza;024;Vicenza;05;Veneto
05;Veneto;024;Vicenza;024054;Lusiana;024127;Lusiana Conco;024;Vicenza;05;Veneto
05;Veneto;024;Vicenza;024055;Malo;024055;Malo;024;Vicenza;05;Veneto
05;Veneto;024;Vicenza;024056;Marano Vicentino;024056;Marano Vicentino;024;Vicenza;05;Veneto
05;Veneto;024;Vicenza;024057;Marostica;024057;Marostica;024;Vicenza;05;Veneto
05;Veneto;024;Vicenza;024058;Mason Vicentino;024126;Colceresa;024;Vicenza;05;Veneto
05;Veneto;024;Vicenza;024059;Molvena;024126;Colceresa;024;Vicenza;05;Veneto
05;Veneto;024;Vicenza;024060;Montebello Vicentino;024060;Montebello Vicentino;024;Vicenza;05;Veneto
05;Veneto;024;Vicenza;024061;Montecchio Maggiore;024061;Montecchio Maggiore;024;Vicenza;05;Veneto
05;Veneto;024;Vicenza;024062;Montecchio Precalcino;024062;Montecchio Precalcino;024;Vicenza;05;Veneto
05;Veneto;024;Vicenza;024063;Monte di Malo;024063;Monte di Malo;024;Vicenza;05;Veneto
05;Veneto;024;Vicenza;024064;Montegalda;024064;Montegalda;024;Vicenza;05;Veneto
05;Veneto;024;Vicenza;024065;Montegaldella;024065;Montegaldella;024;Vicenza;05;Veneto
05;Veneto;024;Vicenza;024066;Monteviale;024066;Monteviale;024;Vicenza;05;Veneto
05;Veneto;024;Vicenza;024067;Monticello Conte Otto;024067;Monticello Conte Otto;024;Vicenza;05;Veneto
05;Veneto;024;Vicenza;024068;Montorso Vicentino;024068;Montorso Vicentino;024;Vicenza;05;Veneto
05;Veneto;024;Vicenza;024069;Mossano;024124;Barbarano Mossano;024;Vicenza;05;Veneto
05;Veneto;024;Vicenza;024070;Mussolente;024070;Mussolente;024;Vicenza;05;Veneto
05;Veneto;024;Vicenza;024071;Nanto;024071;Nanto;024;Vicenza;05;Veneto
05;Veneto;024;Vicenza;024072;Nogarole Vicentino;024072;Nogarole Vicentino;024;Vicenza;05;Veneto
05;Veneto;024;Vicenza;024073;Nove;024073;Nove;024;Vicenza;05;Veneto
05;Veneto;024;Vicenza;024074;Noventa Vicentina;024074;Noventa Vicentina;024;Vicenza;05;Veneto
05;Veneto;024;Vicenza;024075;Orgiano;024075;Orgiano;024;Vicenza;05;Veneto
05;Veneto;024;Vicenza;024076;Pedemonte;024076;Pedemonte;024;Vicenza;05;Veneto
05;Veneto;024;Vicenza;024077;Pianezze;024077;Pianezze;024;Vicenza;05;Veneto
05;Veneto;024;Vicenza;024078;Piovene Rocchette;024078;Piovene Rocchette;024;Vicenza;05;Veneto
05;Veneto;024;Vicenza;024079;Pojana Maggiore;024079;Pojana Maggiore;024;Vicenza;05;Veneto
05;Veneto;024;Vicenza;024080;Posina;024080;Posina;024;Vicenza;05;Veneto
05;Veneto;024;Vicenza;024081;Pove del Grappa;024081;Pove del Grappa;024;Vicenza;05;Veneto
05;Veneto;024;Vicenza;024082;Pozzoleone;024082;Pozzoleone;024;Vicenza;05;Veneto
05;Veneto;024;Vicenza;024083;Quinto Vicentino;024083;Quinto Vicentino;024;Vicenza;05;Veneto
05;Veneto;024;Vicenza;024084;Recoaro Terme;024084;Recoaro Terme;024;Vicenza;05;Veneto
05;Veneto;024;Vicenza;024085;Roana;024085;Roana;024;Vicenza;05;Veneto
05;Veneto;024;Vicenza;024086;Romano d'Ezzelino;024086;Romano d'Ezzelino;024;Vicenza;05;Veneto
05;Veneto;024;Vicenza;024087;Rosà;024087;Rosà;024;Vicenza;05;Veneto
05;Veneto;024;Vicenza;024088;Rossano Veneto;024088;Rossano Veneto;024;Vicenza;05;Veneto
05;Veneto;024;Vicenza;024089;Rotzo;024089;Rotzo;024;Vicenza;05;Veneto
05;Veneto;024;Vicenza;024090;Salcedo;024090;Salcedo;024;Vicenza;05;Veneto
05;Veneto;024;Vicenza;024091;Sandrigo;024091;Sandrigo;024;Vicenza;05;Veneto
05;Veneto;024;Vicenza;024092;San Germano dei Berici;024123;Val Liona;024;Vicenza;05;Veneto
05;Veneto;024;Vicenza;024093;San Nazario;024125;Valbrenta;024;Vicenza;05;Veneto
05;Veneto;024;Vicenza;024094;San Pietro Mussolino;024094;San Pietro Mussolino;024;Vicenza;05;Veneto
05;Veneto;024;Vicenza;024095;Santorso;024095;Santorso;024;Vicenza;05;Veneto
05;Veneto;024;Vicenza;024096;San Vito di Leguzzano;024096;San Vito di Leguzzano;024;Vicenza;05;Veneto
05;Veneto;024;Vicenza;024097;Sarcedo;024097;Sarcedo;024;Vicenza;05;Veneto
05;Veneto;024;Vicenza;024098;Sarego;024098;Sarego;024;Vicenza;05;Veneto
05;Veneto;024;Vicenza;024099;Schiavon;024099;Schiavon;024;Vicenza;05;Veneto
05;Veneto;024;Vicenza;024100;Schio;024100;Schio;024;Vicenza;05;Veneto
05;Veneto;024;Vicenza;024101;Solagna;024101;Solagna;024;Vicenza;05;Veneto
05;Veneto;024;Vicenza;024102;Sossano;024102;Sossano;024;Vicenza;05;Veneto
05;Veneto;024;Vicenza;024103;Sovizzo;024103;Sovizzo;024;Vicenza;05;Veneto
05;Veneto;024;Vicenza;024104;Tezze sul Brenta;024104;Tezze sul Brenta;024;Vicenza;05;Veneto
05;Veneto;024;Vicenza;024105;Thiene;024105;Thiene;024;Vicenza;05;Veneto
05;Veneto;024;Vicenza;024106;Tonezza del Cimone;024106;Tonezza del Cimone;024;Vicenza;05;Veneto
05;Veneto;024;Vicenza;024107;Torrebelvicino;024107;Torrebelvicino;024;Vicenza;05;Veneto
05;Veneto;024;Vicenza;024108;Torri di Quartesolo;024108;Torri di Quartesolo;024;Vicenza;05;Veneto
05;Veneto;024;Vicenza;024110;Trissino;024110;Trissino;024;Vicenza;05;Veneto
05;Veneto;024;Vicenza;024111;Valdagno;024111;Valdagno;024;Vicenza;05;Veneto
05;Veneto;024;Vicenza;024112;Valdastico;024112;Valdastico;024;Vicenza;05;Veneto
05;Veneto;024;Vicenza;024113;Valli del Pasubio;024113;Valli del Pasubio;024;Vicenza;05;Veneto
05;Veneto;024;Vicenza;024114;Valstagna;024125;Valbrenta;024;Vicenza;05;Veneto
05;Veneto;024;Vicenza;024115;Velo d'Astico;024115;Velo d'Astico;024;Vicenza;05;Veneto
05;Veneto;024;Vicenza;024116;Vicenza;024116;Vicenza;024;Vicenza;05;Veneto
05;Veneto;024;Vicenza;024117;Villaga;024117;Villaga;024;Vicenza;05;Veneto
05;Veneto;024;Vicenza;024118;Villaverla;024118;Villaverla;024;Vicenza;05;Veneto
05;Veneto;024;Vicenza;024119;Zanè;024119;Zanè;024;Vicenza;05;Veneto
05;Veneto;024;Vicenza;024120;Zermeghedo;024120;Zermeghedo;024;Vicenza;05;Veneto
05;Veneto;024;Vicenza;024121;Zovencedo;024121;Zovencedo;024;Vicenza;05;Veneto
05;Veneto;024;Vicenza;024122;Zugliano;024122;Zugliano;024;Vicenza;05;Veneto
05;Veneto;025;Belluno;025001;Agordo;025001;Agordo;025;Belluno;05;Veneto
05;Veneto;025;Belluno;025002;Alano di Piave;025002;Alano di Piave;025;Belluno;05;Veneto
05;Veneto;025;Belluno;025003;Alleghe;025003;Alleghe;025;Belluno;05;Veneto
05;Veneto;025;Belluno;025004;Arsiè;025004;Arsiè;025;Belluno;05;Veneto
05;Veneto;025;Belluno;025005;Auronzo di Cadore;025005;Auronzo di Cadore;025;Belluno;05;Veneto
05;Veneto;025;Belluno;025006;Belluno;025006;Belluno;025;Belluno;05;Veneto
05;Veneto;025;Belluno;025007;Borca di Cadore;025007;Borca di Cadore;025;Belluno;05;Veneto
05;Veneto;025;Belluno;025008;Calalzo di Cadore;025008;Calalzo di Cadore;025;Belluno;05;Veneto
05;Veneto;025;Belluno;025009;Castellavazzo;025071;Longarone;025;Belluno;05;Veneto
05;Veneto;025;Belluno;025010;Cencenighe Agordino;025010;Cencenighe Agordino;025;Belluno;05;Veneto
05;Veneto;025;Belluno;025011;Cesiomaggiore;025011;Cesiomaggiore;025;Belluno;05;Veneto
05;Veneto;025;Belluno;025012;Chies d'Alpago;025012;Chies d'Alpago;025;Belluno;05;Veneto
05;Veneto;025;Belluno;025013;Cibiana di Cadore;025013;Cibiana di Cadore;025;Belluno;05;Veneto
05;Veneto;025;Belluno;025014;Colle Santa Lucia;025014;Colle Santa Lucia;025;Belluno;05;Veneto
05;Veneto;025;Belluno;025015;Comelico Superiore;025015;Comelico Superiore;025;Belluno;05;Veneto
05;Veneto;025;Belluno;025016;Cortina d'Ampezzo;025016;Cortina d'Ampezzo;025;Belluno;05;Veneto
05;Veneto;025;Belluno;025017;Danta di Cadore;025017;Danta di Cadore;025;Belluno;05;Veneto
05;Veneto;025;Belluno;025018;Domegge di Cadore;025018;Domegge di Cadore;025;Belluno;05;Veneto
05;Veneto;025;Belluno;025019;Falcade;025019;Falcade;025;Belluno;05;Veneto
05;Veneto;025;Belluno;025020;Farra d'Alpago;025072;Alpago;025;Belluno;05;Veneto
05;Veneto;025;Belluno;025021;Feltre;025021;Feltre;025;Belluno;05;Veneto
05;Veneto;025;Belluno;025022;Fonzaso;025022;Fonzaso;025;Belluno;05;Veneto
05;Veneto;025;Belluno;025023;Canale d'Agordo;025023;Canale d'Agordo;025;Belluno;05;Veneto
05;Veneto;025;Belluno;025024;Forno di Zoldo;025073;Val di Zoldo;025;Belluno;05;Veneto
05;Veneto;025;Belluno;025025;Gosaldo;025025;Gosaldo;025;Belluno;05;Veneto
05;Veneto;025;Belluno;025026;Lamon;025026;Lamon;025;Belluno;05;Veneto
05;Veneto;025;Belluno;025027;La Valle Agordina;025027;La Valle Agordina;025;Belluno;05;Veneto
05;Veneto;025;Belluno;025028;Lentiai;025074;Borgo Valbelluna;025;Belluno;05;Veneto
05;Veneto;025;Belluno;025029;Limana;025029;Limana;025;Belluno;05;Veneto
05;Veneto;025;Belluno;025030;Livinallongo del Col di Lana;025030;Livinallongo del Col di Lana;025;Belluno;05;Veneto
05;Veneto;025;Belluno;025031;Longarone;025071;Longarone;025;Belluno;05;Veneto
05;Veneto;025;Belluno;025032;Lorenzago di Cadore;025032;Lorenzago di Cadore;025;Belluno;05;Veneto
05;Veneto;025;Belluno;025033;Lozzo di Cadore;025033;Lozzo di Cadore;025;Belluno;05;Veneto
05;Veneto;025;Belluno;025034;Mel;025074;Borgo Valbelluna;025;Belluno;05;Veneto
05;Veneto;025;Belluno;025035;Ospitale di Cadore;025035;Ospitale di Cadore;025;Belluno;05;Veneto
05;Veneto;025;Belluno;025036;Pedavena;025036;Pedavena;025;Belluno;05;Veneto
05;Veneto;025;Belluno;025037;Perarolo di Cadore;025037;Perarolo di Cadore;025;Belluno;05;Veneto
05;Veneto;025;Belluno;025038;Pieve d'Alpago;025072;Alpago;025;Belluno;05;Veneto
05;Veneto;025;Belluno;025039;Pieve di Cadore;025039;Pieve di Cadore;025;Belluno;05;Veneto
05;Veneto;025;Belluno;025040;Ponte nelle Alpi;025040;Ponte nelle Alpi;025;Belluno;05;Veneto
05;Veneto;025;Belluno;025041;Puos d'Alpago;025072;Alpago;025;Belluno;05;Veneto
05;Veneto;025;Belluno;025042;Quero;025070;Quero Vas;025;Belluno;05;Veneto
05;Veneto;025;Belluno;025043;Rivamonte Agordino;025043;Rivamonte Agordino;025;Belluno;05;Veneto
05;Veneto;025;Belluno;025044;Rocca Pietore;025044;Rocca Pietore;025;Belluno;05;Veneto
05;Veneto;025;Belluno;025045;San Gregorio nelle Alpi;025045;San Gregorio nelle Alpi;025;Belluno;05;Veneto
05;Veneto;025;Belluno;025046;San Nicolò di Comelico;025046;San Nicolò di Comelico;025;Belluno;05;Veneto
05;Veneto;025;Belluno;025047;San Pietro di Cadore;025047;San Pietro di Cadore;025;Belluno;05;Veneto
05;Veneto;025;Belluno;025048;Santa Giustina;025048;Santa Giustina;025;Belluno;05;Veneto
05;Veneto;025;Belluno;025049;San Tomaso Agordino;025049;San Tomaso Agordino;025;Belluno;05;Veneto
05;Veneto;025;Belluno;025050;Santo Stefano di Cadore;025050;Santo Stefano di Cadore;025;Belluno;05;Veneto
05;Veneto;025;Belluno;025051;San Vito di Cadore;025051;San Vito di Cadore;025;Belluno;05;Veneto
05;Veneto;025;Belluno;025052;Sappada;030189;Sappada;030;Udine;06;Friuli-Venezia Giulia
05;Veneto;025;Belluno;025053;Sedico;025053;Sedico;025;Belluno;05;Veneto
05;Veneto;025;Belluno;025054;Selva di Cadore;025054;Selva di Cadore;025;Belluno;05;Veneto
05;Veneto;025;Belluno;025055;Seren del Grappa;025055;Seren del Grappa;025;Belluno;05;Veneto
05;Veneto;025;Belluno;025056;Sospirolo;025056;Sospirolo;025;Belluno;05;Veneto
05;Veneto;025;Belluno;025057;Soverzene;025057;Soverzene;025;Belluno;05;Veneto
05;Veneto;025;Belluno;025058;Sovramonte;025058;Sovramonte;025;Belluno;05;Veneto
05;Veneto;025;Belluno;025059;Taibon Agordino;025059;Taibon Agordino;025;Belluno;05;Veneto
05;Veneto;025;Belluno;025060;Tambre;025060;Tambre;025;Belluno;05;Veneto
05;Veneto;025;Belluno;025061;Trichiana;025074;Borgo Valbelluna;025;Belluno;05;Veneto
05;Veneto;025;Belluno;025062;Vallada Agordina;025062;Vallada Agordina;025;Belluno;05;Veneto
05;Veneto;025;Belluno;025063;Valle di Cadore;025063;Valle di Cadore;025;Belluno;05;Veneto
05;Veneto;025;Belluno;025064;Vas;025070;Quero Vas;025;Belluno;05;Veneto
05;Veneto;025;Belluno;025065;Vigo di Cadore;025065;Vigo di Cadore;025;Belluno;05;Veneto
05;Veneto;025;Belluno;025066;Vodo Cadore;025066;Vodo Cadore;025;Belluno;05;Veneto
05;Veneto;025;Belluno;025067;Voltago Agordino;025067;Voltago Agordino;025;Belluno;05;Veneto
05;Veneto;025;Belluno;025068;Zoldo Alto;025073;Val di Zoldo;025;Belluno;05;Veneto
05;Veneto;025;Belluno;025069;Zoppè di Cadore;025069;Zoppè di Cadore;025;Belluno;05;Veneto
05;Veneto;026;Treviso;026001;Altivole;026001;Altivole;026;Treviso;05;Veneto
05;Veneto;026;Treviso;026002;Arcade;026002;Arcade;026;Treviso;05;Veneto
05;Veneto;026;Treviso;026003;Asolo;026003;Asolo;026;Treviso;05;Veneto
05;Veneto;026;Treviso;026004;Borso del Grappa;026004;Borso del Grappa;026;Treviso;05;Veneto
05;Veneto;026;Treviso;026005;Breda di Piave;026005;Breda di Piave;026;Treviso;05;Veneto
05;Veneto;026;Treviso;026006;Caerano di San Marco;026006;Caerano di San Marco;026;Treviso;05;Veneto
05;Veneto;026;Treviso;026007;Cappella Maggiore;026007;Cappella Maggiore;026;Treviso;05;Veneto
05;Veneto;026;Treviso;026008;Carbonera;026008;Carbonera;026;Treviso;05;Veneto
05;Veneto;026;Treviso;026009;Casale sul Sile;026009;Casale sul Sile;026;Treviso;05;Veneto
05;Veneto;026;Treviso;026010;Casier;026010;Casier;026;Treviso;05;Veneto
05;Veneto;026;Treviso;026011;Castelcucco;026011;Castelcucco;026;Treviso;05;Veneto
05;Veneto;026;Treviso;026012;Castelfranco Veneto;026012;Castelfranco Veneto;026;Treviso;05;Veneto
05;Veneto;026;Treviso;026013;Castello di Godego;026013;Castello di Godego;026;Treviso;05;Veneto
05;Veneto;026;Treviso;026014;Cavaso del Tomba;026014;Cavaso del Tomba;026;Treviso;05;Veneto
05;Veneto;026;Treviso;026015;Cessalto;026015;Cessalto;026;Treviso;05;Veneto
05;Veneto;026;Treviso;026016;Chiarano;026016;Chiarano;026;Treviso;05;Veneto
05;Veneto;026;Treviso;026017;Cimadolmo;026017;Cimadolmo;026;Treviso;05;Veneto
05;Veneto;026;Treviso;026018;Cison di Valmarino;026018;Cison di Valmarino;026;Treviso;05;Veneto
05;Veneto;026;Treviso;026019;Codognè;026019;Codognè;026;Treviso;05;Veneto
05;Veneto;026;Treviso;026020;Colle Umberto;026020;Colle Umberto;026;Treviso;05;Veneto
05;Veneto;026;Treviso;026021;Conegliano;026021;Conegliano;026;Treviso;05;Veneto
05;Veneto;026;Treviso;026022;Cordignano;026022;Cordignano;026;Treviso;05;Veneto
05;Veneto;026;Treviso;026023;Cornuda;026023;Cornuda;026;Treviso;05;Veneto
05;Veneto;026;Treviso;026024;Crespano del Grappa;026096;Pieve del Grappa;026;Treviso;05;Veneto
05;Veneto;026;Treviso;026025;Crocetta del Montello;026025;Crocetta del Montello;026;Treviso;05;Veneto
05;Veneto;026;Treviso;026026;Farra di Soligo;026026;Farra di Soligo;026;Treviso;05;Veneto
05;Veneto;026;Treviso;026027;Follina;026027;Follina;026;Treviso;05;Veneto
05;Veneto;026;Treviso;026028;Fontanelle;026028;Fontanelle;026;Treviso;05;Veneto
05;Veneto;026;Treviso;026029;Fonte;026029;Fonte;026;Treviso;05;Veneto
05;Veneto;026;Treviso;026030;Fregona;026030;Fregona;026;Treviso;05;Veneto
05;Veneto;026;Treviso;026031;Gaiarine;026031;Gaiarine;026;Treviso;05;Veneto
05;Veneto;026;Treviso;026032;Giavera del Montello;026032;Giavera del Montello;026;Treviso;05;Veneto
05;Veneto;026;Treviso;026033;Godega di Sant'Urbano;026033;Godega di Sant'Urbano;026;Treviso;05;Veneto
05;Veneto;026;Treviso;026034;Gorgo al Monticano;026034;Gorgo al Monticano;026;Treviso;05;Veneto
05;Veneto;026;Treviso;026035;Istrana;026035;Istrana;026;Treviso;05;Veneto
05;Veneto;026;Treviso;026036;Loria;026036;Loria;026;Treviso;05;Veneto
05;Veneto;026;Treviso;026037;Mansuè;026037;Mansuè;026;Treviso;05;Veneto
05;Veneto;026;Treviso;026038;Mareno di Piave;026038;Mareno di Piave;026;Treviso;05;Veneto
05;Veneto;026;Treviso;026039;Maser;026039;Maser;026;Treviso;05;Veneto
05;Veneto;026;Treviso;026040;Maserada sul Piave;026040;Maserada sul Piave;026;Treviso;05;Veneto
05;Veneto;026;Treviso;026041;Meduna di Livenza;026041;Meduna di Livenza;026;Treviso;05;Veneto
05;Veneto;026;Treviso;026042;Miane;026042;Miane;026;Treviso;05;Veneto
05;Veneto;026;Treviso;026043;Mogliano Veneto;026043;Mogliano Veneto;026;Treviso;05;Veneto
05;Veneto;026;Treviso;026044;Monastier di Treviso;026044;Monastier di Treviso;026;Treviso;05;Veneto
05;Veneto;026;Treviso;026045;Monfumo;026045;Monfumo;026;Treviso;05;Veneto
05;Veneto;026;Treviso;026046;Montebelluna;026046;Montebelluna;026;Treviso;05;Veneto
05;Veneto;026;Treviso;026047;Morgano;026047;Morgano;026;Treviso;05;Veneto
05;Veneto;026;Treviso;026048;Moriago della Battaglia;026048;Moriago della Battaglia;026;Treviso;05;Veneto
05;Veneto;026;Treviso;026049;Motta di Livenza;026049;Motta di Livenza;026;Treviso;05;Veneto
05;Veneto;026;Treviso;026050;Nervesa della Battaglia;026050;Nervesa della Battaglia;026;Treviso;05;Veneto
05;Veneto;026;Treviso;026051;Oderzo;026051;Oderzo;026;Treviso;05;Veneto
05;Veneto;026;Treviso;026052;Ormelle;026052;Ormelle;026;Treviso;05;Veneto
05;Veneto;026;Treviso;026053;Orsago;026053;Orsago;026;Treviso;05;Veneto
05;Veneto;026;Treviso;026054;Paderno del Grappa;026096;Pieve del Grappa;026;Treviso;05;Veneto
05;Veneto;026;Treviso;026055;Paese;026055;Paese;026;Treviso;05;Veneto
05;Veneto;026;Treviso;026056;Pederobba;026056;Pederobba;026;Treviso;05;Veneto
05;Veneto;026;Treviso;026057;Pieve di Soligo;026057;Pieve di Soligo;026;Treviso;05;Veneto
05;Veneto;026;Treviso;026058;Ponte di Piave;026058;Ponte di Piave;026;Treviso;05;Veneto
05;Veneto;026;Treviso;026059;Ponzano Veneto;026059;Ponzano Veneto;026;Treviso;05;Veneto
05;Veneto;026;Treviso;026060;Portobuffolè;026060;Portobuffolè;026;Treviso;05;Veneto
05;Veneto;026;Treviso;026061;Possagno;026061;Possagno;026;Treviso;05;Veneto
05;Veneto;026;Treviso;026062;Povegliano;026062;Povegliano;026;Treviso;05;Veneto
05;Veneto;026;Treviso;026063;Preganziol;026063;Preganziol;026;Treviso;05;Veneto
05;Veneto;026;Treviso;026064;Quinto di Treviso;026064;Quinto di Treviso;026;Treviso;05;Veneto
05;Veneto;026;Treviso;026065;Refrontolo;026065;Refrontolo;026;Treviso;05;Veneto
05;Veneto;026;Treviso;026066;Resana;026066;Resana;026;Treviso;05;Veneto
05;Veneto;026;Treviso;026067;Revine Lago;026067;Revine Lago;026;Treviso;05;Veneto
05;Veneto;026;Treviso;026068;Riese Pio X;026068;Riese Pio X;026;Treviso;05;Veneto
05;Veneto;026;Treviso;026069;Roncade;026069;Roncade;026;Treviso;05;Veneto
05;Veneto;026;Treviso;026070;Salgareda;026070;Salgareda;026;Treviso;05;Veneto
05;Veneto;026;Treviso;026071;San Biagio di Callalta;026071;San Biagio di Callalta;026;Treviso;05;Veneto
05;Veneto;026;Treviso;026072;San Fior;026072;San Fior;026;Treviso;05;Veneto
05;Veneto;026;Treviso;026073;San Pietro di Feletto;026073;San Pietro di Feletto;026;Treviso;05;Veneto
05;Veneto;026;Treviso;026074;San Polo di Piave;026074;San Polo di Piave;026;Treviso;05;Veneto
05;Veneto;026;Treviso;026075;Santa Lucia di Piave;026075;Santa Lucia di Piave;026;Treviso;05;Veneto
05;Veneto;026;Treviso;026076;San Vendemiano;026076;San Vendemiano;026;Treviso;05;Veneto
05;Veneto;026;Treviso;026077;San Zenone degli Ezzelini;026077;San Zenone degli Ezzelini;026;Treviso;05;Veneto
05;Veneto;026;Treviso;026078;Sarmede;026078;Sarmede;026;Treviso;05;Veneto
05;Veneto;026;Treviso;026079;Segusino;026079;Segusino;026;Treviso;05;Veneto
05;Veneto;026;Treviso;026080;Sernaglia della Battaglia;026080;Sernaglia della Battaglia;026;Treviso;05;Veneto
05;Veneto;026;Treviso;026081;Silea;026081;Silea;026;Treviso;05;Veneto
05;Veneto;026;Treviso;026082;Spresiano;026082;Spresiano;026;Treviso;05;Veneto
05;Veneto;026;Treviso;026083;Susegana;026083;Susegana;026;Treviso;05;Veneto
05;Veneto;026;Treviso;026084;Tarzo;026084;Tarzo;026;Treviso;05;Veneto
05;Veneto;026;Treviso;026085;Trevignano;026085;Trevignano;026;Treviso;05;Veneto
05;Veneto;026;Treviso;026086;Treviso;026086;Treviso;026;Treviso;05;Veneto
05;Veneto;026;Treviso;026087;Valdobbiadene;026087;Valdobbiadene;026;Treviso;05;Veneto
05;Veneto;026;Treviso;026088;Vazzola;026088;Vazzola;026;Treviso;05;Veneto
05;Veneto;026;Treviso;026089;Vedelago;026089;Vedelago;026;Treviso;05;Veneto
05;Veneto;026;Treviso;026090;Vidor;026090;Vidor;026;Treviso;05;Veneto
05;Veneto;026;Treviso;026091;Villorba;026091;Villorba;026;Treviso;05;Veneto
05;Veneto;026;Treviso;026092;Vittorio Veneto;026092;Vittorio Veneto;026;Treviso;05;Veneto
05;Veneto;026;Treviso;026093;Volpago del Montello;026093;Volpago del Montello;026;Treviso;05;Veneto
05;Veneto;026;Treviso;026094;Zenson di Piave;026094;Zenson di Piave;026;Treviso;05;Veneto
05;Veneto;026;Treviso;026095;Zero Branco;026095;Zero Branco;026;Treviso;05;Veneto
05;Veneto;027;Venezia;027001;Annone Veneto;027001;Annone Veneto;227;Venezia;05;Veneto
05;Veneto;027;Venezia;027002;Campagna Lupia;027002;Campagna Lupia;227;Venezia;05;Veneto
05;Veneto;027;Venezia;027003;Campolongo Maggiore;027003;Campolongo Maggiore;227;Venezia;05;Veneto
05;Veneto;027;Venezia;027004;Camponogara;027004;Camponogara;227;Venezia;05;Veneto
05;Veneto;027;Venezia;027005;Caorle;027005;Caorle;227;Venezia;05;Veneto
05;Veneto;027;Venezia;027006;Cavarzere;027006;Cavarzere;227;Venezia;05;Veneto
05;Veneto;027;Venezia;027007;Ceggia;027007;Ceggia;227;Venezia;05;Veneto
05;Veneto;027;Venezia;027008;Chioggia;027008;Chioggia;227;Venezia;05;Veneto
05;Veneto;027;Venezia;027009;Cinto Caomaggiore;027009;Cinto Caomaggiore;227;Venezia;05;Veneto
05;Veneto;027;Venezia;027010;Cona;027010;Cona;227;Venezia;05;Veneto
05;Veneto;027;Venezia;027011;Concordia Sagittaria;027011;Concordia Sagittaria;227;Venezia;05;Veneto
05;Veneto;027;Venezia;027012;Dolo;027012;Dolo;227;Venezia;05;Veneto
05;Veneto;027;Venezia;027013;Eraclea;027013;Eraclea;227;Venezia;05;Veneto
05;Veneto;027;Venezia;027014;Fiesso d'Artico;027014;Fiesso d'Artico;227;Venezia;05;Veneto
05;Veneto;027;Venezia;027015;Fossalta di Piave;027015;Fossalta di Piave;227;Venezia;05;Veneto
05;Veneto;027;Venezia;027016;Fossalta di Portogruaro;027016;Fossalta di Portogruaro;227;Venezia;05;Veneto
05;Veneto;027;Venezia;027017;Fossò;027017;Fossò;227;Venezia;05;Veneto
05;Veneto;027;Venezia;027018;Gruaro;027018;Gruaro;227;Venezia;05;Veneto
05;Veneto;027;Venezia;027019;Jesolo;027019;Jesolo;227;Venezia;05;Veneto
05;Veneto;027;Venezia;027020;Marcon;027020;Marcon;227;Venezia;05;Veneto
05;Veneto;027;Venezia;027021;Martellago;027021;Martellago;227;Venezia;05;Veneto
05;Veneto;027;Venezia;027022;Meolo;027022;Meolo;227;Venezia;05;Veneto
05;Veneto;027;Venezia;027023;Mira;027023;Mira;227;Venezia;05;Veneto
05;Veneto;027;Venezia;027024;Mirano;027024;Mirano;227;Venezia;05;Veneto
05;Veneto;027;Venezia;027025;Musile di Piave;027025;Musile di Piave;227;Venezia;05;Veneto
05;Veneto;027;Venezia;027026;Noale;027026;Noale;227;Venezia;05;Veneto
05;Veneto;027;Venezia;027027;Noventa di Piave;027027;Noventa di Piave;227;Venezia;05;Veneto
05;Veneto;027;Venezia;027028;Pianiga;027028;Pianiga;227;Venezia;05;Veneto
05;Veneto;027;Venezia;027029;Portogruaro;027029;Portogruaro;227;Venezia;05;Veneto
05;Veneto;027;Venezia;027030;Pramaggiore;027030;Pramaggiore;227;Venezia;05;Veneto
05;Veneto;027;Venezia;027031;Quarto d'Altino;027031;Quarto d'Altino;227;Venezia;05;Veneto
05;Veneto;027;Venezia;027032;Salzano;027032;Salzano;227;Venezia;05;Veneto
05;Veneto;027;Venezia;027033;San Donà di Piave;027033;San Donà di Piave;227;Venezia;05;Veneto
05;Veneto;027;Venezia;027034;San Michele al Tagliamento;027034;San Michele al Tagliamento;227;Venezia;05;Veneto
05;Veneto;027;Venezia;027035;Santa Maria di Sala;027035;Santa Maria di Sala;227;Venezia;05;Veneto
05;Veneto;027;Venezia;027036;San Stino di Livenza;027036;San Stino di Livenza;227;Venezia;05;Veneto
05;Veneto;027;Venezia;027037;Scorzè;027037;Scorzè;227;Venezia;05;Veneto
05;Veneto;027;Venezia;027038;Spinea;027038;Spinea;227;Venezia;05;Veneto
05;Veneto;027;Venezia;027039;Stra;027039;Stra;227;Venezia;05;Veneto
05;Veneto;027;Venezia;027040;Teglio Veneto;027040;Teglio Veneto;227;Venezia;05;Veneto
05;Veneto;027;Venezia;027041;Torre di Mosto;027041;Torre di Mosto;227;Venezia;05;Veneto
05;Veneto;027;Venezia;027042;Venezia;027042;Venezia;227;Venezia;05;Veneto
05;Veneto;027;Venezia;027043;Vigonovo;027043;Vigonovo;227;Venezia;05;Veneto
05;Veneto;027;Venezia;027044;Cavallino-Treporti;027044;Cavallino-Treporti;227;Venezia;05;Veneto
05;Veneto;028;Padova;028001;Abano Terme;028001;Abano Terme;028;Padova;05;Veneto
05;Veneto;028;Padova;028002;Agna;028002;Agna;028;Padova;05;Veneto
05;Veneto;028;Padova;028003;Albignasego;028003;Albignasego;028;Padova;05;Veneto
05;Veneto;028;Padova;028004;Anguillara Veneta;028004;Anguillara Veneta;028;Padova;05;Veneto
05;Veneto;028;Padova;028005;Arquà Petrarca;028005;Arquà Petrarca;028;Padova;05;Veneto
05;Veneto;028;Padova;028006;Arre;028006;Arre;028;Padova;05;Veneto
05;Veneto;028;Padova;028007;Arzergrande;028007;Arzergrande;028;Padova;05;Veneto
05;Veneto;028;Padova;028008;Bagnoli di Sopra;028008;Bagnoli di Sopra;028;Padova;05;Veneto
05;Veneto;028;Padova;028009;Baone;028009;Baone;028;Padova;05;Veneto
05;Veneto;028;Padova;028010;Barbona;028010;Barbona;028;Padova;05;Veneto
05;Veneto;028;Padova;028011;Battaglia Terme;028011;Battaglia Terme;028;Padova;05;Veneto
05;Veneto;028;Padova;028012;Boara Pisani;028012;Boara Pisani;028;Padova;05;Veneto
05;Veneto;028;Padova;028013;Borgoricco;028013;Borgoricco;028;Padova;05;Veneto
05;Veneto;028;Padova;028014;Bovolenta;028014;Bovolenta;028;Padova;05;Veneto
05;Veneto;028;Padova;028015;Brugine;028015;Brugine;028;Padova;05;Veneto
05;Veneto;028;Padova;028016;Cadoneghe;028016;Cadoneghe;028;Padova;05;Veneto
05;Veneto;028;Padova;028017;Campodarsego;028017;Campodarsego;028;Padova;05;Veneto
05;Veneto;028;Padova;028018;Campodoro;028018;Campodoro;028;Padova;05;Veneto
05;Veneto;028;Padova;028019;Camposampiero;028019;Camposampiero;028;Padova;05;Veneto
05;Veneto;028;Padova;028020;Campo San Martino;028020;Campo San Martino;028;Padova;05;Veneto
05;Veneto;028;Padova;028021;Candiana;028021;Candiana;028;Padova;05;Veneto
05;Veneto;028;Padova;028022;Carceri;028022;Carceri;028;Padova;05;Veneto
05;Veneto;028;Padova;028023;Carmignano di Brenta;028023;Carmignano di Brenta;028;Padova;05;Veneto
05;Veneto;028;Padova;028026;Cartura;028026;Cartura;028;Padova;05;Veneto
05;Veneto;028;Padova;028027;Casale di Scodosia;028027;Casale di Scodosia;028;Padova;05;Veneto
05;Veneto;028;Padova;028028;Casalserugo;028028;Casalserugo;028;Padova;05;Veneto
05;Veneto;028;Padova;028029;Castelbaldo;028029;Castelbaldo;028;Padova;05;Veneto
05;Veneto;028;Padova;028030;Cervarese Santa Croce;028030;Cervarese Santa Croce;028;Padova;05;Veneto
05;Veneto;028;Padova;028031;Cinto Euganeo;028031;Cinto Euganeo;028;Padova;05;Veneto
05;Veneto;028;Padova;028032;Cittadella;028032;Cittadella;028;Padova;05;Veneto
05;Veneto;028;Padova;028033;Codevigo;028033;Codevigo;028;Padova;05;Veneto
05;Veneto;028;Padova;028034;Conselve;028034;Conselve;028;Padova;05;Veneto
05;Veneto;028;Padova;028035;Correzzola;028035;Correzzola;028;Padova;05;Veneto
05;Veneto;028;Padova;028036;Curtarolo;028036;Curtarolo;028;Padova;05;Veneto
05;Veneto;028;Padova;028037;Este;028037;Este;028;Padova;05;Veneto
05;Veneto;028;Padova;028038;Fontaniva;028038;Fontaniva;028;Padova;05;Veneto
05;Veneto;028;Padova;028039;Galliera Veneta;028039;Galliera Veneta;028;Padova;05;Veneto
05;Veneto;028;Padova;028040;Galzignano Terme;028040;Galzignano Terme;028;Padova;05;Veneto
05;Veneto;028;Padova;028041;Gazzo;028041;Gazzo;028;Padova;05;Veneto
05;Veneto;028;Padova;028042;Grantorto;028042;Grantorto;028;Padova;05;Veneto
05;Veneto;028;Padova;028043;Granze;028043;Granze;028;Padova;05;Veneto
05;Veneto;028;Padova;028044;Legnaro;028044;Legnaro;028;Padova;05;Veneto
05;Veneto;028;Padova;028045;Limena;028045;Limena;028;Padova;05;Veneto
05;Veneto;028;Padova;028046;Loreggia;028046;Loreggia;028;Padova;05;Veneto
05;Veneto;028;Padova;028047;Lozzo Atestino;028047;Lozzo Atestino;028;Padova;05;Veneto
05;Veneto;028;Padova;028048;Maserà di Padova;028048;Maserà di Padova;028;Padova;05;Veneto
05;Veneto;028;Padova;028049;Masi;028049;Masi;028;Padova;05;Veneto
05;Veneto;028;Padova;028050;Massanzago;028050;Massanzago;028;Padova;05;Veneto
05;Veneto;028;Padova;028051;Megliadino San Fidenzio;028107;Borgo Veneto;028;Padova;05;Veneto
05;Veneto;028;Padova;028052;Megliadino San Vitale;028052;Megliadino San Vitale;028;Padova;05;Veneto
05;Veneto;028;Padova;028053;Merlara;028053;Merlara;028;Padova;05;Veneto
05;Veneto;028;Padova;028054;Mestrino;028054;Mestrino;028;Padova;05;Veneto
05;Veneto;028;Padova;028055;Monselice;028055;Monselice;028;Padova;05;Veneto
05;Veneto;028;Padova;028056;Montagnana;028056;Montagnana;028;Padova;05;Veneto
05;Veneto;028;Padova;028057;Montegrotto Terme;028057;Montegrotto Terme;028;Padova;05;Veneto
05;Veneto;028;Padova;028058;Noventa Padovana;028058;Noventa Padovana;028;Padova;05;Veneto
05;Veneto;028;Padova;028059;Ospedaletto Euganeo;028059;Ospedaletto Euganeo;028;Padova;05;Veneto
05;Veneto;028;Padova;028060;Padova;028060;Padova;028;Padova;05;Veneto
05;Veneto;028;Padova;028061;Pernumia;028061;Pernumia;028;Padova;05;Veneto
05;Veneto;028;Padova;028062;Piacenza d'Adige;028062;Piacenza d'Adige;028;Padova;05;Veneto
05;Veneto;028;Padova;028063;Piazzola sul Brenta;028063;Piazzola sul Brenta;028;Padova;05;Veneto
05;Veneto;028;Padova;028064;Piombino Dese;028064;Piombino Dese;028;Padova;05;Veneto
05;Veneto;028;Padova;028065;Piove di Sacco;028065;Piove di Sacco;028;Padova;05;Veneto
05;Veneto;028;Padova;028066;Polverara;028066;Polverara;028;Padova;05;Veneto
05;Veneto;028;Padova;028067;Ponso;028067;Ponso;028;Padova;05;Veneto
05;Veneto;028;Padova;028068;Pontelongo;028068;Pontelongo;028;Padova;05;Veneto
05;Veneto;028;Padova;028069;Ponte San Nicolò;028069;Ponte San Nicolò;028;Padova;05;Veneto
05;Veneto;028;Padova;028070;Pozzonovo;028070;Pozzonovo;028;Padova;05;Veneto
05;Veneto;028;Padova;028071;Rovolon;028071;Rovolon;028;Padova;05;Veneto
05;Veneto;028;Padova;028072;Rubano;028072;Rubano;028;Padova;05;Veneto
05;Veneto;028;Padova;028073;Saccolongo;028073;Saccolongo;028;Padova;05;Veneto
05;Veneto;028;Padova;028074;Saletto;028107;Borgo Veneto;028;Padova;05;Veneto
05;Veneto;028;Padova;028075;San Giorgio delle Pertiche;028075;San Giorgio delle Pertiche;028;Padova;05;Veneto
05;Veneto;028;Padova;028076;San Giorgio in Bosco;028076;San Giorgio in Bosco;028;Padova;05;Veneto
05;Veneto;028;Padova;028077;San Martino di Lupari;028077;San Martino di Lupari;028;Padova;05;Veneto
05;Veneto;028;Padova;028078;San Pietro in Gu;028078;San Pietro in Gu;028;Padova;05;Veneto
05;Veneto;028;Padova;028079;San Pietro Viminario;028079;San Pietro Viminario;028;Padova;05;Veneto
05;Veneto;028;Padova;028080;Santa Giustina in Colle;028080;Santa Giustina in Colle;028;Padova;05;Veneto
05;Veneto;028;Padova;028081;Santa Margherita d'Adige;028107;Borgo Veneto;028;Padova;05;Veneto
05;Veneto;028;Padova;028082;Sant'Angelo di Piove di Sacco;028082;Sant'Angelo di Piove di Sacco;028;Padova;05;Veneto
05;Veneto;028;Padova;028083;Sant'Elena;028083;Sant'Elena;028;Padova;05;Veneto
05;Veneto;028;Padova;028084;Sant'Urbano;028084;Sant'Urbano;028;Padova;05;Veneto
05;Veneto;028;Padova;028085;Saonara;028085;Saonara;028;Padova;05;Veneto
05;Veneto;028;Padova;028086;Selvazzano Dentro;028086;Selvazzano Dentro;028;Padova;05;Veneto
05;Veneto;028;Padova;028087;Solesino;028087;Solesino;028;Padova;05;Veneto
05;Veneto;028;Padova;028088;Stanghella;028088;Stanghella;028;Padova;05;Veneto
05;Veneto;028;Padova;028089;Teolo;028089;Teolo;028;Padova;05;Veneto
05;Veneto;028;Padova;028090;Terrassa Padovana;028090;Terrassa Padovana;028;Padova;05;Veneto
05;Veneto;028;Padova;028091;Tombolo;028091;Tombolo;028;Padova;05;Veneto
05;Veneto;028;Padova;028092;Torreglia;028092;Torreglia;028;Padova;05;Veneto
05;Veneto;028;Padova;028093;Trebaseleghe;028093;Trebaseleghe;028;Padova;05;Veneto
05;Veneto;028;Padova;028094;Tribano;028094;Tribano;028;Padova;05;Veneto
05;Veneto;028;Padova;028095;Urbana;028095;Urbana;028;Padova;05;Veneto
05;Veneto;028;Padova;028096;Veggiano;028096;Veggiano;028;Padova;05;Veneto
05;Veneto;028;Padova;028097;Vescovana;028097;Vescovana;028;Padova;05;Veneto
05;Veneto;028;Padova;028098;Vighizzolo d'Este;028098;Vighizzolo d'Este;028;Padova;05;Veneto
05;Veneto;028;Padova;028099;Vigodarzere;028099;Vigodarzere;028;Padova;05;Veneto
05;Veneto;028;Padova;028100;Vigonza;028100;Vigonza;028;Padova;05;Veneto
05;Veneto;028;Padova;028101;Villa del Conte;028101;Villa del Conte;028;Padova;05;Veneto
05;Veneto;028;Padova;028102;Villa Estense;028102;Villa Estense;028;Padova;05;Veneto
05;Veneto;028;Padova;028103;Villafranca Padovana;028103;Villafranca Padovana;028;Padova;05;Veneto
05;Veneto;028;Padova;028104;Villanova di Camposampiero;028104;Villanova di Camposampiero;028;Padova;05;Veneto
05;Veneto;028;Padova;028105;Vo';028105;Vo';028;Padova;05;Veneto
05;Veneto;028;Padova;028106;Due Carrare;028106;Due Carrare;028;Padova;05;Veneto
05;Veneto;029;Rovigo;029001;Adria;029001;Adria;029;Rovigo;05;Veneto
05;Veneto;029;Rovigo;029002;Ariano nel Polesine;029002;Ariano nel Polesine;029;Rovigo;05;Veneto
05;Veneto;029;Rovigo;029003;Arquà Polesine;029003;Arquà Polesine;029;Rovigo;05;Veneto
05;Veneto;029;Rovigo;029004;Badia Polesine;029004;Badia Polesine;029;Rovigo;05;Veneto
05;Veneto;029;Rovigo;029005;Bagnolo di Po;029005;Bagnolo di Po;029;Rovigo;05;Veneto
05;Veneto;029;Rovigo;029006;Bergantino;029006;Bergantino;029;Rovigo;05;Veneto
05;Veneto;029;Rovigo;029007;Bosaro;029007;Bosaro;029;Rovigo;05;Veneto
05;Veneto;029;Rovigo;029008;Calto;029008;Calto;029;Rovigo;05;Veneto
05;Veneto;029;Rovigo;029009;Canaro;029009;Canaro;029;Rovigo;05;Veneto
05;Veneto;029;Rovigo;029010;Canda;029010;Canda;029;Rovigo;05;Veneto
05;Veneto;029;Rovigo;029011;Castelguglielmo;029011;Castelguglielmo;029;Rovigo;05;Veneto
05;Veneto;029;Rovigo;029012;Castelmassa;029012;Castelmassa;029;Rovigo;05;Veneto
05;Veneto;029;Rovigo;029013;Castelnovo Bariano;029013;Castelnovo Bariano;029;Rovigo;05;Veneto
05;Veneto;029;Rovigo;029014;Ceneselli;029014;Ceneselli;029;Rovigo;05;Veneto
05;Veneto;029;Rovigo;029015;Ceregnano;029015;Ceregnano;029;Rovigo;05;Veneto
05;Veneto;029;Rovigo;029017;Corbola;029017;Corbola;029;Rovigo;05;Veneto
05;Veneto;029;Rovigo;029018;Costa di Rovigo;029018;Costa di Rovigo;029;Rovigo;05;Veneto
05;Veneto;029;Rovigo;029019;Crespino;029019;Crespino;029;Rovigo;05;Veneto
05;Veneto;029;Rovigo;029021;Ficarolo;029021;Ficarolo;029;Rovigo;05;Veneto
05;Veneto;029;Rovigo;029022;Fiesso Umbertiano;029022;Fiesso Umbertiano;029;Rovigo;05;Veneto
05;Veneto;029;Rovigo;029023;Frassinelle Polesine;029023;Frassinelle Polesine;029;Rovigo;05;Veneto
05;Veneto;029;Rovigo;029024;Fratta Polesine;029024;Fratta Polesine;029;Rovigo;05;Veneto
05;Veneto;029;Rovigo;029025;Gaiba;029025;Gaiba;029;Rovigo;05;Veneto
05;Veneto;029;Rovigo;029026;Gavello;029026;Gavello;029;Rovigo;05;Veneto
05;Veneto;029;Rovigo;029027;Giacciano con Baruchella;029027;Giacciano con Baruchella;029;Rovigo;05;Veneto
05;Veneto;029;Rovigo;029028;Guarda Veneta;029028;Guarda Veneta;029;Rovigo;05;Veneto
05;Veneto;029;Rovigo;029029;Lendinara;029029;Lendinara;029;Rovigo;05;Veneto
05;Veneto;029;Rovigo;029030;Loreo;029030;Loreo;029;Rovigo;05;Veneto
05;Veneto;029;Rovigo;029031;Lusia;029031;Lusia;029;Rovigo;05;Veneto
05;Veneto;029;Rovigo;029032;Melara;029032;Melara;029;Rovigo;05;Veneto
05;Veneto;029;Rovigo;029033;Occhiobello;029033;Occhiobello;029;Rovigo;05;Veneto
05;Veneto;029;Rovigo;029034;Papozze;029034;Papozze;029;Rovigo;05;Veneto
05;Veneto;029;Rovigo;029035;Pettorazza Grimani;029035;Pettorazza Grimani;029;Rovigo;05;Veneto
05;Veneto;029;Rovigo;029036;Pincara;029036;Pincara;029;Rovigo;05;Veneto
05;Veneto;029;Rovigo;029037;Polesella;029037;Polesella;029;Rovigo;05;Veneto
05;Veneto;029;Rovigo;029038;Pontecchio Polesine;029038;Pontecchio Polesine;029;Rovigo;05;Veneto
05;Veneto;029;Rovigo;029039;Porto Tolle;029039;Porto Tolle;029;Rovigo;05;Veneto
05;Veneto;029;Rovigo;029040;Rosolina;029040;Rosolina;029;Rovigo;05;Veneto
05;Veneto;029;Rovigo;029041;Rovigo;029041;Rovigo;029;Rovigo;05;Veneto
05;Veneto;029;Rovigo;029042;Salara;029042;Salara;029;Rovigo;05;Veneto
05;Veneto;029;Rovigo;029043;San Bellino;029043;San Bellino;029;Rovigo;05;Veneto
05;Veneto;029;Rovigo;029044;San Martino di Venezze;029044;San Martino di Venezze;029;Rovigo;05;Veneto
05;Veneto;029;Rovigo;029045;Stienta;029045;Stienta;029;Rovigo;05;Veneto
05;Veneto;029;Rovigo;029046;Taglio di Po;029046;Taglio di Po;029;Rovigo;05;Veneto
05;Veneto;029;Rovigo;029047;Trecenta;029047;Trecenta;029;Rovigo;05;Veneto
05;Veneto;029;Rovigo;029048;Villadose;029048;Villadose;029;Rovigo;05;Veneto
05;Veneto;029;Rovigo;029049;Villamarzana;029049;Villamarzana;029;Rovigo;05;Veneto
05;Veneto;029;Rovigo;029050;Villanova del Ghebbo;029050;Villanova del Ghebbo;029;Rovigo;05;Veneto
05;Veneto;029;Rovigo;029051;Villanova Marchesana;029051;Villanova Marchesana;029;Rovigo;05;Veneto
05;Veneto;029;Rovigo;029052;Porto Viro;029052;Porto Viro;029;Rovigo;05;Veneto
06;Friuli-Venezia Giulia;030;Udine;030001;Aiello del Friuli;030001;Aiello del Friuli;030;Udine;06;Friuli-Venezia Giulia
06;Friuli-Venezia Giulia;030;Udine;030002;Amaro;030002;Amaro;030;Udine;06;Friuli-Venezia Giulia
06;Friuli-Venezia Giulia;030;Udine;030003;Ampezzo;030003;Ampezzo;030;Udine;06;Friuli-Venezia Giulia
06;Friuli-Venezia Giulia;030;Udine;030004;Aquileia;030004;Aquileia;030;Udine;06;Friuli-Venezia Giulia
06;Friuli-Venezia Giulia;030;Udine;030005;Arta Terme;030005;Arta Terme;030;Udine;06;Friuli-Venezia Giulia
06;Friuli-Venezia Giulia;030;Udine;030006;Artegna;030006;Artegna;030;Udine;06;Friuli-Venezia Giulia
06;Friuli-Venezia Giulia;030;Udine;030007;Attimis;030007;Attimis;030;Udine;06;Friuli-Venezia Giulia
06;Friuli-Venezia Giulia;030;Udine;030008;Bagnaria Arsa;030008;Bagnaria Arsa;030;Udine;06;Friuli-Venezia Giulia
06;Friuli-Venezia Giulia;030;Udine;030009;Basiliano;030009;Basiliano;030;Udine;06;Friuli-Venezia Giulia
06;Friuli-Venezia Giulia;030;Udine;030010;Bertiolo;030010;Bertiolo;030;Udine;06;Friuli-Venezia Giulia
06;Friuli-Venezia Giulia;030;Udine;030011;Bicinicco;030011;Bicinicco;030;Udine;06;Friuli-Venezia Giulia
06;Friuli-Venezia Giulia;030;Udine;030012;Bordano;030012;Bordano;030;Udine;06;Friuli-Venezia Giulia
06;Friuli-Venezia Giulia;030;Udine;030013;Buja;030013;Buja;030;Udine;06;Friuli-Venezia Giulia
06;Friuli-Venezia Giulia;030;Udine;030014;Buttrio;030014;Buttrio;030;Udine;06;Friuli-Venezia Giulia
06;Friuli-Venezia Giulia;030;Udine;030015;Camino al Tagliamento;030015;Camino al Tagliamento;030;Udine;06;Friuli-Venezia Giulia
06;Friuli-Venezia Giulia;030;Udine;030016;Campoformido;030016;Campoformido;030;Udine;06;Friuli-Venezia Giulia
06;Friuli-Venezia Giulia;030;Udine;030018;Carlino;030018;Carlino;030;Udine;06;Friuli-Venezia Giulia
06;Friuli-Venezia Giulia;030;Udine;030019;Cassacco;030019;Cassacco;030;Udine;06;Friuli-Venezia Giulia
06;Friuli-Venezia Giulia;030;Udine;030020;Castions di Strada;030020;Castions di Strada;030;Udine;06;Friuli-Venezia Giulia
06;Friuli-Venezia Giulia;030;Udine;030021;Cavazzo Carnico;030021;Cavazzo Carnico;030;Udine;06;Friuli-Venezia Giulia
06;Friuli-Venezia Giulia;030;Udine;030022;Cercivento;030022;Cercivento;030;Udine;06;Friuli-Venezia Giulia
06;Friuli-Venezia Giulia;030;Udine;030023;Cervignano del Friuli;030023;Cervignano del Friuli;030;Udine;06;Friuli-Venezia Giulia
06;Friuli-Venezia Giulia;030;Udine;030024;Chiopris-Viscone;030024;Chiopris-Viscone;030;Udine;06;Friuli-Venezia Giulia
06;Friuli-Venezia Giulia;030;Udine;030025;Chiusaforte;030025;Chiusaforte;030;Udine;06;Friuli-Venezia Giulia
06;Friuli-Venezia Giulia;030;Udine;030026;Cividale del Friuli;030026;Cividale del Friuli;030;Udine;06;Friuli-Venezia Giulia
06;Friuli-Venezia Giulia;030;Udine;030027;Codroipo;030027;Codroipo;030;Udine;06;Friuli-Venezia Giulia
06;Friuli-Venezia Giulia;030;Udine;030028;Colloredo di Monte Albano;030028;Colloredo di Monte Albano;030;Udine;06;Friuli-Venezia Giulia
06;Friuli-Venezia Giulia;030;Udine;030029;Comeglians;030029;Comeglians;030;Udine;06;Friuli-Venezia Giulia
06;Friuli-Venezia Giulia;030;Udine;030030;Corno di Rosazzo;030030;Corno di Rosazzo;030;Udine;06;Friuli-Venezia Giulia
06;Friuli-Venezia Giulia;030;Udine;030031;Coseano;030031;Coseano;030;Udine;06;Friuli-Venezia Giulia
06;Friuli-Venezia Giulia;030;Udine;030032;Dignano;030032;Dignano;030;Udine;06;Friuli-Venezia Giulia
06;Friuli-Venezia Giulia;030;Udine;030033;Dogna;030033;Dogna;030;Udine;06;Friuli-Venezia Giulia
06;Friuli-Venezia Giulia;030;Udine;030034;Drenchia;030034;Drenchia;030;Udine;06;Friuli-Venezia Giulia
06;Friuli-Venezia Giulia;030;Udine;030035;Enemonzo;030035;Enemonzo;030;Udine;06;Friuli-Venezia Giulia
06;Friuli-Venezia Giulia;030;Udine;030036;Faedis;030036;Faedis;030;Udine;06;Friuli-Venezia Giulia
06;Friuli-Venezia Giulia;030;Udine;030037;Fagagna;030037;Fagagna;030;Udine;06;Friuli-Venezia Giulia
06;Friuli-Venezia Giulia;030;Udine;030038;Fiumicello;030190;Fiumicello Villa Vicentina;030;Udine;06;Friuli-Venezia Giulia
06;Friuli-Venezia Giulia;030;Udine;030039;Flaibano;030039;Flaibano;030;Udine;06;Friuli-Venezia Giulia
06;Friuli-Venezia Giulia;030;Udine;030040;Forni Avoltri;030040;Forni Avoltri;030;Udine;06;Friuli-Venezia Giulia
06;Friuli-Venezia Giulia;030;Udine;030041;Forni di Sopra;030041;Forni di Sopra;030;Udine;06;Friuli-Venezia Giulia
06;Friuli-Venezia Giulia;030;Udine;030042;Forni di Sotto;030042;Forni di Sotto;030;Udine;06;Friuli-Venezia Giulia
06;Friuli-Venezia Giulia;030;Udine;030043;Gemona del Friuli;030043;Gemona del Friuli;030;Udine;06;Friuli-Venezia Giulia
06;Friuli-Venezia Giulia;030;Udine;030044;Gonars;030044;Gonars;030;Udine;06;Friuli-Venezia Giulia
06;Friuli-Venezia Giulia;030;Udine;030045;Grimacco;030045;Grimacco;030;Udine;06;Friuli-Venezia Giulia
06;Friuli-Venezia Giulia;030;Udine;030046;Latisana;030046;Latisana;030;Udine;06;Friuli-Venezia Giulia
06;Friuli-Venezia Giulia;030;Udine;030047;Lauco;030047;Lauco;030;Udine;06;Friuli-Venezia Giulia
06;Friuli-Venezia Giulia;030;Udine;030048;Lestizza;030048;Lestizza;030;Udine;06;Friuli-Venezia Giulia
06;Friuli-Venezia Giulia;030;Udine;030049;Lignano Sabbiadoro;030049;Lignano Sabbiadoro;030;Udine;06;Friuli-Venezia Giulia
06;Friuli-Venezia Giulia;030;Udine;030050;Ligosullo;030191;Treppo Ligosullo;030;Udine;06;Friuli-Venezia Giulia
06;Friuli-Venezia Giulia;030;Udine;030051;Lusevera;030051;Lusevera;030;Udine;06;Friuli-Venezia Giulia
06;Friuli-Venezia Giulia;030;Udine;030052;Magnano in Riviera;030052;Magnano in Riviera;030;Udine;06;Friuli-Venezia Giulia
06;Friuli-Venezia Giulia;030;Udine;030053;Majano;030053;Majano;030;Udine;06;Friuli-Venezia Giulia
06;Friuli-Venezia Giulia;030;Udine;030054;Malborghetto Valbruna;030054;Malborghetto Valbruna;030;Udine;06;Friuli-Venezia Giulia
06;Friuli-Venezia Giulia;030;Udine;030055;Manzano;030055;Manzano;030;Udine;06;Friuli-Venezia Giulia
06;Friuli-Venezia Giulia;030;Udine;030056;Marano Lagunare;030056;Marano Lagunare;030;Udine;06;Friuli-Venezia Giulia
06;Friuli-Venezia Giulia;030;Udine;030057;Martignacco;030057;Martignacco;030;Udine;06;Friuli-Venezia Giulia
06;Friuli-Venezia Giulia;030;Udine;030058;Mereto di Tomba;030058;Mereto di Tomba;030;Udine;06;Friuli-Venezia Giulia
06;Friuli-Venezia Giulia;030;Udine;030059;Moggio Udinese;030059;Moggio Udinese;030;Udine;06;Friuli-Venezia Giulia
06;Friuli-Venezia Giulia;030;Udine;030060;Moimacco;030060;Moimacco;030;Udine;06;Friuli-Venezia Giulia
06;Friuli-Venezia Giulia;030;Udine;030061;Montenars;030061;Montenars;030;Udine;06;Friuli-Venezia Giulia
06;Friuli-Venezia Giulia;030;Udine;030062;Mortegliano;030062;Mortegliano;030;Udine;06;Friuli-Venezia Giulia
06;Friuli-Venezia Giulia;030;Udine;030063;Moruzzo;030063;Moruzzo;030;Udine;06;Friuli-Venezia Giulia
06;Friuli-Venezia Giulia;030;Udine;030064;Muzzana del Turgnano;030064;Muzzana del Turgnano;030;Udine;06;Friuli-Venezia Giulia
06;Friuli-Venezia Giulia;030;Udine;030065;Nimis;030065;Nimis;030;Udine;06;Friuli-Venezia Giulia
06;Friuli-Venezia Giulia;030;Udine;030066;Osoppo;030066;Osoppo;030;Udine;06;Friuli-Venezia Giulia
06;Friuli-Venezia Giulia;030;Udine;030067;Ovaro;030067;Ovaro;030;Udine;06;Friuli-Venezia Giulia
06;Friuli-Venezia Giulia;030;Udine;030068;Pagnacco;030068;Pagnacco;030;Udine;06;Friuli-Venezia Giulia
06;Friuli-Venezia Giulia;030;Udine;030069;Palazzolo dello Stella;030069;Palazzolo dello Stella;030;Udine;06;Friuli-Venezia Giulia
06;Friuli-Venezia Giulia;030;Udine;030070;Palmanova;030070;Palmanova;030;Udine;06;Friuli-Venezia Giulia
06;Friuli-Venezia Giulia;030;Udine;030071;Paluzza;030071;Paluzza;030;Udine;06;Friuli-Venezia Giulia
06;Friuli-Venezia Giulia;030;Udine;030072;Pasian di Prato;030072;Pasian di Prato;030;Udine;06;Friuli-Venezia Giulia
06;Friuli-Venezia Giulia;030;Udine;030073;Paularo;030073;Paularo;030;Udine;06;Friuli-Venezia Giulia
06;Friuli-Venezia Giulia;030;Udine;030074;Pavia di Udine;030074;Pavia di Udine;030;Udine;06;Friuli-Venezia Giulia
06;Friuli-Venezia Giulia;030;Udine;030075;Pocenia;030075;Pocenia;030;Udine;06;Friuli-Venezia Giulia
06;Friuli-Venezia Giulia;030;Udine;030076;Pontebba;030076;Pontebba;030;Udine;06;Friuli-Venezia Giulia
06;Friuli-Venezia Giulia;030;Udine;030077;Porpetto;030077;Porpetto;030;Udine;06;Friuli-Venezia Giulia
06;Friuli-Venezia Giulia;030;Udine;030078;Povoletto;030078;Povoletto;030;Udine;06;Friuli-Venezia Giulia
06;Friuli-Venezia Giulia;030;Udine;030079;Pozzuolo del Friuli;030079;Pozzuolo del Friuli;030;Udine;06;Friuli-Venezia Giulia
06;Friuli-Venezia Giulia;030;Udine;030080;Pradamano;030080;Pradamano;030;Udine;06;Friuli-Venezia Giulia
06;Friuli-Venezia Giulia;030;Udine;030081;Prato Carnico;030081;Prato Carnico;030;Udine;06;Friuli-Venezia Giulia
06;Friuli-Venezia Giulia;030;Udine;030082;Precenicco;030082;Precenicco;030;Udine;06;Friuli-Venezia Giulia
06;Friuli-Venezia Giulia;030;Udine;030083;Premariacco;030083;Premariacco;030;Udine;06;Friuli-Venezia Giulia
06;Friuli-Venezia Giulia;030;Udine;030084;Preone;030084;Preone;030;Udine;06;Friuli-Venezia Giulia
06;Friuli-Venezia Giulia;030;Udine;030085;Prepotto;030085;Prepotto;030;Udine;06;Friuli-Venezia Giulia
06;Friuli-Venezia Giulia;030;Udine;030086;Pulfero;030086;Pulfero;030;Udine;06;Friuli-Venezia Giulia
06;Friuli-Venezia Giulia;030;Udine;030087;Ragogna;030087;Ragogna;030;Udine;06;Friuli-Venezia Giulia
06;Friuli-Venezia Giulia;030;Udine;030088;Ravascletto;030088;Ravascletto;030;Udine;06;Friuli-Venezia Giulia
06;Friuli-Venezia Giulia;030;Udine;030089;Raveo;030089;Raveo;030;Udine;06;Friuli-Venezia Giulia
06;Friuli-Venezia Giulia;030;Udine;030090;Reana del Rojale;030090;Reana del Rojale;030;Udine;06;Friuli-Venezia Giulia
06;Friuli-Venezia Giulia;030;Udine;030091;Remanzacco;030091;Remanzacco;030;Udine;06;Friuli-Venezia Giulia
06;Friuli-Venezia Giulia;030;Udine;030092;Resia;030092;Resia;030;Udine;06;Friuli-Venezia Giulia
06;Friuli-Venezia Giulia;030;Udine;030093;Resiutta;030093;Resiutta;030;Udine;06;Friuli-Venezia Giulia
06;Friuli-Venezia Giulia;030;Udine;030094;Rigolato;030094;Rigolato;030;Udine;06;Friuli-Venezia Giulia
06;Friuli-Venezia Giulia;030;Udine;030095;Rive d'Arcano;030095;Rive d'Arcano;030;Udine;06;Friuli-Venezia Giulia
06;Friuli-Venezia Giulia;030;Udine;030096;Rivignano;030188;Rivignano Teor;030;Udine;06;Friuli-Venezia Giulia
06;Friuli-Venezia Giulia;030;Udine;030097;Ronchis;030097;Ronchis;030;Udine;06;Friuli-Venezia Giulia
06;Friuli-Venezia Giulia;030;Udine;030098;Ruda;030098;Ruda;030;Udine;06;Friuli-Venezia Giulia
06;Friuli-Venezia Giulia;030;Udine;030099;San Daniele del Friuli;030099;San Daniele del Friuli;030;Udine;06;Friuli-Venezia Giulia
06;Friuli-Venezia Giulia;030;Udine;030100;San Giorgio di Nogaro;030100;San Giorgio di Nogaro;030;Udine;06;Friuli-Venezia Giulia
06;Friuli-Venezia Giulia;030;Udine;030101;San Giovanni al Natisone;030101;San Giovanni al Natisone;030;Udine;06;Friuli-Venezia Giulia
06;Friuli-Venezia Giulia;030;Udine;030102;San Leonardo;030102;San Leonardo;030;Udine;06;Friuli-Venezia Giulia
06;Friuli-Venezia Giulia;030;Udine;030103;San Pietro al Natisone;030103;San Pietro al Natisone;030;Udine;06;Friuli-Venezia Giulia
06;Friuli-Venezia Giulia;030;Udine;030104;Santa Maria la Longa;030104;Santa Maria la Longa;030;Udine;06;Friuli-Venezia Giulia
06;Friuli-Venezia Giulia;030;Udine;030105;San Vito al Torre;030105;San Vito al Torre;030;Udine;06;Friuli-Venezia Giulia
06;Friuli-Venezia Giulia;030;Udine;030106;San Vito di Fagagna;030106;San Vito di Fagagna;030;Udine;06;Friuli-Venezia Giulia
06;Friuli-Venezia Giulia;030;Udine;030107;Sauris;030107;Sauris;030;Udine;06;Friuli-Venezia Giulia
06;Friuli-Venezia Giulia;030;Udine;030108;Savogna;030108;Savogna;030;Udine;06;Friuli-Venezia Giulia
06;Friuli-Venezia Giulia;030;Udine;030109;Sedegliano;030109;Sedegliano;030;Udine;06;Friuli-Venezia Giulia
06;Friuli-Venezia Giulia;030;Udine;030110;Socchieve;030110;Socchieve;030;Udine;06;Friuli-Venezia Giulia
06;Friuli-Venezia Giulia;030;Udine;030111;Stregna;030111;Stregna;030;Udine;06;Friuli-Venezia Giulia
06;Friuli-Venezia Giulia;030;Udine;030112;Sutrio;030112;Sutrio;030;Udine;06;Friuli-Venezia Giulia
06;Friuli-Venezia Giulia;030;Udine;030113;Taipana;030113;Taipana;030;Udine;06;Friuli-Venezia Giulia
06;Friuli-Venezia Giulia;030;Udine;030114;Talmassons;030114;Talmassons;030;Udine;06;Friuli-Venezia Giulia
06;Friuli-Venezia Giulia;030;Udine;030116;Tarcento;030116;Tarcento;030;Udine;06;Friuli-Venezia Giulia
06;Friuli-Venezia Giulia;030;Udine;030117;Tarvisio;030117;Tarvisio;030;Udine;06;Friuli-Venezia Giulia
06;Friuli-Venezia Giulia;030;Udine;030118;Tavagnacco;030118;Tavagnacco;030;Udine;06;Friuli-Venezia Giulia
06;Friuli-Venezia Giulia;030;Udine;030119;Teor;030188;Rivignano Teor;030;Udine;06;Friuli-Venezia Giulia
06;Friuli-Venezia Giulia;030;Udine;030120;Terzo d'Aquileia;030120;Terzo d'Aquileia;030;Udine;06;Friuli-Venezia Giulia
06;Friuli-Venezia Giulia;030;Udine;030121;Tolmezzo;030121;Tolmezzo;030;Udine;06;Friuli-Venezia Giulia
06;Friuli-Venezia Giulia;030;Udine;030122;Torreano;030122;Torreano;030;Udine;06;Friuli-Venezia Giulia
06;Friuli-Venezia Giulia;030;Udine;030123;Torviscosa;030123;Torviscosa;030;Udine;06;Friuli-Venezia Giulia
06;Friuli-Venezia Giulia;030;Udine;030124;Trasaghis;030124;Trasaghis;030;Udine;06;Friuli-Venezia Giulia
06;Friuli-Venezia Giulia;030;Udine;030125;Treppo Carnico;030191;Treppo Ligosullo;030;Udine;06;Friuli-Venezia Giulia
06;Friuli-Venezia Giulia;030;Udine;030126;Treppo Grande;030126;Treppo Grande;030;Udine;06;Friuli-Venezia Giulia
06;Friuli-Venezia Giulia;030;Udine;030127;Tricesimo;030127;Tricesimo;030;Udine;06;Friuli-Venezia Giulia
06;Friuli-Venezia Giulia;030;Udine;030128;Trivignano Udinese;030128;Trivignano Udinese;030;Udine;06;Friuli-Venezia Giulia
06;Friuli-Venezia Giulia;030;Udine;030129;Udine;030129;Udine;030;Udine;06;Friuli-Venezia Giulia
06;Friuli-Venezia Giulia;030;Udine;030130;Varmo;030130;Varmo;030;Udine;06;Friuli-Venezia Giulia
06;Friuli-Venezia Giulia;030;Udine;030131;Venzone;030131;Venzone;030;Udine;06;Friuli-Venezia Giulia
06;Friuli-Venezia Giulia;030;Udine;030132;Verzegnis;030132;Verzegnis;030;Udine;06;Friuli-Venezia Giulia
06;Friuli-Venezia Giulia;030;Udine;030133;Villa Santina;030133;Villa Santina;030;Udine;06;Friuli-Venezia Giulia
06;Friuli-Venezia Giulia;030;Udine;030134;Villa Vicentina;030190;Fiumicello Villa Vicentina;030;Udine;06;Friuli-Venezia Giulia
06;Friuli-Venezia Giulia;030;Udine;030135;Visco;030135;Visco;030;Udine;06;Friuli-Venezia Giulia
06;Friuli-Venezia Giulia;030;Udine;030136;Zuglio;030136;Zuglio;030;Udine;06;Friuli-Venezia Giulia
06;Friuli-Venezia Giulia;030;Udine;030137;Forgaria nel Friuli;030137;Forgaria nel Friuli;030;Udine;06;Friuli-Venezia Giulia
06;Friuli-Venezia Giulia;030;Udine;030138;Campolongo Tapogliano;030138;Campolongo Tapogliano;030;Udine;06;Friuli-Venezia Giulia
06;Friuli-Venezia Giulia;031;Gorizia;031001;Capriva del Friuli;031001;Capriva del Friuli;031;Gorizia;06;Friuli-Venezia Giulia
06;Friuli-Venezia Giulia;031;Gorizia;031002;Cormons;031002;Cormons;031;Gorizia;06;Friuli-Venezia Giulia
06;Friuli-Venezia Giulia;031;Gorizia;031003;Doberdò del Lago-Doberdob;031003;Doberdò del Lago-Doberdob;031;Gorizia;06;Friuli-Venezia Giulia
06;Friuli-Venezia Giulia;031;Gorizia;031004;Dolegna del Collio;031004;Dolegna del Collio;031;Gorizia;06;Friuli-Venezia Giulia
06;Friuli-Venezia Giulia;031;Gorizia;031005;Farra d'Isonzo;031005;Farra d'Isonzo;031;Gorizia;06;Friuli-Venezia Giulia
06;Friuli-Venezia Giulia;031;Gorizia;031006;Fogliano Redipuglia;031006;Fogliano Redipuglia;031;Gorizia;06;Friuli-Venezia Giulia
06;Friuli-Venezia Giulia;031;Gorizia;031007;Gorizia;031007;Gorizia;031;Gorizia;06;Friuli-Venezia Giulia
06;Friuli-Venezia Giulia;031;Gorizia;031008;Gradisca d'Isonzo;031008;Gradisca d'Isonzo;031;Gorizia;06;Friuli-Venezia Giulia
06;Friuli-Venezia Giulia;031;Gorizia;031009;Grado;031009;Grado;031;Gorizia;06;Friuli-Venezia Giulia
06;Friuli-Venezia Giulia;031;Gorizia;031010;Mariano del Friuli;031010;Mariano del Friuli;031;Gorizia;06;Friuli-Venezia Giulia
06;Friuli-Venezia Giulia;031;Gorizia;031011;Medea;031011;Medea;031;Gorizia;06;Friuli-Venezia Giulia
06;Friuli-Venezia Giulia;031;Gorizia;031012;Monfalcone;031012;Monfalcone;031;Gorizia;06;Friuli-Venezia Giulia
06;Friuli-Venezia Giulia;031;Gorizia;031013;Moraro;031013;Moraro;031;Gorizia;06;Friuli-Venezia Giulia
06;Friuli-Venezia Giulia;031;Gorizia;031014;Mossa;031014;Mossa;031;Gorizia;06;Friuli-Venezia Giulia
06;Friuli-Venezia Giulia;031;Gorizia;031015;Romans d'Isonzo;031015;Romans d'Isonzo;031;Gorizia;06;Friuli-Venezia Giulia
06;Friuli-Venezia Giulia;031;Gorizia;031016;Ronchi dei Legionari;031016;Ronchi dei Legionari;031;Gorizia;06;Friuli-Venezia Giulia
06;Friuli-Venezia Giulia;031;Gorizia;031017;Sagrado;031017;Sagrado;031;Gorizia;06;Friuli-Venezia Giulia
06;Friuli-Venezia Giulia;031;Gorizia;031018;San Canzian d'Isonzo;031018;San Canzian d'Isonzo;031;Gorizia;06;Friuli-Venezia Giulia
06;Friuli-Venezia Giulia;031;Gorizia;031019;San Floriano del Collio-Števerjan;031019;San Floriano del Collio-Števerjan;031;Gorizia;06;Friuli-Venezia Giulia
06;Friuli-Venezia Giulia;031;Gorizia;031020;San Lorenzo Isontino;031020;San Lorenzo Isontino;031;Gorizia;06;Friuli-Venezia Giulia
06;Friuli-Venezia Giulia;031;Gorizia;031021;San Pier d'Isonzo;031021;San Pier d'Isonzo;031;Gorizia;06;Friuli-Venezia Giulia
06;Friuli-Venezia Giulia;031;Gorizia;031022;Savogna d'Isonzo-Sovodnje ob Soči;031022;Savogna d'Isonzo-Sovodnje ob Soči;031;Gorizia;06;Friuli-Venezia Giulia
06;Friuli-Venezia Giulia;031;Gorizia;031023;Staranzano;031023;Staranzano;031;Gorizia;06;Friuli-Venezia Giulia
06;Friuli-Venezia Giulia;031;Gorizia;031024;Turriaco;031024;Turriaco;031;Gorizia;06;Friuli-Venezia Giulia
06;Friuli-Venezia Giulia;031;Gorizia;031025;Villesse;031025;Villesse;031;Gorizia;06;Friuli-Venezia Giulia
06;Friuli-Venezia Giulia;032;Trieste;032001;Duino Aurisina-Devin Nabrežina;032001;Duino Aurisina-Devin Nabrežina;032;Trieste;06;Friuli-Venezia Giulia
06;Friuli-Venezia Giulia;032;Trieste;032002;Monrupino-Repentabor;032002;Monrupino-Repentabor;032;Trieste;06;Friuli-Venezia Giulia
06;Friuli-Venezia Giulia;032;Trieste;032003;Muggia;032003;Muggia;032;Trieste;06;Friuli-Venezia Giulia
06;Friuli-Venezia Giulia;032;Trieste;032004;San Dorligo della Valle-Dolina;032004;San Dorligo della Valle-Dolina;032;Trieste;06;Friuli-Venezia Giulia
06;Friuli-Venezia Giulia;032;Trieste;032005;Sgonico-Zgonik;032005;Sgonico-Zgonik;032;Trieste;06;Friuli-Venezia Giulia
06;Friuli-Venezia Giulia;032;Trieste;032006;Trieste;032006;Trieste;032;Trieste;06;Friuli-Venezia Giulia
08;Emilia-Romagna;033;Piacenza;033001;Agazzano;033001;Agazzano;033;Piacenza;08;Emilia-Romagna
08;Emilia-Romagna;033;Piacenza;033002;Alseno;033002;Alseno;033;Piacenza;08;Emilia-Romagna
08;Emilia-Romagna;033;Piacenza;033003;Besenzone;033003;Besenzone;033;Piacenza;08;Emilia-Romagna
08;Emilia-Romagna;033;Piacenza;033004;Bettola;033004;Bettola;033;Piacenza;08;Emilia-Romagna
08;Emilia-Romagna;033;Piacenza;033005;Bobbio;033005;Bobbio;033;Piacenza;08;Emilia-Romagna
08;Emilia-Romagna;033;Piacenza;033006;Borgonovo Val Tidone;033006;Borgonovo Val Tidone;033;Piacenza;08;Emilia-Romagna
08;Emilia-Romagna;033;Piacenza;033007;Cadeo;033007;Cadeo;033;Piacenza;08;Emilia-Romagna
08;Emilia-Romagna;033;Piacenza;033008;Calendasco;033008;Calendasco;033;Piacenza;08;Emilia-Romagna
08;Emilia-Romagna;033;Piacenza;033009;Caminata;033049;Alta Val Tidone;033;Piacenza;08;Emilia-Romagna
08;Emilia-Romagna;033;Piacenza;033010;Caorso;033010;Caorso;033;Piacenza;08;Emilia-Romagna
08;Emilia-Romagna;033;Piacenza;033011;Carpaneto Piacentino;033011;Carpaneto Piacentino;033;Piacenza;08;Emilia-Romagna
08;Emilia-Romagna;033;Piacenza;033012;Castell'Arquato;033012;Castell'Arquato;033;Piacenza;08;Emilia-Romagna
08;Emilia-Romagna;033;Piacenza;033013;Castel San Giovanni;033013;Castel San Giovanni;033;Piacenza;08;Emilia-Romagna
08;Emilia-Romagna;033;Piacenza;033014;Castelvetro Piacentino;033014;Castelvetro Piacentino;033;Piacenza;08;Emilia-Romagna
08;Emilia-Romagna;033;Piacenza;033015;Cerignale;033015;Cerignale;033;Piacenza;08;Emilia-Romagna
08;Emilia-Romagna;033;Piacenza;033016;Coli;033016;Coli;033;Piacenza;08;Emilia-Romagna
08;Emilia-Romagna;033;Piacenza;033017;Corte Brugnatella;033017;Corte Brugnatella;033;Piacenza;08;Emilia-Romagna
08;Emilia-Romagna;033;Piacenza;033018;Cortemaggiore;033018;Cortemaggiore;033;Piacenza;08;Emilia-Romagna
08;Emilia-Romagna;033;Piacenza;033019;Farini;033019;Farini;033;Piacenza;08;Emilia-Romagna
08;Emilia-Romagna;033;Piacenza;033020;Ferriere;033020;Ferriere;033;Piacenza;08;Emilia-Romagna
08;Emilia-Romagna;033;Piacenza;033021;Fiorenzuola d'Arda;033021;Fiorenzuola d'Arda;033;Piacenza;08;Emilia-Romagna
08;Emilia-Romagna;033;Piacenza;033022;Gazzola;033022;Gazzola;033;Piacenza;08;Emilia-Romagna
08;Emilia-Romagna;033;Piacenza;033023;Gossolengo;033023;Gossolengo;033;Piacenza;08;Emilia-Romagna
08;Emilia-Romagna;033;Piacenza;033024;Gragnano Trebbiense;033024;Gragnano Trebbiense;033;Piacenza;08;Emilia-Romagna
08;Emilia-Romagna;033;Piacenza;033025;Gropparello;033025;Gropparello;033;Piacenza;08;Emilia-Romagna
08;Emilia-Romagna;033;Piacenza;033026;Lugagnano Val d'Arda;033026;Lugagnano Val d'Arda;033;Piacenza;08;Emilia-Romagna
08;Emilia-Romagna;033;Piacenza;033027;Monticelli d'Ongina;033027;Monticelli d'Ongina;033;Piacenza;08;Emilia-Romagna
08;Emilia-Romagna;033;Piacenza;033028;Morfasso;033028;Morfasso;033;Piacenza;08;Emilia-Romagna
08;Emilia-Romagna;033;Piacenza;033029;Nibbiano;033049;Alta Val Tidone;033;Piacenza;08;Emilia-Romagna
08;Emilia-Romagna;033;Piacenza;033030;Ottone;033030;Ottone;033;Piacenza;08;Emilia-Romagna
08;Emilia-Romagna;033;Piacenza;033031;Pecorara;033049;Alta Val Tidone;033;Piacenza;08;Emilia-Romagna
08;Emilia-Romagna;033;Piacenza;033032;Piacenza;033032;Piacenza;033;Piacenza;08;Emilia-Romagna
08;Emilia-Romagna;033;Piacenza;033033;Pianello Val Tidone;033033;Pianello Val Tidone;033;Piacenza;08;Emilia-Romagna
08;Emilia-Romagna;033;Piacenza;033034;Piozzano;033034;Piozzano;033;Piacenza;08;Emilia-Romagna
08;Emilia-Romagna;033;Piacenza;033035;Podenzano;033035;Podenzano;033;Piacenza;08;Emilia-Romagna
08;Emilia-Romagna;033;Piacenza;033036;Ponte dell'Olio;033036;Ponte dell'Olio;033;Piacenza;08;Emilia-Romagna
08;Emilia-Romagna;033;Piacenza;033037;Pontenure;033037;Pontenure;033;Piacenza;08;Emilia-Romagna
08;Emilia-Romagna;033;Piacenza;033038;Rivergaro;033038;Rivergaro;033;Piacenza;08;Emilia-Romagna
08;Emilia-Romagna;033;Piacenza;033039;Rottofreno;033039;Rottofreno;033;Piacenza;08;Emilia-Romagna
08;Emilia-Romagna;033;Piacenza;033040;San Giorgio Piacentino;033040;San Giorgio Piacentino;033;Piacenza;08;Emilia-Romagna
08;Emilia-Romagna;033;Piacenza;033041;San Pietro in Cerro;033041;San Pietro in Cerro;033;Piacenza;08;Emilia-Romagna
08;Emilia-Romagna;033;Piacenza;033042;Sarmato;033042;Sarmato;033;Piacenza;08;Emilia-Romagna
08;Emilia-Romagna;033;Piacenza;033043;Travo;033043;Travo;033;Piacenza;08;Emilia-Romagna
08;Emilia-Romagna;033;Piacenza;033044;Vernasca;033044;Vernasca;033;Piacenza;08;Emilia-Romagna
08;Emilia-Romagna;033;Piacenza;033045;Vigolzone;033045;Vigolzone;033;Piacenza;08;Emilia-Romagna
08;Emilia-Romagna;033;Piacenza;033046;Villanova sull'Arda;033046;Villanova sull'Arda;033;Piacenza;08;Emilia-Romagna
08;Emilia-Romagna;033;Piacenza;033047;Zerba;033047;Zerba;033;Piacenza;08;Emilia-Romagna
08;Emilia-Romagna;033;Piacenza;033048;Ziano Piacentino;033048;Ziano Piacentino;033;Piacenza;08;Emilia-Romagna
08;Emilia-Romagna;034;Parma;034001;Albareto;034001;Albareto;034;Parma;08;Emilia-Romagna
08;Emilia-Romagna;034;Parma;034002;Bardi;034002;Bardi;034;Parma;08;Emilia-Romagna
08;Emilia-Romagna;034;Parma;034003;Bedonia;034003;Bedonia;034;Parma;08;Emilia-Romagna
08;Emilia-Romagna;034;Parma;034004;Berceto;034004;Berceto;034;Parma;08;Emilia-Romagna
08;Emilia-Romagna;034;Parma;034005;Bore;034005;Bore;034;Parma;08;Emilia-Romagna
08;Emilia-Romagna;034;Parma;034006;Borgo Val di Taro;034006;Borgo Val di Taro;034;Parma;08;Emilia-Romagna
08;Emilia-Romagna;034;Parma;034007;Busseto;034007;Busseto;034;Parma;08;Emilia-Romagna
08;Emilia-Romagna;034;Parma;034008;Calestano;034008;Calestano;034;Parma;08;Emilia-Romagna
08;Emilia-Romagna;034;Parma;034009;Collecchio;034009;Collecchio;034;Parma;08;Emilia-Romagna
08;Emilia-Romagna;034;Parma;034010;Colorno;034010;Colorno;034;Parma;08;Emilia-Romagna
08;Emilia-Romagna;034;Parma;034011;Compiano;034011;Compiano;034;Parma;08;Emilia-Romagna
08;Emilia-Romagna;034;Parma;034012;Corniglio;034012;Corniglio;034;Parma;08;Emilia-Romagna
08;Emilia-Romagna;034;Parma;034013;Felino;034013;Felino;034;Parma;08;Emilia-Romagna
08;Emilia-Romagna;034;Parma;034014;Fidenza;034014;Fidenza;034;Parma;08;Emilia-Romagna
08;Emilia-Romagna;034;Parma;034015;Fontanellato;034015;Fontanellato;034;Parma;08;Emilia-Romagna
08;Emilia-Romagna;034;Parma;034016;Fontevivo;034016;Fontevivo;034;Parma;08;Emilia-Romagna
08;Emilia-Romagna;034;Parma;034017;Fornovo di Taro;034017;Fornovo di Taro;034;Parma;08;Emilia-Romagna
08;Emilia-Romagna;034;Parma;034018;Langhirano;034018;Langhirano;034;Parma;08;Emilia-Romagna
08;Emilia-Romagna;034;Parma;034019;Lesignano de' Bagni;034019;Lesignano de' Bagni;034;Parma;08;Emilia-Romagna
08;Emilia-Romagna;034;Parma;034020;Medesano;034020;Medesano;034;Parma;08;Emilia-Romagna
08;Emilia-Romagna;034;Parma;034021;Mezzani;034051;Sorbolo Mezzani;034;Parma;08;Emilia-Romagna
08;Emilia-Romagna;034;Parma;034022;Monchio delle Corti;034022;Monchio delle Corti;034;Parma;08;Emilia-Romagna
08;Emilia-Romagna;034;Parma;034023;Montechiarugolo;034023;Montechiarugolo;034;Parma;08;Emilia-Romagna
08;Emilia-Romagna;034;Parma;034024;Neviano degli Arduini;034024;Neviano degli Arduini;034;Parma;08;Emilia-Romagna
08;Emilia-Romagna;034;Parma;034025;Noceto;034025;Noceto;034;Parma;08;Emilia-Romagna
08;Emilia-Romagna;034;Parma;034026;Palanzano;034026;Palanzano;034;Parma;08;Emilia-Romagna
08;Emilia-Romagna;034;Parma;034027;Parma;034027;Parma;034;Parma;08;Emilia-Romagna
08;Emilia-Romagna;034;Parma;034028;Pellegrino Parmense;034028;Pellegrino Parmense;034;Parma;08;Emilia-Romagna
08;Emilia-Romagna;034;Parma;034029;Polesine Parmense;034050;Polesine Zibello;034;Parma;08;Emilia-Romagna
08;Emilia-Romagna;034;Parma;034030;Roccabianca;034030;Roccabianca;034;Parma;08;Emilia-Romagna
08;Emilia-Romagna;034;Parma;034031;Sala Baganza;034031;Sala Baganza;034;Parma;08;Emilia-Romagna
08;Emilia-Romagna;034;Parma;034032;Salsomaggiore Terme;034032;Salsomaggiore Terme;034;Parma;08;Emilia-Romagna
08;Emilia-Romagna;034;Parma;034033;San Secondo Parmense;034033;San Secondo Parmense;034;Parma;08;Emilia-Romagna
08;Emilia-Romagna;034;Parma;034034;Sissa;034049;Sissa Trecasali;034;Parma;08;Emilia-Romagna
08;Emilia-Romagna;034;Parma;034035;Solignano;034035;Solignano;034;Parma;08;Emilia-Romagna
08;Emilia-Romagna;034;Parma;034036;Soragna;034036;Soragna;034;Parma;08;Emilia-Romagna
08;Emilia-Romagna;034;Parma;034037;Sorbolo;034051;Sorbolo Mezzani;034;Parma;08;Emilia-Romagna
08;Emilia-Romagna;034;Parma;034038;Terenzo;034038;Terenzo;034;Parma;08;Emilia-Romagna
08;Emilia-Romagna;034;Parma;034039;Tizzano Val Parma;034039;Tizzano Val Parma;034;Parma;08;Emilia-Romagna
08;Emilia-Romagna;034;Parma;034040;Tornolo;034040;Tornolo;034;Parma;08;Emilia-Romagna
08;Emilia-Romagna;034;Parma;034041;Torrile;034041;Torrile;034;Parma;08;Emilia-Romagna
08;Emilia-Romagna;034;Parma;034042;Traversetolo;034042;Traversetolo;034;Parma;08;Emilia-Romagna
08;Emilia-Romagna;034;Parma;034043;Trecasali;034049;Sissa Trecasali;034;Parma;08;Emilia-Romagna
08;Emilia-Romagna;034;Parma;034044;Valmozzola;034044;Valmozzola;034;Parma;08;Emilia-Romagna
08;Emilia-Romagna;034;Parma;034045;Varano de' Melegari;034045;Varano de' Melegari;034;Parma;08;Emilia-Romagna
08;Emilia-Romagna;034;Parma;034046;Varsi;034046;Varsi;034;Parma;08;Emilia-Romagna
08;Emilia-Romagna;034;Parma;034048;Zibello;034050;Polesine Zibello;034;Parma;08;Emilia-Romagna
08;Emilia-Romagna;035;Reggio nell'Emilia;035001;Albinea;035001;Albinea;035;Reggio nell'Emilia;08;Emilia-Romagna
08;Emilia-Romagna;035;Reggio nell'Emilia;035002;Bagnolo in Piano;035002;Bagnolo in Piano;035;Reggio nell'Emilia;08;Emilia-Romagna
08;Emilia-Romagna;035;Reggio nell'Emilia;035003;Baiso;035003;Baiso;035;Reggio nell'Emilia;08;Emilia-Romagna
08;Emilia-Romagna;035;Reggio nell'Emilia;035004;Bibbiano;035004;Bibbiano;035;Reggio nell'Emilia;08;Emilia-Romagna
08;Emilia-Romagna;035;Reggio nell'Emilia;035005;Boretto;035005;Boretto;035;Reggio nell'Emilia;08;Emilia-Romagna
08;Emilia-Romagna;035;Reggio nell'Emilia;035006;Brescello;035006;Brescello;035;Reggio nell'Emilia;08;Emilia-Romagna
08;Emilia-Romagna;035;Reggio nell'Emilia;035007;Busana;035046;Ventasso;035;Reggio nell'Emilia;08;Emilia-Romagna
08;Emilia-Romagna;035;Reggio nell'Emilia;035008;Cadelbosco di Sopra;035008;Cadelbosco di Sopra;035;Reggio nell'Emilia;08;Emilia-Romagna
08;Emilia-Romagna;035;Reggio nell'Emilia;035009;Campagnola Emilia;035009;Campagnola Emilia;035;Reggio nell'Emilia;08;Emilia-Romagna
08;Emilia-Romagna;035;Reggio nell'Emilia;035010;Campegine;035010;Campegine;035;Reggio nell'Emilia;08;Emilia-Romagna
08;Emilia-Romagna;035;Reggio nell'Emilia;035011;Carpineti;035011;Carpineti;035;Reggio nell'Emilia;08;Emilia-Romagna
08;Emilia-Romagna;035;Reggio nell'Emilia;035012;Casalgrande;035012;Casalgrande;035;Reggio nell'Emilia;08;Emilia-Romagna
08;Emilia-Romagna;035;Reggio nell'Emilia;035013;Casina;035013;Casina;035;Reggio nell'Emilia;08;Emilia-Romagna
08;Emilia-Romagna;035;Reggio nell'Emilia;035014;Castellarano;035014;Castellarano;035;Reggio nell'Emilia;08;Emilia-Romagna
08;Emilia-Romagna;035;Reggio nell'Emilia;035015;Castelnovo di Sotto;035015;Castelnovo di Sotto;035;Reggio nell'Emilia;08;Emilia-Romagna
08;Emilia-Romagna;035;Reggio nell'Emilia;035016;Castelnovo ne' Monti;035016;Castelnovo ne' Monti;035;Reggio nell'Emilia;08;Emilia-Romagna
08;Emilia-Romagna;035;Reggio nell'Emilia;035017;Cavriago;035017;Cavriago;035;Reggio nell'Emilia;08;Emilia-Romagna
08;Emilia-Romagna;035;Reggio nell'Emilia;035018;Canossa;035018;Canossa;035;Reggio nell'Emilia;08;Emilia-Romagna
08;Emilia-Romagna;035;Reggio nell'Emilia;035019;Collagna;035046;Ventasso;035;Reggio nell'Emilia;08;Emilia-Romagna
08;Emilia-Romagna;035;Reggio nell'Emilia;035020;Correggio;035020;Correggio;035;Reggio nell'Emilia;08;Emilia-Romagna
08;Emilia-Romagna;035;Reggio nell'Emilia;035021;Fabbrico;035021;Fabbrico;035;Reggio nell'Emilia;08;Emilia-Romagna
08;Emilia-Romagna;035;Reggio nell'Emilia;035022;Gattatico;035022;Gattatico;035;Reggio nell'Emilia;08;Emilia-Romagna
08;Emilia-Romagna;035;Reggio nell'Emilia;035023;Gualtieri;035023;Gualtieri;035;Reggio nell'Emilia;08;Emilia-Romagna
08;Emilia-Romagna;035;Reggio nell'Emilia;035024;Guastalla;035024;Guastalla;035;Reggio nell'Emilia;08;Emilia-Romagna
08;Emilia-Romagna;035;Reggio nell'Emilia;035025;Ligonchio;035046;Ventasso;035;Reggio nell'Emilia;08;Emilia-Romagna
08;Emilia-Romagna;035;Reggio nell'Emilia;035026;Luzzara;035026;Luzzara;035;Reggio nell'Emilia;08;Emilia-Romagna
08;Emilia-Romagna;035;Reggio nell'Emilia;035027;Montecchio Emilia;035027;Montecchio Emilia;035;Reggio nell'Emilia;08;Emilia-Romagna
08;Emilia-Romagna;035;Reggio nell'Emilia;035028;Novellara;035028;Novellara;035;Reggio nell'Emilia;08;Emilia-Romagna
08;Emilia-Romagna;035;Reggio nell'Emilia;035029;Poviglio;035029;Poviglio;035;Reggio nell'Emilia;08;Emilia-Romagna
08;Emilia-Romagna;035;Reggio nell'Emilia;035030;Quattro Castella;035030;Quattro Castella;035;Reggio nell'Emilia;08;Emilia-Romagna
08;Emilia-Romagna;035;Reggio nell'Emilia;035031;Ramiseto;035046;Ventasso;035;Reggio nell'Emilia;08;Emilia-Romagna
08;Emilia-Romagna;035;Reggio nell'Emilia;035032;Reggiolo;035032;Reggiolo;035;Reggio nell'Emilia;08;Emilia-Romagna
08;Emilia-Romagna;035;Reggio nell'Emilia;035033;Reggio nell'Emilia;035033;Reggio nell'Emilia;035;Reggio nell'Emilia;08;Emilia-Romagna
08;Emilia-Romagna;035;Reggio nell'Emilia;035034;Rio Saliceto;035034;Rio Saliceto;035;Reggio nell'Emilia;08;Emilia-Romagna
08;Emilia-Romagna;035;Reggio nell'Emilia;035035;Rolo;035035;Rolo;035;Reggio nell'Emilia;08;Emilia-Romagna
08;Emilia-Romagna;035;Reggio nell'Emilia;035036;Rubiera;035036;Rubiera;035;Reggio nell'Emilia;08;Emilia-Romagna
08;Emilia-Romagna;035;Reggio nell'Emilia;035037;San Martino in Rio;035037;San Martino in Rio;035;Reggio nell'Emilia;08;Emilia-Romagna
08;Emilia-Romagna;035;Reggio nell'Emilia;035038;San Polo d'Enza;035038;San Polo d'Enza;035;Reggio nell'Emilia;08;Emilia-Romagna
08;Emilia-Romagna;035;Reggio nell'Emilia;035039;Sant'Ilario d'Enza;035039;Sant'Ilario d'Enza;035;Reggio nell'Emilia;08;Emilia-Romagna
08;Emilia-Romagna;035;Reggio nell'Emilia;035040;Scandiano;035040;Scandiano;035;Reggio nell'Emilia;08;Emilia-Romagna
08;Emilia-Romagna;035;Reggio nell'Emilia;035041;Toano;035041;Toano;035;Reggio nell'Emilia;08;Emilia-Romagna
08;Emilia-Romagna;035;Reggio nell'Emilia;035042;Vetto;035042;Vetto;035;Reggio nell'Emilia;08;Emilia-Romagna
08;Emilia-Romagna;035;Reggio nell'Emilia;035043;Vezzano sul Crostolo;035043;Vezzano sul Crostolo;035;Reggio nell'Emilia;08;Emilia-Romagna
08;Emilia-Romagna;035;Reggio nell'Emilia;035044;Viano;035044;Viano;035;Reggio nell'Emilia;08;Emilia-Romagna
08;Emilia-Romagna;035;Reggio nell'Emilia;035045;Villa Minozzo;035045;Villa Minozzo;035;Reggio nell'Emilia;08;Emilia-Romagna
08;Emilia-Romagna;036;Modena;036001;Bastiglia;036001;Bastiglia;036;Modena;08;Emilia-Romagna
08;Emilia-Romagna;036;Modena;036002;Bomporto;036002;Bomporto;036;Modena;08;Emilia-Romagna
08;Emilia-Romagna;036;Modena;036003;Campogalliano;036003;Campogalliano;036;Modena;08;Emilia-Romagna
08;Emilia-Romagna;036;Modena;036004;Camposanto;036004;Camposanto;036;Modena;08;Emilia-Romagna
08;Emilia-Romagna;036;Modena;036005;Carpi;036005;Carpi;036;Modena;08;Emilia-Romagna
08;Emilia-Romagna;036;Modena;036006;Castelfranco Emilia;036006;Castelfranco Emilia;036;Modena;08;Emilia-Romagna
08;Emilia-Romagna;036;Modena;036007;Castelnuovo Rangone;036007;Castelnuovo Rangone;036;Modena;08;Emilia-Romagna
08;Emilia-Romagna;036;Modena;036008;Castelvetro di Modena;036008;Castelvetro di Modena;036;Modena;08;Emilia-Romagna
08;Emilia-Romagna;036;Modena;036009;Cavezzo;036009;Cavezzo;036;Modena;08;Emilia-Romagna
08;Emilia-Romagna;036;Modena;036010;Concordia sulla Secchia;036010;Concordia sulla Secchia;036;Modena;08;Emilia-Romagna
08;Emilia-Romagna;036;Modena;036011;Fanano;036011;Fanano;036;Modena;08;Emilia-Romagna
08;Emilia-Romagna;036;Modena;036012;Finale Emilia;036012;Finale Emilia;036;Modena;08;Emilia-Romagna
08;Emilia-Romagna;036;Modena;036013;Fiorano Modenese;036013;Fiorano Modenese;036;Modena;08;Emilia-Romagna
08;Emilia-Romagna;036;Modena;036014;Fiumalbo;036014;Fiumalbo;036;Modena;08;Emilia-Romagna
08;Emilia-Romagna;036;Modena;036015;Formigine;036015;Formigine;036;Modena;08;Emilia-Romagna
08;Emilia-Romagna;036;Modena;036016;Frassinoro;036016;Frassinoro;036;Modena;08;Emilia-Romagna
08;Emilia-Romagna;036;Modena;036017;Guiglia;036017;Guiglia;036;Modena;08;Emilia-Romagna
08;Emilia-Romagna;036;Modena;036018;Lama Mocogno;036018;Lama Mocogno;036;Modena;08;Emilia-Romagna
08;Emilia-Romagna;036;Modena;036019;Maranello;036019;Maranello;036;Modena;08;Emilia-Romagna
08;Emilia-Romagna;036;Modena;036020;Marano sul Panaro;036020;Marano sul Panaro;036;Modena;08;Emilia-Romagna
08;Emilia-Romagna;036;Modena;036021;Medolla;036021;Medolla;036;Modena;08;Emilia-Romagna
08;Emilia-Romagna;036;Modena;036022;Mirandola;036022;Mirandola;036;Modena;08;Emilia-Romagna
08;Emilia-Romagna;036;Modena;036023;Modena;036023;Modena;036;Modena;08;Emilia-Romagna
08;Emilia-Romagna;036;Modena;036024;Montecreto;036024;Montecreto;036;Modena;08;Emilia-Romagna
08;Emilia-Romagna;036;Modena;036025;Montefiorino;036025;Montefiorino;036;Modena;08;Emilia-Romagna
08;Emilia-Romagna;036;Modena;036026;Montese;036026;Montese;036;Modena;08;Emilia-Romagna
08;Emilia-Romagna;036;Modena;036027;Nonantola;036027;Nonantola;036;Modena;08;Emilia-Romagna
08;Emilia-Romagna;036;Modena;036028;Novi di Modena;036028;Novi di Modena;036;Modena;08;Emilia-Romagna
08;Emilia-Romagna;036;Modena;036029;Palagano;036029;Palagano;036;Modena;08;Emilia-Romagna
08;Emilia-Romagna;036;Modena;036030;Pavullo nel Frignano;036030;Pavullo nel Frignano;036;Modena;08;Emilia-Romagna
08;Emilia-Romagna;036;Modena;036031;Pievepelago;036031;Pievepelago;036;Modena;08;Emilia-Romagna
08;Emilia-Romagna;036;Modena;036032;Polinago;036032;Polinago;036;Modena;08;Emilia-Romagna
08;Emilia-Romagna;036;Modena;036033;Prignano sulla Secchia;036033;Prignano sulla Secchia;036;Modena;08;Emilia-Romagna
08;Emilia-Romagna;036;Modena;036034;Ravarino;036034;Ravarino;036;Modena;08;Emilia-Romagna
08;Emilia-Romagna;036;Modena;036035;Riolunato;036035;Riolunato;036;Modena;08;Emilia-Romagna
08;Emilia-Romagna;036;Modena;036036;San Cesario sul Panaro;036036;San Cesario sul Panaro;036;Modena;08;Emilia-Romagna
08;Emilia-Romagna;036;Modena;036037;San Felice sul Panaro;036037;San Felice sul Panaro;036;Modena;08;Emilia-Romagna
08;Emilia-Romagna;036;Modena;036038;San Possidonio;036038;San Possidonio;036;Modena;08;Emilia-Romagna
08;Emilia-Romagna;036;Modena;036039;San Prospero;036039;San Prospero;036;Modena;08;Emilia-Romagna
08;Emilia-Romagna;036;Modena;036040;Sassuolo;036040;Sassuolo;036;Modena;08;Emilia-Romagna
08;Emilia-Romagna;036;Modena;036041;Savignano sul Panaro;036041;Savignano sul Panaro;036;Modena;08;Emilia-Romagna
08;Emilia-Romagna;036;Modena;036042;Serramazzoni;036042;Serramazzoni;036;Modena;08;Emilia-Romagna
08;Emilia-Romagna;036;Modena;036043;Sestola;036043;Sestola;036;Modena;08;Emilia-Romagna
08;Emilia-Romagna;036;Modena;036044;Soliera;036044;Soliera;036;Modena;08;Emilia-Romagna
08;Emilia-Romagna;036;Modena;036045;Spilamberto;036045;Spilamberto;036;Modena;08;Emilia-Romagna
08;Emilia-Romagna;036;Modena;036046;Vignola;036046;Vignola;036;Modena;08;Emilia-Romagna
08;Emilia-Romagna;036;Modena;036047;Zocca;036047;Zocca;036;Modena;08;Emilia-Romagna
08;Emilia-Romagna;037;Bologna;037001;Anzola dell'Emilia;037001;Anzola dell'Emilia;237;Bologna;08;Emilia-Romagna
08;Emilia-Romagna;037;Bologna;037002;Argelato;037002;Argelato;237;Bologna;08;Emilia-Romagna
08;Emilia-Romagna;037;Bologna;037003;Baricella;037003;Baricella;237;Bologna;08;Emilia-Romagna
08;Emilia-Romagna;037;Bologna;037004;Bazzano;037061;Valsamoggia;237;Bologna;08;Emilia-Romagna
08;Emilia-Romagna;037;Bologna;037005;Bentivoglio;037005;Bentivoglio;237;Bologna;08;Emilia-Romagna
08;Emilia-Romagna;037;Bologna;037006;Bologna;037006;Bologna;237;Bologna;08;Emilia-Romagna
08;Emilia-Romagna;037;Bologna;037007;Borgo Tossignano;037007;Borgo Tossignano;237;Bologna;08;Emilia-Romagna
08;Emilia-Romagna;037;Bologna;037008;Budrio;037008;Budrio;237;Bologna;08;Emilia-Romagna
08;Emilia-Romagna;037;Bologna;037009;Calderara di Reno;037009;Calderara di Reno;237;Bologna;08;Emilia-Romagna
08;Emilia-Romagna;037;Bologna;037010;Camugnano;037010;Camugnano;237;Bologna;08;Emilia-Romagna
08;Emilia-Romagna;037;Bologna;037011;Casalecchio di Reno;037011;Casalecchio di Reno;237;Bologna;08;Emilia-Romagna
08;Emilia-Romagna;037;Bologna;037012;Casalfiumanese;037012;Casalfiumanese;237;Bologna;08;Emilia-Romagna
08;Emilia-Romagna;037;Bologna;037013;Castel d'Aiano;037013;Castel d'Aiano;237;Bologna;08;Emilia-Romagna
08;Emilia-Romagna;037;Bologna;037014;Castel del Rio;037014;Castel del Rio;237;Bologna;08;Emilia-Romagna
08;Emilia-Romagna;037;Bologna;037015;Castel di Casio;037015;Castel di Casio;237;Bologna;08;Emilia-Romagna
08;Emilia-Romagna;037;Bologna;037016;Castel Guelfo di Bologna;037016;Castel Guelfo di Bologna;237;Bologna;08;Emilia-Romagna
08;Emilia-Romagna;037;Bologna;037017;Castello d'Argile;037017;Castello d'Argile;237;Bologna;08;Emilia-Romagna
08;Emilia-Romagna;037;Bologna;037018;Castello di Serravalle;037061;Valsamoggia;237;Bologna;08;Emilia-Romagna
08;Emilia-Romagna;037;Bologna;037019;Castel Maggiore;037019;Castel Maggiore;237;Bologna;08;Emilia-Romagna
08;Emilia-Romagna;037;Bologna;037020;Castel San Pietro Terme;037020;Castel San Pietro Terme;237;Bologna;08;Emilia-Romagna
08;Emilia-Romagna;037;Bologna;037021;Castenaso;037021;Castenaso;237;Bologna;08;Emilia-Romagna
08;Emilia-Romagna;037;Bologna;037022;Castiglione dei Pepoli;037022;Castiglione dei Pepoli;237;Bologna;08;Emilia-Romagna
08;Emilia-Romagna;037;Bologna;037023;Crespellano;037061;Valsamoggia;237;Bologna;08;Emilia-Romagna
08;Emilia-Romagna;037;Bologna;037024;Crevalcore;037024;Crevalcore;237;Bologna;08;Emilia-Romagna
08;Emilia-Romagna;037;Bologna;037025;Dozza;037025;Dozza;237;Bologna;08;Emilia-Romagna
08;Emilia-Romagna;037;Bologna;037026;Fontanelice;037026;Fontanelice;237;Bologna;08;Emilia-Romagna
08;Emilia-Romagna;037;Bologna;037027;Gaggio Montano;037027;Gaggio Montano;237;Bologna;08;Emilia-Romagna
08;Emilia-Romagna;037;Bologna;037028;Galliera;037028;Galliera;237;Bologna;08;Emilia-Romagna
08;Emilia-Romagna;037;Bologna;037029;Granaglione;037062;Alto Reno Terme;237;Bologna;08;Emilia-Romagna
08;Emilia-Romagna;037;Bologna;037030;Granarolo dell'Emilia;037030;Granarolo dell'Emilia;237;Bologna;08;Emilia-Romagna
08;Emilia-Romagna;037;Bologna;037031;Grizzana Morandi;037031;Grizzana Morandi;237;Bologna;08;Emilia-Romagna
08;Emilia-Romagna;037;Bologna;037032;Imola;037032;Imola;237;Bologna;08;Emilia-Romagna
08;Emilia-Romagna;037;Bologna;037033;Lizzano in Belvedere;037033;Lizzano in Belvedere;237;Bologna;08;Emilia-Romagna
08;Emilia-Romagna;037;Bologna;037034;Loiano;037034;Loiano;237;Bologna;08;Emilia-Romagna
08;Emilia-Romagna;037;Bologna;037035;Malalbergo;037035;Malalbergo;237;Bologna;08;Emilia-Romagna
08;Emilia-Romagna;037;Bologna;037036;Marzabotto;037036;Marzabotto;237;Bologna;08;Emilia-Romagna
08;Emilia-Romagna;037;Bologna;037037;Medicina;037037;Medicina;237;Bologna;08;Emilia-Romagna
08;Emilia-Romagna;037;Bologna;037038;Minerbio;037038;Minerbio;237;Bologna;08;Emilia-Romagna
08;Emilia-Romagna;037;Bologna;037039;Molinella;037039;Molinella;237;Bologna;08;Emilia-Romagna
08;Emilia-Romagna;037;Bologna;037040;Monghidoro;037040;Monghidoro;237;Bologna;08;Emilia-Romagna
08;Emilia-Romagna;037;Bologna;037041;Monterenzio;037041;Monterenzio;237;Bologna;08;Emilia-Romagna
08;Emilia-Romagna;037;Bologna;037042;Monte San Pietro;037042;Monte San Pietro;237;Bologna;08;Emilia-Romagna
08;Emilia-Romagna;037;Bologna;037043;Monteveglio;037061;Valsamoggia;237;Bologna;08;Emilia-Romagna
08;Emilia-Romagna;037;Bologna;037044;Monzuno;037044;Monzuno;237;Bologna;08;Emilia-Romagna
08;Emilia-Romagna;037;Bologna;037045;Mordano;037045;Mordano;237;Bologna;08;Emilia-Romagna
08;Emilia-Romagna;037;Bologna;037046;Ozzano dell'Emilia;037046;Ozzano dell'Emilia;237;Bologna;08;Emilia-Romagna
08;Emilia-Romagna;037;Bologna;037047;Pianoro;037047;Pianoro;237;Bologna;08;Emilia-Romagna
08;Emilia-Romagna;037;Bologna;037048;Pieve di Cento;037048;Pieve di Cento;237;Bologna;08;Emilia-Romagna
08;Emilia-Romagna;037;Bologna;037049;Porretta Terme;037062;Alto Reno Terme;237;Bologna;08;Emilia-Romagna
08;Emilia-Romagna;037;Bologna;037050;Sala Bolognese;037050;Sala Bolognese;237;Bologna;08;Emilia-Romagna
08;Emilia-Romagna;037;Bologna;037051;San Benedetto Val di Sambro;037051;San Benedetto Val di Sambro;237;Bologna;08;Emilia-Romagna
08;Emilia-Romagna;037;Bologna;037052;San Giorgio di Piano;037052;San Giorgio di Piano;237;Bologna;08;Emilia-Romagna
08;Emilia-Romagna;037;Bologna;037053;San Giovanni in Persiceto;037053;San Giovanni in Persiceto;237;Bologna;08;Emilia-Romagna
08;Emilia-Romagna;037;Bologna;037054;San Lazzaro di Savena;037054;San Lazzaro di Savena;237;Bologna;08;Emilia-Romagna
08;Emilia-Romagna;037;Bologna;037055;San Pietro in Casale;037055;San Pietro in Casale;237;Bologna;08;Emilia-Romagna
08;Emilia-Romagna;037;Bologna;037056;Sant'Agata Bolognese;037056;Sant'Agata Bolognese;237;Bologna;08;Emilia-Romagna
08;Emilia-Romagna;037;Bologna;037057;Sasso Marconi;037057;Sasso Marconi;237;Bologna;08;Emilia-Romagna
08;Emilia-Romagna;037;Bologna;037058;Savigno;037061;Valsamoggia;237;Bologna;08;Emilia-Romagna
08;Emilia-Romagna;037;Bologna;037059;Vergato;037059;Vergato;237;Bologna;08;Emilia-Romagna
08;Emilia-Romagna;037;Bologna;037060;Zola Predosa;037060;Zola Predosa;237;Bologna;08;Emilia-Romagna
08;Emilia-Romagna;038;Ferrara;038001;Argenta;038001;Argenta;038;Ferrara;08;Emilia-Romagna
08;Emilia-Romagna;038;Ferrara;038002;Berra;038029;Riva del Po;038;Ferrara;08;Emilia-Romagna
08;Emilia-Romagna;038;Ferrara;038003;Bondeno;038003;Bondeno;038;Ferrara;08;Emilia-Romagna
08;Emilia-Romagna;038;Ferrara;038004;Cento;038004;Cento;038;Ferrara;08;Emilia-Romagna
08;Emilia-Romagna;038;Ferrara;038005;Codigoro;038005;Codigoro;038;Ferrara;08;Emilia-Romagna
08;Emilia-Romagna;038;Ferrara;038006;Comacchio;038006;Comacchio;038;Ferrara;08;Emilia-Romagna
08;Emilia-Romagna;038;Ferrara;038007;Copparo;038007;Copparo;038;Ferrara;08;Emilia-Romagna
08;Emilia-Romagna;038;Ferrara;038008;Ferrara;038008;Ferrara;038;Ferrara;08;Emilia-Romagna
08;Emilia-Romagna;038;Ferrara;038009;Formignana;038030;Tresignana;038;Ferrara;08;Emilia-Romagna
08;Emilia-Romagna;038;Ferrara;038010;Jolanda di Savoia;038010;Jolanda di Savoia;038;Ferrara;08;Emilia-Romagna
08;Emilia-Romagna;038;Ferrara;038011;Lagosanto;038011;Lagosanto;038;Ferrara;08;Emilia-Romagna
08;Emilia-Romagna;038;Ferrara;038012;Masi Torello;038012;Masi Torello;038;Ferrara;08;Emilia-Romagna
08;Emilia-Romagna;038;Ferrara;038013;Massa Fiscaglia;038027;Fiscaglia;038;Ferrara;08;Emilia-Romagna
08;Emilia-Romagna;038;Ferrara;038014;Mesola;038014;Mesola;038;Ferrara;08;Emilia-Romagna
08;Emilia-Romagna;038;Ferrara;038015;Migliarino;038027;Fiscaglia;038;Ferrara;08;Emilia-Romagna
08;Emilia-Romagna;038;Ferrara;038016;Mirabello;038028;Terre del Reno;038;Ferrara;08;Emilia-Romagna
08;Emilia-Romagna;038;Ferrara;038017;Ostellato;038017;Ostellato;038;Ferrara;08;Emilia-Romagna
08;Emilia-Romagna;038;Ferrara;038018;Poggio Renatico;038018;Poggio Renatico;038;Ferrara;08;Emilia-Romagna
08;Emilia-Romagna;038;Ferrara;038019;Portomaggiore;038019;Portomaggiore;038;Ferrara;08;Emilia-Romagna
08;Emilia-Romagna;038;Ferrara;038020;Ro;038029;Riva del Po;038;Ferrara;08;Emilia-Romagna
08;Emilia-Romagna;038;Ferrara;038021;Sant'Agostino;038028;Terre del Reno;038;Ferrara;08;Emilia-Romagna
08;Emilia-Romagna;038;Ferrara;038022;Vigarano Mainarda;038022;Vigarano Mainarda;038;Ferrara;08;Emilia-Romagna
08;Emilia-Romagna;038;Ferrara;038023;Voghiera;038023;Voghiera;038;Ferrara;08;Emilia-Romagna
08;Emilia-Romagna;038;Ferrara;038024;Tresigallo;038030;Tresignana;038;Ferrara;08;Emilia-Romagna
08;Emilia-Romagna;038;Ferrara;038025;Goro;038025;Goro;038;Ferrara;08;Emilia-Romagna
08;Emilia-Romagna;038;Ferrara;038026;Migliaro;038027;Fiscaglia;038;Ferrara;08;Emilia-Romagna
08;Emilia-Romagna;039;Ravenna;039001;Alfonsine;039001;Alfonsine;039;Ravenna;08;Emilia-Romagna
08;Emilia-Romagna;039;Ravenna;039002;Bagnacavallo;039002;Bagnacavallo;039;Ravenna;08;Emilia-Romagna
08;Emilia-Romagna;039;Ravenna;039003;Bagnara di Romagna;039003;Bagnara di Romagna;039;Ravenna;08;Emilia-Romagna
08;Emilia-Romagna;039;Ravenna;039004;Brisighella;039004;Brisighella;039;Ravenna;08;Emilia-Romagna
08;Emilia-Romagna;039;Ravenna;039005;Casola Valsenio;039005;Casola Valsenio;039;Ravenna;08;Emilia-Romagna
08;Emilia-Romagna;039;Ravenna;039006;Castel Bolognese;039006;Castel Bolognese;039;Ravenna;08;Emilia-Romagna
08;Emilia-Romagna;039;Ravenna;039007;Cervia;039007;Cervia;039;Ravenna;08;Emilia-Romagna
08;Emilia-Romagna;039;Ravenna;039008;Conselice;039008;Conselice;039;Ravenna;08;Emilia-Romagna
08;Emilia-Romagna;039;Ravenna;039009;Cotignola;039009;Cotignola;039;Ravenna;08;Emilia-Romagna
08;Emilia-Romagna;039;Ravenna;039010;Faenza;039010;Faenza;039;Ravenna;08;Emilia-Romagna
08;Emilia-Romagna;039;Ravenna;039011;Fusignano;039011;Fusignano;039;Ravenna;08;Emilia-Romagna
08;Emilia-Romagna;039;Ravenna;039012;Lugo;039012;Lugo;039;Ravenna;08;Emilia-Romagna
08;Emilia-Romagna;039;Ravenna;039013;Massa Lombarda;039013;Massa Lombarda;039;Ravenna;08;Emilia-Romagna
08;Emilia-Romagna;039;Ravenna;039014;Ravenna;039014;Ravenna;039;Ravenna;08;Emilia-Romagna
08;Emilia-Romagna;039;Ravenna;039015;Riolo Terme;039015;Riolo Terme;039;Ravenna;08;Emilia-Romagna
08;Emilia-Romagna;039;Ravenna;039016;Russi;039016;Russi;039;Ravenna;08;Emilia-Romagna
08;Emilia-Romagna;039;Ravenna;039017;Sant'Agata sul Santerno;039017;Sant'Agata sul Santerno;039;Ravenna;08;Emilia-Romagna
08;Emilia-Romagna;039;Ravenna;039018;Solarolo;039018;Solarolo;039;Ravenna;08;Emilia-Romagna
08;Emilia-Romagna;040;Forlì-Cesena;040001;Bagno di Romagna;040001;Bagno di Romagna;040;Forlì-Cesena;08;Emilia-Romagna
08;Emilia-Romagna;040;Forlì-Cesena;040003;Bertinoro;040003;Bertinoro;040;Forlì-Cesena;08;Emilia-Romagna
08;Emilia-Romagna;040;Forlì-Cesena;040004;Borghi;040004;Borghi;040;Forlì-Cesena;08;Emilia-Romagna
08;Emilia-Romagna;040;Forlì-Cesena;040005;Castrocaro Terme e Terra del Sole;040005;Castrocaro Terme e Terra del Sole;040;Forlì-Cesena;08;Emilia-Romagna
08;Emilia-Romagna;040;Forlì-Cesena;040007;Cesena;040007;Cesena;040;Forlì-Cesena;08;Emilia-Romagna
08;Emilia-Romagna;040;Forlì-Cesena;040008;Cesenatico;040008;Cesenatico;040;Forlì-Cesena;08;Emilia-Romagna
08;Emilia-Romagna;040;Forlì-Cesena;040009;Civitella di Romagna;040009;Civitella di Romagna;040;Forlì-Cesena;08;Emilia-Romagna
08;Emilia-Romagna;040;Forlì-Cesena;040011;Dovadola;040011;Dovadola;040;Forlì-Cesena;08;Emilia-Romagna
08;Emilia-Romagna;040;Forlì-Cesena;040012;Forlì;040012;Forlì;040;Forlì-Cesena;08;Emilia-Romagna
08;Emilia-Romagna;040;Forlì-Cesena;040013;Forlimpopoli;040013;Forlimpopoli;040;Forlì-Cesena;08;Emilia-Romagna
08;Emilia-Romagna;040;Forlì-Cesena;040014;Galeata;040014;Galeata;040;Forlì-Cesena;08;Emilia-Romagna
08;Emilia-Romagna;040;Forlì-Cesena;040015;Gambettola;040015;Gambettola;040;Forlì-Cesena;08;Emilia-Romagna
08;Emilia-Romagna;040;Forlì-Cesena;040016;Gatteo;040016;Gatteo;040;Forlì-Cesena;08;Emilia-Romagna
08;Emilia-Romagna;040;Forlì-Cesena;040018;Longiano;040018;Longiano;040;Forlì-Cesena;08;Emilia-Romagna
08;Emilia-Romagna;040;Forlì-Cesena;040019;Meldola;040019;Meldola;040;Forlì-Cesena;08;Emilia-Romagna
08;Emilia-Romagna;040;Forlì-Cesena;040020;Mercato Saraceno;040020;Mercato Saraceno;040;Forlì-Cesena;08;Emilia-Romagna
08;Emilia-Romagna;040;Forlì-Cesena;040022;Modigliana;040022;Modigliana;040;Forlì-Cesena;08;Emilia-Romagna
08;Emilia-Romagna;040;Forlì-Cesena;040028;Montiano;040028;Montiano;040;Forlì-Cesena;08;Emilia-Romagna
08;Emilia-Romagna;040;Forlì-Cesena;040031;Portico e San Benedetto;040031;Portico e San Benedetto;040;Forlì-Cesena;08;Emilia-Romagna
08;Emilia-Romagna;040;Forlì-Cesena;040032;Predappio;040032;Predappio;040;Forlì-Cesena;08;Emilia-Romagna
08;Emilia-Romagna;040;Forlì-Cesena;040033;Premilcuore;040033;Premilcuore;040;Forlì-Cesena;08;Emilia-Romagna
08;Emilia-Romagna;040;Forlì-Cesena;040036;Rocca San Casciano;040036;Rocca San Casciano;040;Forlì-Cesena;08;Emilia-Romagna
08;Emilia-Romagna;040;Forlì-Cesena;040037;Roncofreddo;040037;Roncofreddo;040;Forlì-Cesena;08;Emilia-Romagna
08;Emilia-Romagna;040;Forlì-Cesena;040041;San Mauro Pascoli;040041;San Mauro Pascoli;040;Forlì-Cesena;08;Emilia-Romagna
08;Emilia-Romagna;040;Forlì-Cesena;040043;Santa Sofia;040043;Santa Sofia;040;Forlì-Cesena;08;Emilia-Romagna
08;Emilia-Romagna;040;Forlì-Cesena;040044;Sarsina;040044;Sarsina;040;Forlì-Cesena;08;Emilia-Romagna
08;Emilia-Romagna;040;Forlì-Cesena;040045;Savignano sul Rubicone;040045;Savignano sul Rubicone;040;Forlì-Cesena;08;Emilia-Romagna
08;Emilia-Romagna;040;Forlì-Cesena;040046;Sogliano al Rubicone;040046;Sogliano al Rubicone;040;Forlì-Cesena;08;Emilia-Romagna
08;Emilia-Romagna;040;Forlì-Cesena;040049;Tredozio;040049;Tredozio;040;Forlì-Cesena;08;Emilia-Romagna
08;Emilia-Romagna;040;Forlì-Cesena;040050;Verghereto;040050;Verghereto;040;Forlì-Cesena;08;Emilia-Romagna
11;Marche;041;Pesaro e Urbino;041001;Acqualagna;041001;Acqualagna;041;Pesaro e Urbino;11;Marche
11;Marche;041;Pesaro e Urbino;041002;Apecchio;041002;Apecchio;041;Pesaro e Urbino;11;Marche
11;Marche;041;Pesaro e Urbino;041003;Auditore;041071;Sassocorvaro Auditore;041;Pesaro e Urbino;11;Marche
11;Marche;041;Pesaro e Urbino;041004;Barchi;041070;Terre Roveresche;041;Pesaro e Urbino;11;Marche
11;Marche;041;Pesaro e Urbino;041005;Belforte all'Isauro;041005;Belforte all'Isauro;041;Pesaro e Urbino;11;Marche
11;Marche;041;Pesaro e Urbino;041006;Borgo Pace;041006;Borgo Pace;041;Pesaro e Urbino;11;Marche
11;Marche;041;Pesaro e Urbino;041007;Cagli;041007;Cagli;041;Pesaro e Urbino;11;Marche
11;Marche;041;Pesaro e Urbino;041008;Cantiano;041008;Cantiano;041;Pesaro e Urbino;11;Marche
11;Marche;041;Pesaro e Urbino;041009;Carpegna;041009;Carpegna;041;Pesaro e Urbino;11;Marche
11;Marche;041;Pesaro e Urbino;041010;Cartoceto;041010;Cartoceto;041;Pesaro e Urbino;11;Marche
11;Marche;041;Pesaro e Urbino;041012;Colbordolo;041068;Vallefoglia;041;Pesaro e Urbino;11;Marche
11;Marche;041;Pesaro e Urbino;041013;Fano;041013;Fano;041;Pesaro e Urbino;11;Marche
11;Marche;041;Pesaro e Urbino;041014;Fermignano;041014;Fermignano;041;Pesaro e Urbino;11;Marche
11;Marche;041;Pesaro e Urbino;041015;Fossombrone;041015;Fossombrone;041;Pesaro e Urbino;11;Marche
11;Marche;041;Pesaro e Urbino;041016;Fratte Rosa;041016;Fratte Rosa;041;Pesaro e Urbino;11;Marche
11;Marche;041;Pesaro e Urbino;041017;Frontino;041017;Frontino;041;Pesaro e Urbino;11;Marche
11;Marche;041;Pesaro e Urbino;041018;Frontone;041018;Frontone;041;Pesaro e Urbino;11;Marche
11;Marche;041;Pesaro e Urbino;041019;Gabicce Mare;041019;Gabicce Mare;041;Pesaro e Urbino;11;Marche
11;Marche;041;Pesaro e Urbino;041020;Gradara;041020;Gradara;041;Pesaro e Urbino;11;Marche
11;Marche;041;Pesaro e Urbino;041021;Isola del Piano;041021;Isola del Piano;041;Pesaro e Urbino;11;Marche
11;Marche;041;Pesaro e Urbino;041022;Lunano;041022;Lunano;041;Pesaro e Urbino;11;Marche
11;Marche;041;Pesaro e Urbino;041023;Macerata Feltria;041023;Macerata Feltria;041;Pesaro e Urbino;11;Marche
11;Marche;041;Pesaro e Urbino;041025;Mercatello sul Metauro;041025;Mercatello sul Metauro;041;Pesaro e Urbino;11;Marche
11;Marche;041;Pesaro e Urbino;041026;Mercatino Conca;041026;Mercatino Conca;041;Pesaro e Urbino;11;Marche
11;Marche;041;Pesaro e Urbino;041027;Mombaroccio;041027;Mombaroccio;041;Pesaro e Urbino;11;Marche
11;Marche;041;Pesaro e Urbino;041028;Mondavio;041028;Mondavio;041;Pesaro e Urbino;11;Marche
11;Marche;041;Pesaro e Urbino;041029;Mondolfo;041029;Mondolfo;041;Pesaro e Urbino;11;Marche
11;Marche;041;Pesaro e Urbino;041030;Montecalvo in Foglia;041030;Montecalvo in Foglia;041;Pesaro e Urbino;11;Marche
11;Marche;041;Pesaro e Urbino;041031;Monte Cerignone;041031;Monte Cerignone;041;Pesaro e Urbino;11;Marche
11;Marche;041;Pesaro e Urbino;041032;Monteciccardo;041044;Pesaro;041;Pesaro e Urbino;11;Marche
11;Marche;041;Pesaro e Urbino;041033;Montecopiolo;099030;Montecopiolo;099;Rimini;08;Emilia-Romagna
11;Marche;041;Pesaro e Urbino;041034;Montefelcino;041034;Montefelcino;041;Pesaro e Urbino;11;Marche
11;Marche;041;Pesaro e Urbino;041035;Monte Grimano Terme;041035;Monte Grimano Terme;041;Pesaro e Urbino;11;Marche
11;Marche;041;Pesaro e Urbino;041036;Montelabbate;041036;Montelabbate;041;Pesaro e Urbino;11;Marche
11;Marche;041;Pesaro e Urbino;041037;Montemaggiore al Metauro;041069;Colli al Metauro;041;Pesaro e Urbino;11;Marche
11;Marche;041;Pesaro e Urbino;041038;Monte Porzio;041038;Monte Porzio;041;Pesaro e Urbino;11;Marche
11;Marche;041;Pesaro e Urbino;041040;Orciano di Pesaro;041070;Terre Roveresche;041;Pesaro e Urbino;11;Marche
11;Marche;041;Pesaro e Urbino;041041;Peglio;041041;Peglio;041;Pesaro e Urbino;11;Marche
11;Marche;041;Pesaro e Urbino;041043;Pergola;041043;Pergola;041;Pesaro e Urbino;11;Marche
11;Marche;041;Pesaro e Urbino;041044;Pesaro;041044;Pesaro;041;Pesaro e Urbino;11;Marche
11;Marche;041;Pesaro e Urbino;041045;Petriano;041045;Petriano;041;Pesaro e Urbino;11;Marche
11;Marche;041;Pesaro e Urbino;041046;Piagge;041070;Terre Roveresche;041;Pesaro e Urbino;11;Marche
11;Marche;041;Pesaro e Urbino;041047;Piandimeleto;041047;Piandimeleto;041;Pesaro e Urbino;11;Marche
11;Marche;041;Pesaro e Urbino;041048;Pietrarubbia;041048;Pietrarubbia;041;Pesaro e Urbino;11;Marche
11;Marche;041;Pesaro e Urbino;041049;Piobbico;041049;Piobbico;041;Pesaro e Urbino;11;Marche
11;Marche;041;Pesaro e Urbino;041050;Saltara;041069;Colli al Metauro;041;Pesaro e Urbino;11;Marche
11;Marche;041;Pesaro e Urbino;041051;San Costanzo;041051;San Costanzo;041;Pesaro e Urbino;11;Marche
11;Marche;041;Pesaro e Urbino;041052;San Giorgio di Pesaro;041070;Terre Roveresche;041;Pesaro e Urbino;11;Marche
11;Marche;041;Pesaro e Urbino;041054;San Lorenzo in Campo;041054;San Lorenzo in Campo;041;Pesaro e Urbino;11;Marche
11;Marche;041;Pesaro e Urbino;041056;Sant'Angelo in Lizzola;041068;Vallefoglia;041;Pesaro e Urbino;11;Marche
11;Marche;041;Pesaro e Urbino;041057;Sant'Angelo in Vado;041057;Sant'Angelo in Vado;041;Pesaro e Urbino;11;Marche
11;Marche;041;Pesaro e Urbino;041058;Sant'Ippolito;041058;Sant'Ippolito;041;Pesaro e Urbino;11;Marche
11;Marche;041;Pesaro e Urbino;041059;Sassocorvaro;041071;Sassocorvaro Auditore;041;Pesaro e Urbino;11;Marche
11;Marche;041;Pesaro e Urbino;041060;Sassofeltrio;099031;Sassofeltrio;099;Rimini;08;Emilia-Romagna
11;Marche;041;Pesaro e Urbino;041061;Serra Sant'Abbondio;041061;Serra Sant'Abbondio;041;Pesaro e Urbino;11;Marche
11;Marche;041;Pesaro e Urbino;041062;Serrungarina;041069;Colli al Metauro;041;Pesaro e Urbino;11;Marche
11;Marche;041;Pesaro e Urbino;041064;Tavoleto;041064;Tavoleto;041;Pesaro e Urbino;11;Marche
11;Marche;041;Pesaro e Urbino;041065;Tavullia;041065;Tavullia;041;Pesaro e Urbino;11;Marche
11;Marche;041;Pesaro e Urbino;041066;Urbania;041066;Urbania;041;Pesaro e Urbino;11;Marche
11;Marche;041;Pesaro e Urbino;041067;Urbino;041067;Urbino;041;Pesaro e Urbino;11;Marche
11;Marche;042;Ancona;042001;Agugliano;042001;Agugliano;042;Ancona;11;Marche
11;Marche;042;Ancona;042002;Ancona;042002;Ancona;042;Ancona;11;Marche
11;Marche;042;Ancona;042003;Arcevia;042003;Arcevia;042;Ancona;11;Marche
11;Marche;042;Ancona;042004;Barbara;042004;Barbara;042;Ancona;11;Marche
11;Marche;042;Ancona;042005;Belvedere Ostrense;042005;Belvedere Ostrense;042;Ancona;11;Marche
11;Marche;042;Ancona;042006;Camerano;042006;Camerano;042;Ancona;11;Marche
11;Marche;042;Ancona;042007;Camerata Picena;042007;Camerata Picena;042;Ancona;11;Marche
11;Marche;042;Ancona;042008;Castelbellino;042008;Castelbellino;042;Ancona;11;Marche
11;Marche;042;Ancona;042009;Castel Colonna;042050;Trecastelli;042;Ancona;11;Marche
11;Marche;042;Ancona;042010;Castelfidardo;042010;Castelfidardo;042;Ancona;11;Marche
11;Marche;042;Ancona;042011;Castelleone di Suasa;042011;Castelleone di Suasa;042;Ancona;11;Marche
11;Marche;042;Ancona;042012;Castelplanio;042012;Castelplanio;042;Ancona;11;Marche
11;Marche;042;Ancona;042013;Cerreto d'Esi;042013;Cerreto d'Esi;042;Ancona;11;Marche
11;Marche;042;Ancona;042014;Chiaravalle;042014;Chiaravalle;042;Ancona;11;Marche
11;Marche;042;Ancona;042015;Corinaldo;042015;Corinaldo;042;Ancona;11;Marche
11;Marche;042;Ancona;042016;Cupramontana;042016;Cupramontana;042;Ancona;11;Marche
11;Marche;042;Ancona;042017;Fabriano;042017;Fabriano;042;Ancona;11;Marche
11;Marche;042;Ancona;042018;Falconara Marittima;042018;Falconara Marittima;042;Ancona;11;Marche
11;Marche;042;Ancona;042019;Filottrano;042019;Filottrano;042;Ancona;11;Marche
11;Marche;042;Ancona;042020;Genga;042020;Genga;042;Ancona;11;Marche
11;Marche;042;Ancona;042021;Jesi;042021;Jesi;042;Ancona;11;Marche
11;Marche;042;Ancona;042022;Loreto;042022;Loreto;042;Ancona;11;Marche
11;Marche;042;Ancona;042023;Maiolati Spontini;042023;Maiolati Spontini;042;Ancona;11;Marche
11;Marche;042;Ancona;042024;Mergo;042024;Mergo;042;Ancona;11;Marche
11;Marche;042;Ancona;042025;Monsano;042025;Monsano;042;Ancona;11;Marche
11;Marche;042;Ancona;042026;Montecarotto;042026;Montecarotto;042;Ancona;11;Marche
11;Marche;042;Ancona;042027;Montemarciano;042027;Montemarciano;042;Ancona;11;Marche
11;Marche;042;Ancona;042028;Monterado;042050;Trecastelli;042;Ancona;11;Marche
11;Marche;042;Ancona;042029;Monte Roberto;042029;Monte Roberto;042;Ancona;11;Marche
11;Marche;042;Ancona;042030;Monte San Vito;042030;Monte San Vito;042;Ancona;11;Marche
11;Marche;042;Ancona;042031;Morro d'Alba;042031;Morro d'Alba;042;Ancona;11;Marche
11;Marche;042;Ancona;042032;Numana;042032;Numana;042;Ancona;11;Marche
11;Marche;042;Ancona;042033;Offagna;042033;Offagna;042;Ancona;11;Marche
11;Marche;042;Ancona;042034;Osimo;042034;Osimo;042;Ancona;11;Marche
11;Marche;042;Ancona;042035;Ostra;042035;Ostra;042;Ancona;11;Marche
11;Marche;042;Ancona;042036;Ostra Vetere;042036;Ostra Vetere;042;Ancona;11;Marche
11;Marche;042;Ancona;042037;Poggio San Marcello;042037;Poggio San Marcello;042;Ancona;11;Marche
11;Marche;042;Ancona;042038;Polverigi;042038;Polverigi;042;Ancona;11;Marche
11;Marche;042;Ancona;042039;Ripe;042050;Trecastelli;042;Ancona;11;Marche
11;Marche;042;Ancona;042040;Rosora;042040;Rosora;042;Ancona;11;Marche
11;Marche;042;Ancona;042041;San Marcello;042041;San Marcello;042;Ancona;11;Marche
11;Marche;042;Ancona;042042;San Paolo di Jesi;042042;San Paolo di Jesi;042;Ancona;11;Marche
11;Marche;042;Ancona;042043;Santa Maria Nuova;042043;Santa Maria Nuova;042;Ancona;11;Marche
11;Marche;042;Ancona;042044;Sassoferrato;042044;Sassoferrato;042;Ancona;11;Marche
11;Marche;042;Ancona;042045;Senigallia;042045;Senigallia;042;Ancona;11;Marche
11;Marche;042;Ancona;042046;Serra de' Conti;042046;Serra de' Conti;042;Ancona;11;Marche
11;Marche;042;Ancona;042047;Serra San Quirico;042047;Serra San Quirico;042;Ancona;11;Marche
11;Marche;042;Ancona;042048;Sirolo;042048;Sirolo;042;Ancona;11;Marche
11;Marche;042;Ancona;042049;Staffolo;042049;Staffolo;042;Ancona;11;Marche
11;Marche;043;Macerata;043001;Acquacanina;043017;Fiastra;043;Macerata;11;Marche
11;Marche;043;Macerata;043002;Apiro;043002;Apiro;043;Macerata;11;Marche
11;Marche;043;Macerata;043003;Appignano;043003;Appignano;043;Macerata;11;Marche
11;Marche;043;Macerata;043004;Belforte del Chienti;043004;Belforte del Chienti;043;Macerata;11;Marche
11;Marche;043;Macerata;043005;Bolognola;043005;Bolognola;043;Macerata;11;Marche
11;Marche;043;Macerata;043006;Caldarola;043006;Caldarola;043;Macerata;11;Marche
11;Marche;043;Macerata;043007;Camerino;043007;Camerino;043;Macerata;11;Marche
11;Marche;043;Macerata;043008;Camporotondo di Fiastrone;043008;Camporotondo di Fiastrone;043;Macerata;11;Marche
11;Marche;043;Macerata;043009;Castelraimondo;043009;Castelraimondo;043;Macerata;11;Marche
11;Marche;043;Macerata;043010;Castelsantangelo sul Nera;043010;Castelsantangelo sul Nera;043;Macerata;11;Marche
11;Marche;043;Macerata;043011;Cessapalombo;043011;Cessapalombo;043;Macerata;11;Marche
11;Marche;043;Macerata;043012;Cingoli;043012;Cingoli;043;Macerata;11;Marche
11;Marche;043;Macerata;043013;Civitanova Marche;043013;Civitanova Marche;043;Macerata;11;Marche
11;Marche;043;Macerata;043014;Colmurano;043014;Colmurano;043;Macerata;11;Marche
11;Marche;043;Macerata;043015;Corridonia;043015;Corridonia;043;Macerata;11;Marche
11;Marche;043;Macerata;043016;Esanatoglia;043016;Esanatoglia;043;Macerata;11;Marche
11;Marche;043;Macerata;043017;Fiastra;043017;Fiastra;043;Macerata;11;Marche
11;Marche;043;Macerata;043018;Fiordimonte;043058;Valfornace;043;Macerata;11;Marche
11;Marche;043;Macerata;043019;Fiuminata;043019;Fiuminata;043;Macerata;11;Marche
11;Marche;043;Macerata;043020;Gagliole;043020;Gagliole;043;Macerata;11;Marche
11;Marche;043;Macerata;043021;Gualdo;043021;Gualdo;043;Macerata;11;Marche
11;Marche;043;Macerata;043022;Loro Piceno;043022;Loro Piceno;043;Macerata;11;Marche
11;Marche;043;Macerata;043023;Macerata;043023;Macerata;043;Macerata;11;Marche
11;Marche;043;Macerata;043024;Matelica;043024;Matelica;043;Macerata;11;Marche
11;Marche;043;Macerata;043025;Mogliano;043025;Mogliano;043;Macerata;11;Marche
11;Marche;043;Macerata;043026;Montecassiano;043026;Montecassiano;043;Macerata;11;Marche
11;Marche;043;Macerata;043027;Monte Cavallo;043027;Monte Cavallo;043;Macerata;11;Marche
11;Marche;043;Macerata;043028;Montecosaro;043028;Montecosaro;043;Macerata;11;Marche
11;Marche;043;Macerata;043029;Montefano;043029;Montefano;043;Macerata;11;Marche
11;Marche;043;Macerata;043030;Montelupone;043030;Montelupone;043;Macerata;11;Marche
11;Marche;043;Macerata;043031;Monte San Giusto;043031;Monte San Giusto;043;Macerata;11;Marche
11;Marche;043;Macerata;043032;Monte San Martino;043032;Monte San Martino;043;Macerata;11;Marche
11;Marche;043;Macerata;043033;Morrovalle;043033;Morrovalle;043;Macerata;11;Marche
11;Marche;043;Macerata;043034;Muccia;043034;Muccia;043;Macerata;11;Marche
11;Marche;043;Macerata;043035;Penna San Giovanni;043035;Penna San Giovanni;043;Macerata;11;Marche
11;Marche;043;Macerata;043036;Petriolo;043036;Petriolo;043;Macerata;11;Marche
11;Marche;043;Macerata;043037;Pievebovigliana;043058;Valfornace;043;Macerata;11;Marche
11;Marche;043;Macerata;043038;Pieve Torina;043038;Pieve Torina;043;Macerata;11;Marche
11;Marche;043;Macerata;043039;Pioraco;043039;Pioraco;043;Macerata;11;Marche
11;Marche;043;Macerata;043040;Poggio San Vicino;043040;Poggio San Vicino;043;Macerata;11;Marche
11;Marche;043;Macerata;043041;Pollenza;043041;Pollenza;043;Macerata;11;Marche
11;Marche;043;Macerata;043042;Porto Recanati;043042;Porto Recanati;043;Macerata;11;Marche
11;Marche;043;Macerata;043043;Potenza Picena;043043;Potenza Picena;043;Macerata;11;Marche
11;Marche;043;Macerata;043044;Recanati;043044;Recanati;043;Macerata;11;Marche
11;Marche;043;Macerata;043045;Ripe San Ginesio;043045;Ripe San Ginesio;043;Macerata;11;Marche
11;Marche;043;Macerata;043046;San Ginesio;043046;San Ginesio;043;Macerata;11;Marche
11;Marche;043;Macerata;043047;San Severino Marche;043047;San Severino Marche;043;Macerata;11;Marche
11;Marche;043;Macerata;043048;Sant'Angelo in Pontano;043048;Sant'Angelo in Pontano;043;Macerata;11;Marche
11;Marche;043;Macerata;043049;Sarnano;043049;Sarnano;043;Macerata;11;Marche
11;Marche;043;Macerata;043050;Sefro;043050;Sefro;043;Macerata;11;Marche
11;Marche;043;Macerata;043051;Serrapetrona;043051;Serrapetrona;043;Macerata;11;Marche
11;Marche;043;Macerata;043052;Serravalle di Chienti;043052;Serravalle di Chienti;043;Macerata;11;Marche
11;Marche;043;Macerata;043053;Tolentino;043053;Tolentino;043;Macerata;11;Marche
11;Marche;043;Macerata;043054;Treia;043054;Treia;043;Macerata;11;Marche
11;Marche;043;Macerata;043055;Urbisaglia;043055;Urbisaglia;043;Macerata;11;Marche
11;Marche;043;Macerata;043056;Ussita;043056;Ussita;043;Macerata;11;Marche
11;Marche;043;Macerata;043057;Visso;043057;Visso;043;Macerata;11;Marche
11;Marche;044;Ascoli Piceno;044001;Acquasanta Terme;044001;Acquasanta Terme;044;Ascoli Piceno;11;Marche
11;Marche;044;Ascoli Piceno;044002;Acquaviva Picena;044002;Acquaviva Picena;044;Ascoli Piceno;11;Marche
11;Marche;044;Ascoli Piceno;044005;Appignano del Tronto;044005;Appignano del Tronto;044;Ascoli Piceno;11;Marche
11;Marche;044;Ascoli Piceno;044006;Arquata del Tronto;044006;Arquata del Tronto;044;Ascoli Piceno;11;Marche
11;Marche;044;Ascoli Piceno;044007;Ascoli Piceno;044007;Ascoli Piceno;044;Ascoli Piceno;11;Marche
11;Marche;044;Ascoli Piceno;044010;Carassai;044010;Carassai;044;Ascoli Piceno;11;Marche
11;Marche;044;Ascoli Piceno;044011;Castel di Lama;044011;Castel di Lama;044;Ascoli Piceno;11;Marche
11;Marche;044;Ascoli Piceno;044012;Castignano;044012;Castignano;044;Ascoli Piceno;11;Marche
11;Marche;044;Ascoli Piceno;044013;Castorano;044013;Castorano;044;Ascoli Piceno;11;Marche
11;Marche;044;Ascoli Piceno;044014;Colli del Tronto;044014;Colli del Tronto;044;Ascoli Piceno;11;Marche
11;Marche;044;Ascoli Piceno;044015;Comunanza;044015;Comunanza;044;Ascoli Piceno;11;Marche
11;Marche;044;Ascoli Piceno;044016;Cossignano;044016;Cossignano;044;Ascoli Piceno;11;Marche
11;Marche;044;Ascoli Piceno;044017;Cupra Marittima;044017;Cupra Marittima;044;Ascoli Piceno;11;Marche
11;Marche;044;Ascoli Piceno;044020;Folignano;044020;Folignano;044;Ascoli Piceno;11;Marche
11;Marche;044;Ascoli Piceno;044021;Force;044021;Force;044;Ascoli Piceno;11;Marche
11;Marche;044;Ascoli Piceno;044023;Grottammare;044023;Grottammare;044;Ascoli Piceno;11;Marche
11;Marche;044;Ascoli Piceno;044027;Maltignano;044027;Maltignano;044;Ascoli Piceno;11;Marche
11;Marche;044;Ascoli Piceno;044029;Massignano;044029;Massignano;044;Ascoli Piceno;11;Marche
11;Marche;044;Ascoli Piceno;044031;Monsampolo del Tronto;044031;Monsampolo del Tronto;044;Ascoli Piceno;11;Marche
11;Marche;044;Ascoli Piceno;044032;Montalto delle Marche;044032;Montalto delle Marche;044;Ascoli Piceno;11;Marche
11;Marche;044;Ascoli Piceno;044034;Montedinove;044034;Montedinove;044;Ascoli Piceno;11;Marche
11;Marche;044;Ascoli Piceno;044036;Montefiore dell'Aso;044036;Montefiore dell'Aso;044;Ascoli Piceno;11;Marche
11;Marche;044;Ascoli Piceno;044038;Montegallo;044038;Montegallo;044;Ascoli Piceno;11;Marche
11;Marche;044;Ascoli Piceno;044044;Montemonaco;044044;Montemonaco;044;Ascoli Piceno;11;Marche
11;Marche;044;Ascoli Piceno;044045;Monteprandone;044045;Monteprandone;044;Ascoli Piceno;11;Marche
11;Marche;044;Ascoli Piceno;044054;Offida;044054;Offida;044;Ascoli Piceno;11;Marche
11;Marche;044;Ascoli Piceno;044056;Palmiano;044056;Palmiano;044;Ascoli Piceno;11;Marche
11;Marche;044;Ascoli Piceno;044063;Ripatransone;044063;Ripatransone;044;Ascoli Piceno;11;Marche
11;Marche;044;Ascoli Piceno;044064;Roccafluvione;044064;Roccafluvione;044;Ascoli Piceno;11;Marche
11;Marche;044;Ascoli Piceno;044065;Rotella;044065;Rotella;044;Ascoli Piceno;11;Marche
11;Marche;044;Ascoli Piceno;044066;San Benedetto del Tronto;044066;San Benedetto del Tronto;044;Ascoli Piceno;11;Marche
11;Marche;044;Ascoli Piceno;044071;Spinetoli;044071;Spinetoli;044;Ascoli Piceno;11;Marche
11;Marche;044;Ascoli Piceno;044073;Venarotta;044073;Venarotta;044;Ascoli Piceno;11;Marche
09;Toscana;045;Massa-Carrara;045001;Aulla;045001;Aulla;045;Massa-Carrara;09;Toscana
09;Toscana;045;Massa-Carrara;045002;Bagnone;045002;Bagnone;045;Massa-Carrara;09;Toscana
09;Toscana;045;Massa-Carrara;045003;Carrara;045003;Carrara;045;Massa-Carrara;09;Toscana
09;Toscana;045;Massa-Carrara;045004;Casola in Lunigiana;045004;Casola in Lunigiana;045;Massa-Carrara;09;Toscana
09;Toscana;045;Massa-Carrara;045005;Comano;045005;Comano;045;Massa-Carrara;09;Toscana
09;Toscana;045;Massa-Carrara;045006;Filattiera;045006;Filattiera;045;Massa-Carrara;09;Toscana
09;Toscana;045;Massa-Carrara;045007;Fivizzano;045007;Fivizzano;045;Massa-Carrara;09;Toscana
09;Toscana;045;Massa-Carrara;045008;Fosdinovo;045008;Fosdinovo;045;Massa-Carrara;09;Toscana
09;Toscana;045;Massa-Carrara;045009;Licciana Nardi;045009;Licciana Nardi;045;Massa-Carrara;09;Toscana
09;Toscana;045;Massa-Carrara;045010;Massa;045010;Massa;045;Massa-Carrara;09;Toscana
09;Toscana;045;Massa-Carrara;045011;Montignoso;045011;Montignoso;045;Massa-Carrara;09;Toscana
09;Toscana;045;Massa-Carrara;045012;Mulazzo;045012;Mulazzo;045;Massa-Carrara;09;Toscana
09;Toscana;045;Massa-Carrara;045013;Podenzana;045013;Podenzana;045;Massa-Carrara;09;Toscana
09;Toscana;045;Massa-Carrara;045014;Pontremoli;045014;Pontremoli;045;Massa-Carrara;09;Toscana
09;Toscana;045;Massa-Carrara;045015;Tresana;045015;Tresana;045;Massa-Carrara;09;Toscana
09;Toscana;045;Massa-Carrara;045016;Villafranca in Lunigiana;045016;Villafranca in Lunigiana;045;Massa-Carrara;09;Toscana
09;Toscana;045;Massa-Carrara;045017;Zeri;045017;Zeri;045;Massa-Carrara;09;Toscana
09;Toscana;046;Lucca;046001;Altopascio;046001;Altopascio;046;Lucca;09;Toscana
09;Toscana;046;Lucca;046002;Bagni di Lucca;046002;Bagni di Lucca;046;Lucca;09;Toscana
09;Toscana;046;Lucca;046003;Barga;046003;Barga;046;Lucca;09;Toscana
09;Toscana;046;Lucca;046004;Borgo a Mozzano;046004;Borgo a Mozzano;046;Lucca;09;Toscana
09;Toscana;046;Lucca;046005;Camaiore;046005;Camaiore;046;Lucca;09;Toscana
09;Toscana;046;Lucca;046006;Camporgiano;046006;Camporgiano;046;Lucca;09;Toscana
09;Toscana;046;Lucca;046007;Capannori;046007;Capannori;046;Lucca;09;Toscana
09;Toscana;046;Lucca;046008;Careggine;046008;Careggine;046;Lucca;09;Toscana
09;Toscana;046;Lucca;046009;Castelnuovo di Garfagnana;046009;Castelnuovo di Garfagnana;046;Lucca;09;Toscana
09;Toscana;046;Lucca;046010;Castiglione di Garfagnana;046010;Castiglione di Garfagnana;046;Lucca;09;Toscana
09;Toscana;046;Lucca;046011;Coreglia Antelminelli;046011;Coreglia Antelminelli;046;Lucca;09;Toscana
09;Toscana;046;Lucca;046012;Fabbriche di Vallico;046036;Fabbriche di Vergemoli;046;Lucca;09;Toscana
09;Toscana;046;Lucca;046013;Forte dei Marmi;046013;Forte dei Marmi;046;Lucca;09;Toscana
09;Toscana;046;Lucca;046014;Fosciandora;046014;Fosciandora;046;Lucca;09;Toscana
09;Toscana;046;Lucca;046015;Gallicano;046015;Gallicano;046;Lucca;09;Toscana
09;Toscana;046;Lucca;046016;Giuncugnano;046037;Sillano Giuncugnano;046;Lucca;09;Toscana
09;Toscana;046;Lucca;046017;Lucca;046017;Lucca;046;Lucca;09;Toscana
09;Toscana;046;Lucca;046018;Massarosa;046018;Massarosa;046;Lucca;09;Toscana
09;Toscana;046;Lucca;046019;Minucciano;046019;Minucciano;046;Lucca;09;Toscana
09;Toscana;046;Lucca;046020;Molazzana;046020;Molazzana;046;Lucca;09;Toscana
09;Toscana;046;Lucca;046021;Montecarlo;046021;Montecarlo;046;Lucca;09;Toscana
09;Toscana;046;Lucca;046022;Pescaglia;046022;Pescaglia;046;Lucca;09;Toscana
09;Toscana;046;Lucca;046023;Piazza al Serchio;046023;Piazza al Serchio;046;Lucca;09;Toscana
09;Toscana;046;Lucca;046024;Pietrasanta;046024;Pietrasanta;046;Lucca;09;Toscana
09;Toscana;046;Lucca;046025;Pieve Fosciana;046025;Pieve Fosciana;046;Lucca;09;Toscana
09;Toscana;046;Lucca;046026;Porcari;046026;Porcari;046;Lucca;09;Toscana
09;Toscana;046;Lucca;046027;San Romano in Garfagnana;046027;San Romano in Garfagnana;046;Lucca;09;Toscana
09;Toscana;046;Lucca;046028;Seravezza;046028;Seravezza;046;Lucca;09;Toscana
09;Toscana;046;Lucca;046029;Sillano;046037;Sillano Giuncugnano;046;Lucca;09;Toscana
09;Toscana;046;Lucca;046030;Stazzema;046030;Stazzema;046;Lucca;09;Toscana
09;Toscana;046;Lucca;046031;Vagli Sotto;046031;Vagli Sotto;046;Lucca;09;Toscana
09;Toscana;046;Lucca;046032;Vergemoli;046036;Fabbriche di Vergemoli;046;Lucca;09;Toscana
09;Toscana;046;Lucca;046033;Viareggio;046033;Viareggio;046;Lucca;09;Toscana
09;Toscana;046;Lucca;046034;Villa Basilica;046034;Villa Basilica;046;Lucca;09;Toscana
09;Toscana;046;Lucca;046035;Villa Collemandina;046035;Villa Collemandina;046;Lucca;09;Toscana
09;Toscana;047;Pistoia;047001;Abetone;047023;Abetone Cutigliano;047;Pistoia;09;Toscana
09;Toscana;047;Pistoia;047002;Agliana;047002;Agliana;047;Pistoia;09;Toscana
09;Toscana;047;Pistoia;047003;Buggiano;047003;Buggiano;047;Pistoia;09;Toscana
09;Toscana;047;Pistoia;047004;Cutigliano;047023;Abetone Cutigliano;047;Pistoia;09;Toscana
09;Toscana;047;Pistoia;047005;Lamporecchio;047005;Lamporecchio;047;Pistoia;09;Toscana
09;Toscana;047;Pistoia;047006;Larciano;047006;Larciano;047;Pistoia;09;Toscana
09;Toscana;047;Pistoia;047007;Marliana;047007;Marliana;047;Pistoia;09;Toscana
09;Toscana;047;Pistoia;047008;Massa e Cozzile;047008;Massa e Cozzile;047;Pistoia;09;Toscana
09;Toscana;047;Pistoia;047009;Monsummano Terme;047009;Monsummano Terme;047;Pistoia;09;Toscana
09;Toscana;047;Pistoia;047010;Montale;047010;Montale;047;Pistoia;09;Toscana
09;Toscana;047;Pistoia;047011;Montecatini-Terme;047011;Montecatini-Terme;047;Pistoia;09;Toscana
09;Toscana;047;Pistoia;047012;Pescia;047012;Pescia;047;Pistoia;09;Toscana
09;Toscana;047;Pistoia;047013;Pieve a Nievole;047013;Pieve a Nievole;047;Pistoia;09;Toscana
09;Toscana;047;Pistoia;047014;Pistoia;047014;Pistoia;047;Pistoia;09;Toscana
09;Toscana;047;Pistoia;047015;Piteglio;047024;San Marcello Piteglio;047;Pistoia;09;Toscana
09;Toscana;047;Pistoia;047016;Ponte Buggianese;047016;Ponte Buggianese;047;Pistoia;09;Toscana
09;Toscana;047;Pistoia;047017;Quarrata;047017;Quarrata;047;Pistoia;09;Toscana
09;Toscana;047;Pistoia;047018;Sambuca Pistoiese;047018;Sambuca Pistoiese;047;Pistoia;09;Toscana
09;Toscana;047;Pistoia;047019;San Marcello Pistoiese;047024;San Marcello Piteglio;047;Pistoia;09;Toscana
09;Toscana;047;Pistoia;047020;Serravalle Pistoiese;047020;Serravalle Pistoiese;047;Pistoia;09;Toscana
09;Toscana;047;Pistoia;047021;Uzzano;047021;Uzzano;047;Pistoia;09;Toscana
09;Toscana;047;Pistoia;047022;Chiesina Uzzanese;047022;Chiesina Uzzanese;047;Pistoia;09;Toscana
09;Toscana;048;Firenze;048001;Bagno a Ripoli;048001;Bagno a Ripoli;248;Firenze;09;Toscana
09;Toscana;048;Firenze;048002;Barberino di Mugello;048002;Barberino di Mugello;248;Firenze;09;Toscana
09;Toscana;048;Firenze;048003;Barberino Val d'Elsa;048054;Barberino Tavarnelle;248;Firenze;09;Toscana
09;Toscana;048;Firenze;048004;Borgo San Lorenzo;048004;Borgo San Lorenzo;248;Firenze;09;Toscana
09;Toscana;048;Firenze;048005;Calenzano;048005;Calenzano;248;Firenze;09;Toscana
09;Toscana;048;Firenze;048006;Campi Bisenzio;048006;Campi Bisenzio;248;Firenze;09;Toscana
09;Toscana;048;Firenze;048008;Capraia e Limite;048008;Capraia e Limite;248;Firenze;09;Toscana
09;Toscana;048;Firenze;048010;Castelfiorentino;048010;Castelfiorentino;248;Firenze;09;Toscana
09;Toscana;048;Firenze;048011;Cerreto Guidi;048011;Cerreto Guidi;248;Firenze;09;Toscana
09;Toscana;048;Firenze;048012;Certaldo;048012;Certaldo;248;Firenze;09;Toscana
09;Toscana;048;Firenze;048013;Dicomano;048013;Dicomano;248;Firenze;09;Toscana
09;Toscana;048;Firenze;048014;Empoli;048014;Empoli;248;Firenze;09;Toscana
09;Toscana;048;Firenze;048015;Fiesole;048015;Fiesole;248;Firenze;09;Toscana
09;Toscana;048;Firenze;048016;Figline Valdarno;048052;Figline e Incisa Valdarno;248;Firenze;09;Toscana
09;Toscana;048;Firenze;048017;Firenze;048017;Firenze;248;Firenze;09;Toscana
09;Toscana;048;Firenze;048018;Firenzuola;048018;Firenzuola;248;Firenze;09;Toscana
09;Toscana;048;Firenze;048019;Fucecchio;048019;Fucecchio;248;Firenze;09;Toscana
09;Toscana;048;Firenze;048020;Gambassi Terme;048020;Gambassi Terme;248;Firenze;09;Toscana
09;Toscana;048;Firenze;048021;Greve in Chianti;048021;Greve in Chianti;248;Firenze;09;Toscana
09;Toscana;048;Firenze;048022;Impruneta;048022;Impruneta;248;Firenze;09;Toscana
09;Toscana;048;Firenze;048023;Incisa in Val d'Arno;048052;Figline e Incisa Valdarno;248;Firenze;09;Toscana
09;Toscana;048;Firenze;048024;Lastra a Signa;048024;Lastra a Signa;248;Firenze;09;Toscana
09;Toscana;048;Firenze;048025;Londa;048025;Londa;248;Firenze;09;Toscana
09;Toscana;048;Firenze;048026;Marradi;048026;Marradi;248;Firenze;09;Toscana
09;Toscana;048;Firenze;048027;Montaione;048027;Montaione;248;Firenze;09;Toscana
09;Toscana;048;Firenze;048028;Montelupo Fiorentino;048028;Montelupo Fiorentino;248;Firenze;09;Toscana
09;Toscana;048;Firenze;048030;Montespertoli;048030;Montespertoli;248;Firenze;09;Toscana
09;Toscana;048;Firenze;048031;Palazzuolo sul Senio;048031;Palazzuolo sul Senio;248;Firenze;09;Toscana
09;Toscana;048;Firenze;048032;Pelago;048032;Pelago;248;Firenze;09;Toscana
09;Toscana;048;Firenze;048033;Pontassieve;048033;Pontassieve;248;Firenze;09;Toscana
09;Toscana;048;Firenze;048035;Reggello;048035;Reggello;248;Firenze;09;Toscana
09;Toscana;048;Firenze;048036;Rignano sull'Arno;048036;Rignano sull'Arno;248;Firenze;09;Toscana
09;Toscana;048;Firenze;048037;Rufina;048037;Rufina;248;Firenze;09;Toscana
09;Toscana;048;Firenze;048038;San Casciano in Val di Pesa;048038;San Casciano in Val di Pesa;248;Firenze;09;Toscana
09;Toscana;048;Firenze;048039;San Godenzo;048039;San Godenzo;248;Firenze;09;Toscana
09;Toscana;048;Firenze;048040;San Piero a Sieve;048053;Scarperia e San Piero;248;Firenze;09;Toscana
09;Toscana;048;Firenze;048041;Scandicci;048041;Scandicci;248;Firenze;09;Toscana
09;Toscana;048;Firenze;048042;Scarperia;048053;Scarperia e San Piero;248;Firenze;09;Toscana
09;Toscana;048;Firenze;048043;Sesto Fiorentino;048043;Sesto Fiorentino;248;Firenze;09;Toscana
09;Toscana;048;Firenze;048044;Signa;048044;Signa;248;Firenze;09;Toscana
09;Toscana;048;Firenze;048045;Tavarnelle Val di Pesa;048054;Barberino Tavarnelle;248;Firenze;09;Toscana
09;Toscana;048;Firenze;048046;Vaglia;048046;Vaglia;248;Firenze;09;Toscana
09;Toscana;048;Firenze;048049;Vicchio;048049;Vicchio;248;Firenze;09;Toscana
09;Toscana;048;Firenze;048050;Vinci;048050;Vinci;248;Firenze;09;Toscana
09;Toscana;049;Livorno;049001;Bibbona;049001;Bibbona;049;Livorno;09;Toscana
09;Toscana;049;Livorno;049002;Campiglia Marittima;049002;Campiglia Marittima;049;Livorno;09;Toscana
09;Toscana;049;Livorno;049003;Campo nell'Elba;049003;Campo nell'Elba;049;Livorno;09;Toscana
09;Toscana;049;Livorno;049004;Capoliveri;049004;Capoliveri;049;Livorno;09;Toscana
09;Toscana;049;Livorno;049005;Capraia Isola;049005;Capraia Isola;049;Livorno;09;Toscana
09;Toscana;049;Livorno;049006;Castagneto Carducci;049006;Castagneto Carducci;049;Livorno;09;Toscana
09;Toscana;049;Livorno;049007;Cecina;049007;Cecina;049;Livorno;09;Toscana
09;Toscana;049;Livorno;049008;Collesalvetti;049008;Collesalvetti;049;Livorno;09;Toscana
09;Toscana;049;Livorno;049009;Livorno;049009;Livorno;049;Livorno;09;Toscana
09;Toscana;049;Livorno;049010;Marciana;049010;Marciana;049;Livorno;09;Toscana
09;Toscana;049;Livorno;049011;Marciana Marina;049011;Marciana Marina;049;Livorno;09;Toscana
09;Toscana;049;Livorno;049012;Piombino;049012;Piombino;049;Livorno;09;Toscana
09;Toscana;049;Livorno;049013;Porto Azzurro;049013;Porto Azzurro;049;Livorno;09;Toscana
09;Toscana;049;Livorno;049014;Portoferraio;049014;Portoferraio;049;Livorno;09;Toscana
09;Toscana;049;Livorno;049015;Rio Marina;049021;Rio;049;Livorno;09;Toscana
09;Toscana;049;Livorno;049016;Rio nell'Elba;049021;Rio;049;Livorno;09;Toscana
09;Toscana;049;Livorno;049017;Rosignano Marittimo;049017;Rosignano Marittimo;049;Livorno;09;Toscana
09;Toscana;049;Livorno;049018;San Vincenzo;049018;San Vincenzo;049;Livorno;09;Toscana
09;Toscana;049;Livorno;049019;Sassetta;049019;Sassetta;049;Livorno;09;Toscana
09;Toscana;049;Livorno;049020;Suvereto;049020;Suvereto;049;Livorno;09;Toscana
09;Toscana;050;Pisa;050001;Bientina;050001;Bientina;050;Pisa;09;Toscana
09;Toscana;050;Pisa;050002;Buti;050002;Buti;050;Pisa;09;Toscana
09;Toscana;050;Pisa;050003;Calci;050003;Calci;050;Pisa;09;Toscana
09;Toscana;050;Pisa;050004;Calcinaia;050004;Calcinaia;050;Pisa;09;Toscana
09;Toscana;050;Pisa;050005;Capannoli;050005;Capannoli;050;Pisa;09;Toscana
09;Toscana;050;Pisa;050006;Casale Marittimo;050006;Casale Marittimo;050;Pisa;09;Toscana
09;Toscana;050;Pisa;050007;Casciana Terme;050040;Casciana Terme Lari;050;Pisa;09;Toscana
09;Toscana;050;Pisa;050008;Cascina;050008;Cascina;050;Pisa;09;Toscana
09;Toscana;050;Pisa;050009;Castelfranco di Sotto;050009;Castelfranco di Sotto;050;Pisa;09;Toscana
09;Toscana;050;Pisa;050010;Castellina Marittima;050010;Castellina Marittima;050;Pisa;09;Toscana
09;Toscana;050;Pisa;050011;Castelnuovo di Val di Cecina;050011;Castelnuovo di Val di Cecina;050;Pisa;09;Toscana
09;Toscana;050;Pisa;050012;Chianni;050012;Chianni;050;Pisa;09;Toscana
09;Toscana;050;Pisa;050013;Crespina;050041;Crespina Lorenzana;050;Pisa;09;Toscana
09;Toscana;050;Pisa;050014;Fauglia;050014;Fauglia;050;Pisa;09;Toscana
09;Toscana;050;Pisa;050015;Guardistallo;050015;Guardistallo;050;Pisa;09;Toscana
09;Toscana;050;Pisa;050016;Lajatico;050016;Lajatico;050;Pisa;09;Toscana
09;Toscana;050;Pisa;050017;Lari;050040;Casciana Terme Lari;050;Pisa;09;Toscana
09;Toscana;050;Pisa;050018;Lorenzana;050041;Crespina Lorenzana;050;Pisa;09;Toscana
09;Toscana;050;Pisa;050019;Montecatini Val di Cecina;050019;Montecatini Val di Cecina;050;Pisa;09;Toscana
09;Toscana;050;Pisa;050020;Montescudaio;050020;Montescudaio;050;Pisa;09;Toscana
09;Toscana;050;Pisa;050021;Monteverdi Marittimo;050021;Monteverdi Marittimo;050;Pisa;09;Toscana
09;Toscana;050;Pisa;050022;Montopoli in Val d'Arno;050022;Montopoli in Val d'Arno;050;Pisa;09;Toscana
09;Toscana;050;Pisa;050023;Orciano Pisano;050023;Orciano Pisano;050;Pisa;09;Toscana
09;Toscana;050;Pisa;050024;Palaia;050024;Palaia;050;Pisa;09;Toscana
09;Toscana;050;Pisa;050025;Peccioli;050025;Peccioli;050;Pisa;09;Toscana
09;Toscana;050;Pisa;050026;Pisa;050026;Pisa;050;Pisa;09;Toscana
09;Toscana;050;Pisa;050027;Pomarance;050027;Pomarance;050;Pisa;09;Toscana
09;Toscana;050;Pisa;050028;Ponsacco;050028;Ponsacco;050;Pisa;09;Toscana
09;Toscana;050;Pisa;050029;Pontedera;050029;Pontedera;050;Pisa;09;Toscana
09;Toscana;050;Pisa;050030;Riparbella;050030;Riparbella;050;Pisa;09;Toscana
09;Toscana;050;Pisa;050031;San Giuliano Terme;050031;San Giuliano Terme;050;Pisa;09;Toscana
09;Toscana;050;Pisa;050032;San Miniato;050032;San Miniato;050;Pisa;09;Toscana
09;Toscana;050;Pisa;050033;Santa Croce sull'Arno;050033;Santa Croce sull'Arno;050;Pisa;09;Toscana
09;Toscana;050;Pisa;050034;Santa Luce;050034;Santa Luce;050;Pisa;09;Toscana
09;Toscana;050;Pisa;050035;Santa Maria a Monte;050035;Santa Maria a Monte;050;Pisa;09;Toscana
09;Toscana;050;Pisa;050036;Terricciola;050036;Terricciola;050;Pisa;09;Toscana
09;Toscana;050;Pisa;050037;Vecchiano;050037;Vecchiano;050;Pisa;09;Toscana
09;Toscana;050;Pisa;050038;Vicopisano;050038;Vicopisano;050;Pisa;09;Toscana
09;Toscana;050;Pisa;050039;Volterra;050039;Volterra;050;Pisa;09;Toscana
09;Toscana;051;Arezzo;051001;Anghiari;051001;Anghiari;051;Arezzo;09;Toscana
09;Toscana;051;Arezzo;051002;Arezzo;051002;Arezzo;051;Arezzo;09;Toscana
09;Toscana;051;Arezzo;051003;Badia Tedalda;051003;Badia Tedalda;051;Arezzo;09;Toscana
09;Toscana;051;Arezzo;051004;Bibbiena;051004;Bibbiena;051;Arezzo;09;Toscana
09;Toscana;051;Arezzo;051005;Bucine;051005;Bucine;051;Arezzo;09;Toscana
09;Toscana;051;Arezzo;051006;Capolona;051006;Capolona;051;Arezzo;09;Toscana
09;Toscana;051;Arezzo;051007;Caprese Michelangelo;051007;Caprese Michelangelo;051;Arezzo;09;Toscana
09;Toscana;051;Arezzo;051008;Castel Focognano;051008;Castel Focognano;051;Arezzo;09;Toscana
09;Toscana;051;Arezzo;051009;Castelfranco di Sopra;051040;Castelfranco Piandiscò;051;Arezzo;09;Toscana
09;Toscana;051;Arezzo;051010;Castel San Niccolò;051010;Castel San Niccolò;051;Arezzo;09;Toscana
09;Toscana;051;Arezzo;051011;Castiglion Fibocchi;051011;Castiglion Fibocchi;051;Arezzo;09;Toscana
09;Toscana;051;Arezzo;051012;Castiglion Fiorentino;051012;Castiglion Fiorentino;051;Arezzo;09;Toscana
09;Toscana;051;Arezzo;051013;Cavriglia;051013;Cavriglia;051;Arezzo;09;Toscana
09;Toscana;051;Arezzo;051014;Chitignano;051014;Chitignano;051;Arezzo;09;Toscana
09;Toscana;051;Arezzo;051015;Chiusi della Verna;051015;Chiusi della Verna;051;Arezzo;09;Toscana
09;Toscana;051;Arezzo;051016;Civitella in Val di Chiana;051016;Civitella in Val di Chiana;051;Arezzo;09;Toscana
09;Toscana;051;Arezzo;051017;Cortona;051017;Cortona;051;Arezzo;09;Toscana
09;Toscana;051;Arezzo;051018;Foiano della Chiana;051018;Foiano della Chiana;051;Arezzo;09;Toscana
09;Toscana;051;Arezzo;051019;Laterina;051042;Laterina Pergine Valdarno;051;Arezzo;09;Toscana
09;Toscana;051;Arezzo;051020;Loro Ciuffenna;051020;Loro Ciuffenna;051;Arezzo;09;Toscana
09;Toscana;051;Arezzo;051021;Lucignano;051021;Lucignano;051;Arezzo;09;Toscana
09;Toscana;051;Arezzo;051022;Marciano della Chiana;051022;Marciano della Chiana;051;Arezzo;09;Toscana
09;Toscana;051;Arezzo;051023;Montemignaio;051023;Montemignaio;051;Arezzo;09;Toscana
09;Toscana;051;Arezzo;051024;Monterchi;051024;Monterchi;051;Arezzo;09;Toscana
09;Toscana;051;Arezzo;051025;Monte San Savino;051025;Monte San Savino;051;Arezzo;09;Toscana
09;Toscana;051;Arezzo;051026;Montevarchi;051026;Montevarchi;051;Arezzo;09;Toscana
09;Toscana;051;Arezzo;051027;Ortignano Raggiolo;051027;Ortignano Raggiolo;051;Arezzo;09;Toscana
09;Toscana;051;Arezzo;051028;Pergine Valdarno;051042;Laterina Pergine Valdarno;051;Arezzo;09;Toscana
09;Toscana;051;Arezzo;051029;Pian di Sco;051040;Castelfranco Piandiscò;051;Arezzo;09;Toscana
09;Toscana;051;Arezzo;051030;Pieve Santo Stefano;051030;Pieve Santo Stefano;051;Arezzo;09;Toscana
09;Toscana;051;Arezzo;051031;Poppi;051031;Poppi;051;Arezzo;09;Toscana
09;Toscana;051;Arezzo;051032;Pratovecchio;051041;Pratovecchio Stia;051;Arezzo;09;Toscana
09;Toscana;051;Arezzo;051033;San Giovanni Valdarno;051033;San Giovanni Valdarno;051;Arezzo;09;Toscana
09;Toscana;051;Arezzo;051034;Sansepolcro;051034;Sansepolcro;051;Arezzo;09;Toscana
09;Toscana;051;Arezzo;051035;Sestino;051035;Sestino;051;Arezzo;09;Toscana
09;Toscana;051;Arezzo;051036;Stia;051041;Pratovecchio Stia;051;Arezzo;09;Toscana
09;Toscana;051;Arezzo;051037;Subbiano;051037;Subbiano;051;Arezzo;09;Toscana
09;Toscana;051;Arezzo;051038;Talla;051038;Talla;051;Arezzo;09;Toscana
09;Toscana;051;Arezzo;051039;Terranuova Bracciolini;051039;Terranuova Bracciolini;051;Arezzo;09;Toscana
09;Toscana;052;Siena;052001;Abbadia San Salvatore;052001;Abbadia San Salvatore;052;Siena;09;Toscana
09;Toscana;052;Siena;052002;Asciano;052002;Asciano;052;Siena;09;Toscana
09;Toscana;052;Siena;052003;Buonconvento;052003;Buonconvento;052;Siena;09;Toscana
09;Toscana;052;Siena;052004;Casole d'Elsa;052004;Casole d'Elsa;052;Siena;09;Toscana
09;Toscana;052;Siena;052005;Castellina in Chianti;052005;Castellina in Chianti;052;Siena;09;Toscana
09;Toscana;052;Siena;052006;Castelnuovo Berardenga;052006;Castelnuovo Berardenga;052;Siena;09;Toscana
09;Toscana;052;Siena;052007;Castiglione d'Orcia;052007;Castiglione d'Orcia;052;Siena;09;Toscana
09;Toscana;052;Siena;052008;Cetona;052008;Cetona;052;Siena;09;Toscana
09;Toscana;052;Siena;052009;Chianciano Terme;052009;Chianciano Terme;052;Siena;09;Toscana
09;Toscana;052;Siena;052010;Chiusdino;052010;Chiusdino;052;Siena;09;Toscana
09;Toscana;052;Siena;052011;Chiusi;052011;Chiusi;052;Siena;09;Toscana
09;Toscana;052;Siena;052012;Colle di Val d'Elsa;052012;Colle di Val d'Elsa;052;Siena;09;Toscana
09;Toscana;052;Siena;052013;Gaiole in Chianti;052013;Gaiole in Chianti;052;Siena;09;Toscana
09;Toscana;052;Siena;052014;Montalcino;052037;Montalcino;052;Siena;09;Toscana
09;Toscana;052;Siena;052015;Montepulciano;052015;Montepulciano;052;Siena;09;Toscana
09;Toscana;052;Siena;052016;Monteriggioni;052016;Monteriggioni;052;Siena;09;Toscana
09;Toscana;052;Siena;052017;Monteroni d'Arbia;052017;Monteroni d'Arbia;052;Siena;09;Toscana
09;Toscana;052;Siena;052018;Monticiano;052018;Monticiano;052;Siena;09;Toscana
09;Toscana;052;Siena;052019;Murlo;052019;Murlo;052;Siena;09;Toscana
09;Toscana;052;Siena;052020;Piancastagnaio;052020;Piancastagnaio;052;Siena;09;Toscana
09;Toscana;052;Siena;052021;Pienza;052021;Pienza;052;Siena;09;Toscana
09;Toscana;052;Siena;052022;Poggibonsi;052022;Poggibonsi;052;Siena;09;Toscana
09;Toscana;052;Siena;052023;Radda in Chianti;052023;Radda in Chianti;052;Siena;09;Toscana
09;Toscana;052;Siena;052024;Radicofani;052024;Radicofani;052;Siena;09;Toscana
09;Toscana;052;Siena;052025;Radicondoli;052025;Radicondoli;052;Siena;09;Toscana
09;Toscana;052;Siena;052026;Rapolano Terme;052026;Rapolano Terme;052;Siena;09;Toscana
09;Toscana;052;Siena;052027;San Casciano dei Bagni;052027;San Casciano dei Bagni;052;Siena;09;Toscana
09;Toscana;052;Siena;052028;San Gimignano;052028;San Gimignano;052;Siena;09;Toscana
09;Toscana;052;Siena;052029;San Giovanni d'Asso;052037;Montalcino;052;Siena;09;Toscana
09;Toscana;052;Siena;052030;San Quirico d'Orcia;052030;San Quirico d'Orcia;052;Siena;09;Toscana
09;Toscana;052;Siena;052031;Sarteano;052031;Sarteano;052;Siena;09;Toscana
09;Toscana;052;Siena;052032;Siena;052032;Siena;052;Siena;09;Toscana
09;Toscana;052;Siena;052033;Sinalunga;052033;Sinalunga;052;Siena;09;Toscana
09;Toscana;052;Siena;052034;Sovicille;052034;Sovicille;052;Siena;09;Toscana
09;Toscana;052;Siena;052035;Torrita di Siena;052035;Torrita di Siena;052;Siena;09;Toscana
09;Toscana;052;Siena;052036;Trequanda;052036;Trequanda;052;Siena;09;Toscana
09;Toscana;053;Grosseto;053001;Arcidosso;053001;Arcidosso;053;Grosseto;09;Toscana
09;Toscana;053;Grosseto;053002;Campagnatico;053002;Campagnatico;053;Grosseto;09;Toscana
09;Toscana;053;Grosseto;053003;Capalbio;053003;Capalbio;053;Grosseto;09;Toscana
09;Toscana;053;Grosseto;053004;Castel del Piano;053004;Castel del Piano;053;Grosseto;09;Toscana
09;Toscana;053;Grosseto;053005;Castell'Azzara;053005;Castell'Azzara;053;Grosseto;09;Toscana
09;Toscana;053;Grosseto;053006;Castiglione della Pescaia;053006;Castiglione della Pescaia;053;Grosseto;09;Toscana
09;Toscana;053;Grosseto;053007;Cinigiano;053007;Cinigiano;053;Grosseto;09;Toscana
09;Toscana;053;Grosseto;053008;Civitella Paganico;053008;Civitella Paganico;053;Grosseto;09;Toscana
09;Toscana;053;Grosseto;053009;Follonica;053009;Follonica;053;Grosseto;09;Toscana
09;Toscana;053;Grosseto;053010;Gavorrano;053010;Gavorrano;053;Grosseto;09;Toscana
09;Toscana;053;Grosseto;053011;Grosseto;053011;Grosseto;053;Grosseto;09;Toscana
09;Toscana;053;Grosseto;053012;Isola del Giglio;053012;Isola del Giglio;053;Grosseto;09;Toscana
09;Toscana;053;Grosseto;053013;Magliano in Toscana;053013;Magliano in Toscana;053;Grosseto;09;Toscana
09;Toscana;053;Grosseto;053014;Manciano;053014;Manciano;053;Grosseto;09;Toscana
09;Toscana;053;Grosseto;053015;Massa Marittima;053015;Massa Marittima;053;Grosseto;09;Toscana
09;Toscana;053;Grosseto;053016;Monte Argentario;053016;Monte Argentario;053;Grosseto;09;Toscana
09;Toscana;053;Grosseto;053017;Montieri;053017;Montieri;053;Grosseto;09;Toscana
09;Toscana;053;Grosseto;053018;Orbetello;053018;Orbetello;053;Grosseto;09;Toscana
09;Toscana;053;Grosseto;053019;Pitigliano;053019;Pitigliano;053;Grosseto;09;Toscana
09;Toscana;053;Grosseto;053020;Roccalbegna;053020;Roccalbegna;053;Grosseto;09;Toscana
09;Toscana;053;Grosseto;053021;Roccastrada;053021;Roccastrada;053;Grosseto;09;Toscana
09;Toscana;053;Grosseto;053022;Santa Fiora;053022;Santa Fiora;053;Grosseto;09;Toscana
09;Toscana;053;Grosseto;053023;Scansano;053023;Scansano;053;Grosseto;09;Toscana
09;Toscana;053;Grosseto;053024;Scarlino;053024;Scarlino;053;Grosseto;09;Toscana
09;Toscana;053;Grosseto;053025;Seggiano;053025;Seggiano;053;Grosseto;09;Toscana
09;Toscana;053;Grosseto;053026;Sorano;053026;Sorano;053;Grosseto;09;Toscana
09;Toscana;053;Grosseto;053027;Monterotondo Marittimo;053027;Monterotondo Marittimo;053;Grosseto;09;Toscana
09;Toscana;053;Grosseto;053028;Semproniano;053028;Semproniano;053;Grosseto;09;Toscana
10;Umbria;054;Perugia;054001;Assisi;054001;Assisi;054;Perugia;10;Umbria
10;Umbria;054;Perugia;054002;Bastia Umbra;054002;Bastia Umbra;054;Perugia;10;Umbria
10;Umbria;054;Perugia;054003;Bettona;054003;Bettona;054;Perugia;10;Umbria
10;Umbria;054;Perugia;054004;Bevagna;054004;Bevagna;054;Perugia;10;Umbria
10;Umbria;054;Perugia;054005;Campello sul Clitunno;054005;Campello sul Clitunno;054;Perugia;10;Umbria
10;Umbria;054;Perugia;054006;Cannara;054006;Cannara;054;Perugia;10;Umbria
10;Umbria;054;Perugia;054007;Cascia;054007;Cascia;054;Perugia;10;Umbria
10;Umbria;054;Perugia;054008;Castel Ritaldi;054008;Castel Ritaldi;054;Perugia;10;Umbria
10;Umbria;054;Perugia;054009;Castiglione del Lago;054009;Castiglione del Lago;054;Perugia;10;Umbria
10;Umbria;054;Perugia;054010;Cerreto di Spoleto;054010;Cerreto di Spoleto;054;Perugia;10;Umbria
10;Umbria;054;Perugia;054011;Citerna;054011;Citerna;054;Perugia;10;Umbria
10;Umbria;054;Perugia;054012;Città della Pieve;054012;Città della Pieve;054;Perugia;10;Umbria
10;Umbria;054;Perugia;054013;Città di Castello;054013;Città di Castello;054;Perugia;10;Umbria
10;Umbria;054;Perugia;054014;Collazzone;054014;Collazzone;054;Perugia;10;Umbria
10;Umbria;054;Perugia;054015;Corciano;054015;Corciano;054;Perugia;10;Umbria
10;Umbria;054;Perugia;054016;Costacciaro;054016;Costacciaro;054;Perugia;10;Umbria
10;Umbria;054;Perugia;054017;Deruta;054017;Deruta;054;Perugia;10;Umbria
10;Umbria;054;Perugia;054018;Foligno;054018;Foligno;054;Perugia;10;Umbria
10;Umbria;054;Perugia;054019;Fossato di Vico;054019;Fossato di Vico;054;Perugia;10;Umbria
10;Umbria;054;Perugia;054020;Fratta Todina;054020;Fratta Todina;054;Perugia;10;Umbria
10;Umbria;054;Perugia;054021;Giano dell'Umbria;054021;Giano dell'Umbria;054;Perugia;10;Umbria
10;Umbria;054;Perugia;054022;Gualdo Cattaneo;054022;Gualdo Cattaneo;054;Perugia;10;Umbria
10;Umbria;054;Perugia;054023;Gualdo Tadino;054023;Gualdo Tadino;054;Perugia;10;Umbria
10;Umbria;054;Perugia;054024;Gubbio;054024;Gubbio;054;Perugia;10;Umbria
10;Umbria;054;Perugia;054025;Lisciano Niccone;054025;Lisciano Niccone;054;Perugia;10;Umbria
10;Umbria;054;Perugia;054026;Magione;054026;Magione;054;Perugia;10;Umbria
10;Umbria;054;Perugia;054027;Marsciano;054027;Marsciano;054;Perugia;10;Umbria
10;Umbria;054;Perugia;054028;Massa Martana;054028;Massa Martana;054;Perugia;10;Umbria
10;Umbria;054;Perugia;054029;Monte Castello di Vibio;054029;Monte Castello di Vibio;054;Perugia;10;Umbria
10;Umbria;054;Perugia;054030;Montefalco;054030;Montefalco;054;Perugia;10;Umbria
10;Umbria;054;Perugia;054031;Monteleone di Spoleto;054031;Monteleone di Spoleto;054;Perugia;10;Umbria
10;Umbria;054;Perugia;054032;Monte Santa Maria Tiberina;054032;Monte Santa Maria Tiberina;054;Perugia;10;Umbria
10;Umbria;054;Perugia;054033;Montone;054033;Montone;054;Perugia;10;Umbria
10;Umbria;054;Perugia;054034;Nocera Umbra;054034;Nocera Umbra;054;Perugia;10;Umbria
10;Umbria;054;Perugia;054035;Norcia;054035;Norcia;054;Perugia;10;Umbria
10;Umbria;054;Perugia;054036;Paciano;054036;Paciano;054;Perugia;10;Umbria
10;Umbria;054;Perugia;054037;Panicale;054037;Panicale;054;Perugia;10;Umbria
10;Umbria;054;Perugia;054038;Passignano sul Trasimeno;054038;Passignano sul Trasimeno;054;Perugia;10;Umbria
10;Umbria;054;Perugia;054039;Perugia;054039;Perugia;054;Perugia;10;Umbria
10;Umbria;054;Perugia;054040;Piegaro;054040;Piegaro;054;Perugia;10;Umbria
10;Umbria;054;Perugia;054041;Pietralunga;054041;Pietralunga;054;Perugia;10;Umbria
10;Umbria;054;Perugia;054042;Poggiodomo;054042;Poggiodomo;054;Perugia;10;Umbria
10;Umbria;054;Perugia;054043;Preci;054043;Preci;054;Perugia;10;Umbria
10;Umbria;054;Perugia;054044;San Giustino;054044;San Giustino;054;Perugia;10;Umbria
10;Umbria;054;Perugia;054045;Sant'Anatolia di Narco;054045;Sant'Anatolia di Narco;054;Perugia;10;Umbria
10;Umbria;054;Perugia;054046;Scheggia e Pascelupo;054046;Scheggia e Pascelupo;054;Perugia;10;Umbria
10;Umbria;054;Perugia;054047;Scheggino;054047;Scheggino;054;Perugia;10;Umbria
10;Umbria;054;Perugia;054048;Sellano;054048;Sellano;054;Perugia;10;Umbria
10;Umbria;054;Perugia;054049;Sigillo;054049;Sigillo;054;Perugia;10;Umbria
10;Umbria;054;Perugia;054050;Spello;054050;Spello;054;Perugia;10;Umbria
10;Umbria;054;Perugia;054051;Spoleto;054051;Spoleto;054;Perugia;10;Umbria
10;Umbria;054;Perugia;054052;Todi;054052;Todi;054;Perugia;10;Umbria
10;Umbria;054;Perugia;054053;Torgiano;054053;Torgiano;054;Perugia;10;Umbria
10;Umbria;054;Perugia;054054;Trevi;054054;Trevi;054;Perugia;10;Umbria
10;Umbria;054;Perugia;054055;Tuoro sul Trasimeno;054055;Tuoro sul Trasimeno;054;Perugia;10;Umbria
10;Umbria;054;Perugia;054056;Umbertide;054056;Umbertide;054;Perugia;10;Umbria
10;Umbria;054;Perugia;054057;Valfabbrica;054057;Valfabbrica;054;Perugia;10;Umbria
10;Umbria;054;Perugia;054058;Vallo di Nera;054058;Vallo di Nera;054;Perugia;10;Umbria
10;Umbria;054;Perugia;054059;Valtopina;054059;Valtopina;054;Perugia;10;Umbria
10;Umbria;055;Terni;055001;Acquasparta;055001;Acquasparta;055;Terni;10;Umbria
10;Umbria;055;Terni;055002;Allerona;055002;Allerona;055;Terni;10;Umbria
10;Umbria;055;Terni;055003;Alviano;055003;Alviano;055;Terni;10;Umbria
10;Umbria;055;Terni;055004;Amelia;055004;Amelia;055;Terni;10;Umbria
10;Umbria;055;Terni;055005;Arrone;055005;Arrone;055;Terni;10;Umbria
10;Umbria;055;Terni;055006;Attigliano;055006;Attigliano;055;Terni;10;Umbria
10;Umbria;055;Terni;055007;Baschi;055007;Baschi;055;Terni;10;Umbria
10;Umbria;055;Terni;055008;Calvi dell'Umbria;055008;Calvi dell'Umbria;055;Terni;10;Umbria
10;Umbria;055;Terni;055009;Castel Giorgio;055009;Castel Giorgio;055;Terni;10;Umbria
10;Umbria;055;Terni;055010;Castel Viscardo;055010;Castel Viscardo;055;Terni;10;Umbria
10;Umbria;055;Terni;055011;Fabro;055011;Fabro;055;Terni;10;Umbria
10;Umbria;055;Terni;055012;Ferentillo;055012;Ferentillo;055;Terni;10;Umbria
10;Umbria;055;Terni;055013;Ficulle;055013;Ficulle;055;Terni;10;Umbria
10;Umbria;055;Terni;055014;Giove;055014;Giove;055;Terni;10;Umbria
10;Umbria;055;Terni;055015;Guardea;055015;Guardea;055;Terni;10;Umbria
10;Umbria;055;Terni;055016;Lugnano in Teverina;055016;Lugnano in Teverina;055;Terni;10;Umbria
10;Umbria;055;Terni;055017;Montecastrilli;055017;Montecastrilli;055;Terni;10;Umbria
10;Umbria;055;Terni;055018;Montecchio;055018;Montecchio;055;Terni;10;Umbria
10;Umbria;055;Terni;055019;Montefranco;055019;Montefranco;055;Terni;10;Umbria
10;Umbria;055;Terni;055020;Montegabbione;055020;Montegabbione;055;Terni;10;Umbria
10;Umbria;055;Terni;055021;Monteleone d'Orvieto;055021;Monteleone d'Orvieto;055;Terni;10;Umbria
10;Umbria;055;Terni;055022;Narni;055022;Narni;055;Terni;10;Umbria
10;Umbria;055;Terni;055023;Orvieto;055023;Orvieto;055;Terni;10;Umbria
10;Umbria;055;Terni;055024;Otricoli;055024;Otricoli;055;Terni;10;Umbria
10;Umbria;055;Terni;055025;Parrano;055025;Parrano;055;Terni;10;Umbria
10;Umbria;055;Terni;055026;Penna in Teverina;055026;Penna in Teverina;055;Terni;10;Umbria
10;Umbria;055;Terni;055027;Polino;055027;Polino;055;Terni;10;Umbria
10;Umbria;055;Terni;055028;Porano;055028;Porano;055;Terni;10;Umbria
10;Umbria;055;Terni;055029;San Gemini;055029;San Gemini;055;Terni;10;Umbria
10;Umbria;055;Terni;055030;San Venanzo;055030;San Venanzo;055;Terni;10;Umbria
10;Umbria;055;Terni;055031;Stroncone;055031;Stroncone;055;Terni;10;Umbria
10;Umbria;055;Terni;055032;Terni;055032;Terni;055;Terni;10;Umbria
10;Umbria;055;Terni;055033;Avigliano Umbro;055033;Avigliano Umbro;055;Terni;10;Umbria
12;Lazio;056;Viterbo;056001;Acquapendente;056001;Acquapendente;056;Viterbo;12;Lazio
12;Lazio;056;Viterbo;056002;Arlena di Castro;056002;Arlena di Castro;056;Viterbo;12;Lazio
12;Lazio;056;Viterbo;056003;Bagnoregio;056003;Bagnoregio;056;Viterbo;12;Lazio
12;Lazio;056;Viterbo;056004;Barbarano Romano;056004;Barbarano Romano;056;Viterbo;12;Lazio
12;Lazio;056;Viterbo;056005;Bassano Romano;056005;Bassano Romano;056;Viterbo;12;Lazio
12;Lazio;056;Viterbo;056006;Bassano in Teverina;056006;Bassano in Teverina;056;Viterbo;12;Lazio
12;Lazio;056;Viterbo;056007;Blera;056007;Blera;056;Viterbo;12;Lazio
12;Lazio;056;Viterbo;056008;Bolsena;056008;Bolsena;056;Viterbo;12;Lazio
12;Lazio;056;Viterbo;056009;Bomarzo;056009;Bomarzo;056;Viterbo;12;Lazio
12;Lazio;056;Viterbo;056010;Calcata;056010;Calcata;056;Viterbo;12;Lazio
12;Lazio;056;Viterbo;056011;Canepina;056011;Canepina;056;Viterbo;12;Lazio
12;Lazio;056;Viterbo;056012;Canino;056012;Canino;056;Viterbo;12;Lazio
12;Lazio;056;Viterbo;056013;Capodimonte;056013;Capodimonte;056;Viterbo;12;Lazio
12;Lazio;056;Viterbo;056014;Capranica;056014;Capranica;056;Viterbo;12;Lazio
12;Lazio;056;Viterbo;056015;Caprarola;056015;Caprarola;056;Viterbo;12;Lazio
12;Lazio;056;Viterbo;056016;Carbognano;056016;Carbognano;056;Viterbo;12;Lazio
12;Lazio;056;Viterbo;056017;Castel Sant'Elia;056017;Castel Sant'Elia;056;Viterbo;12;Lazio
12;Lazio;056;Viterbo;056018;Castiglione in Teverina;056018;Castiglione in Teverina;056;Viterbo;12;Lazio
12;Lazio;056;Viterbo;056019;Celleno;056019;Celleno;056;Viterbo;12;Lazio
12;Lazio;056;Viterbo;056020;Cellere;056020;Cellere;056;Viterbo;12;Lazio
12;Lazio;056;Viterbo;056021;Civita Castellana;056021;Civita Castellana;056;Viterbo;12;Lazio
12;Lazio;056;Viterbo;056022;Civitella d'Agliano;056022;Civitella d'Agliano;056;Viterbo;12;Lazio
12;Lazio;056;Viterbo;056023;Corchiano;056023;Corchiano;056;Viterbo;12;Lazio
12;Lazio;056;Viterbo;056024;Fabrica di Roma;056024;Fabrica di Roma;056;Viterbo;12;Lazio
12;Lazio;056;Viterbo;056025;Faleria;056025;Faleria;056;Viterbo;12;Lazio
12;Lazio;056;Viterbo;056026;Farnese;056026;Farnese;056;Viterbo;12;Lazio
12;Lazio;056;Viterbo;056027;Gallese;056027;Gallese;056;Viterbo;12;Lazio
12;Lazio;056;Viterbo;056028;Gradoli;056028;Gradoli;056;Viterbo;12;Lazio
12;Lazio;056;Viterbo;056029;Graffignano;056029;Graffignano;056;Viterbo;12;Lazio
12;Lazio;056;Viterbo;056030;Grotte di Castro;056030;Grotte di Castro;056;Viterbo;12;Lazio
12;Lazio;056;Viterbo;056031;Ischia di Castro;056031;Ischia di Castro;056;Viterbo;12;Lazio
12;Lazio;056;Viterbo;056032;Latera;056032;Latera;056;Viterbo;12;Lazio
12;Lazio;056;Viterbo;056033;Lubriano;056033;Lubriano;056;Viterbo;12;Lazio
12;Lazio;056;Viterbo;056034;Marta;056034;Marta;056;Viterbo;12;Lazio
12;Lazio;056;Viterbo;056035;Montalto di Castro;056035;Montalto di Castro;056;Viterbo;12;Lazio
12;Lazio;056;Viterbo;056036;Montefiascone;056036;Montefiascone;056;Viterbo;12;Lazio
12;Lazio;056;Viterbo;056037;Monte Romano;056037;Monte Romano;056;Viterbo;12;Lazio
12;Lazio;056;Viterbo;056038;Monterosi;056038;Monterosi;056;Viterbo;12;Lazio
12;Lazio;056;Viterbo;056039;Nepi;056039;Nepi;056;Viterbo;12;Lazio
12;Lazio;056;Viterbo;056040;Onano;056040;Onano;056;Viterbo;12;Lazio
12;Lazio;056;Viterbo;056041;Oriolo Romano;056041;Oriolo Romano;056;Viterbo;12;Lazio
12;Lazio;056;Viterbo;056042;Orte;056042;Orte;056;Viterbo;12;Lazio
12;Lazio;056;Viterbo;056043;Piansano;056043;Piansano;056;Viterbo;12;Lazio
12;Lazio;056;Viterbo;056044;Proceno;056044;Proceno;056;Viterbo;12;Lazio
12;Lazio;056;Viterbo;056045;Ronciglione;056045;Ronciglione;056;Viterbo;12;Lazio
12;Lazio;056;Viterbo;056046;Villa San Giovanni in Tuscia;056046;Villa San Giovanni in Tuscia;056;Viterbo;12;Lazio
12;Lazio;056;Viterbo;056047;San Lorenzo Nuovo;056047;San Lorenzo Nuovo;056;Viterbo;12;Lazio
12;Lazio;056;Viterbo;056048;Soriano nel Cimino;056048;Soriano nel Cimino;056;Viterbo;12;Lazio
12;Lazio;056;Viterbo;056049;Sutri;056049;Sutri;056;Viterbo;12;Lazio
12;Lazio;056;Viterbo;056050;Tarquinia;056050;Tarquinia;056;Viterbo;12;Lazio
12;Lazio;056;Viterbo;056051;Tessennano;056051;Tessennano;056;Viterbo;12;Lazio
12;Lazio;056;Viterbo;056052;Tuscania;056052;Tuscania;056;Viterbo;12;Lazio
12;Lazio;056;Viterbo;056053;Valentano;056053;Valentano;056;Viterbo;12;Lazio
12;Lazio;056;Viterbo;056054;Vallerano;056054;Vallerano;056;Viterbo;12;Lazio
12;Lazio;056;Viterbo;056055;Vasanello;056055;Vasanello;056;Viterbo;12;Lazio
12;Lazio;056;Viterbo;056056;Vejano;056056;Vejano;056;Viterbo;12;Lazio
12;Lazio;056;Viterbo;056057;Vetralla;056057;Vetralla;056;Viterbo;12;Lazio
12;Lazio;056;Viterbo;056058;Vignanello;056058;Vignanello;056;Viterbo;12;Lazio
12;Lazio;056;Viterbo;056059;Viterbo;056059;Viterbo;056;Viterbo;12;Lazio
12;Lazio;056;Viterbo;056060;Vitorchiano;056060;Vitorchiano;056;Viterbo;12;Lazio
12;Lazio;057;Rieti;057001;Accumoli;057001;Accumoli;057;Rieti;12;Lazio
12;Lazio;057;Rieti;057002;Amatrice;057002;Amatrice;057;Rieti;12;Lazio
12;Lazio;057;Rieti;057003;Antrodoco;057003;Antrodoco;057;Rieti;12;Lazio
12;Lazio;057;Rieti;057004;Ascrea;057004;Ascrea;057;Rieti;12;Lazio
12;Lazio;057;Rieti;057005;Belmonte in Sabina;057005;Belmonte in Sabina;057;Rieti;12;Lazio
12;Lazio;057;Rieti;057006;Borbona;057006;Borbona;057;Rieti;12;Lazio
12;Lazio;057;Rieti;057007;Borgorose;057007;Borgorose;057;Rieti;12;Lazio
12;Lazio;057;Rieti;057008;Borgo Velino;057008;Borgo Velino;057;Rieti;12;Lazio
12;Lazio;057;Rieti;057009;Cantalice;057009;Cantalice;057;Rieti;12;Lazio
12;Lazio;057;Rieti;057010;Cantalupo in Sabina;057010;Cantalupo in Sabina;057;Rieti;12;Lazio
12;Lazio;057;Rieti;057011;Casaprota;057011;Casaprota;057;Rieti;12;Lazio
12;Lazio;057;Rieti;057012;Casperia;057012;Casperia;057;Rieti;12;Lazio
12;Lazio;057;Rieti;057013;Castel di Tora;057013;Castel di Tora;057;Rieti;12;Lazio
12;Lazio;057;Rieti;057014;Castelnuovo di Farfa;057014;Castelnuovo di Farfa;057;Rieti;12;Lazio
12;Lazio;057;Rieti;057015;Castel Sant'Angelo;057015;Castel Sant'Angelo;057;Rieti;12;Lazio
12;Lazio;057;Rieti;057016;Cittaducale;057016;Cittaducale;057;Rieti;12;Lazio
12;Lazio;057;Rieti;057017;Cittareale;057017;Cittareale;057;Rieti;12;Lazio
12;Lazio;057;Rieti;057018;Collalto Sabino;057018;Collalto Sabino;057;Rieti;12;Lazio
12;Lazio;057;Rieti;057019;Colle di Tora;057019;Colle di Tora;057;Rieti;12;Lazio
12;Lazio;057;Rieti;057020;Collegiove;057020;Collegiove;057;Rieti;12;Lazio
12;Lazio;057;Rieti;057021;Collevecchio;057021;Collevecchio;057;Rieti;12;Lazio
12;Lazio;057;Rieti;057022;Colli sul Velino;057022;Colli sul Velino;057;Rieti;12;Lazio
12;Lazio;057;Rieti;057023;Concerviano;057023;Concerviano;057;Rieti;12;Lazio
12;Lazio;057;Rieti;057024;Configni;057024;Configni;057;Rieti;12;Lazio
12;Lazio;057;Rieti;057025;Contigliano;057025;Contigliano;057;Rieti;12;Lazio
12;Lazio;057;Rieti;057026;Cottanello;057026;Cottanello;057;Rieti;12;Lazio
12;Lazio;057;Rieti;057027;Fara in Sabina;057027;Fara in Sabina;057;Rieti;12;Lazio
12;Lazio;057;Rieti;057028;Fiamignano;057028;Fiamignano;057;Rieti;12;Lazio
12;Lazio;057;Rieti;057029;Forano;057029;Forano;057;Rieti;12;Lazio
12;Lazio;057;Rieti;057030;Frasso Sabino;057030;Frasso Sabino;057;Rieti;12;Lazio
12;Lazio;057;Rieti;057031;Greccio;057031;Greccio;057;Rieti;12;Lazio
12;Lazio;057;Rieti;057032;Labro;057032;Labro;057;Rieti;12;Lazio
12;Lazio;057;Rieti;057033;Leonessa;057033;Leonessa;057;Rieti;12;Lazio
12;Lazio;057;Rieti;057034;Longone Sabino;057034;Longone Sabino;057;Rieti;12;Lazio
12;Lazio;057;Rieti;057035;Magliano Sabina;057035;Magliano Sabina;057;Rieti;12;Lazio
12;Lazio;057;Rieti;057036;Marcetelli;057036;Marcetelli;057;Rieti;12;Lazio
12;Lazio;057;Rieti;057037;Micigliano;057037;Micigliano;057;Rieti;12;Lazio
12;Lazio;057;Rieti;057038;Mompeo;057038;Mompeo;057;Rieti;12;Lazio
12;Lazio;057;Rieti;057039;Montasola;057039;Montasola;057;Rieti;12;Lazio
12;Lazio;057;Rieti;057040;Montebuono;057040;Montebuono;057;Rieti;12;Lazio
12;Lazio;057;Rieti;057041;Monteleone Sabino;057041;Monteleone Sabino;057;Rieti;12;Lazio
12;Lazio;057;Rieti;057042;Montenero Sabino;057042;Montenero Sabino;057;Rieti;12;Lazio
12;Lazio;057;Rieti;057043;Monte San Giovanni in Sabina;057043;Monte San Giovanni in Sabina;057;Rieti;12;Lazio
12;Lazio;057;Rieti;057044;Montopoli di Sabina;057044;Montopoli di Sabina;057;Rieti;12;Lazio
12;Lazio;057;Rieti;057045;Morro Reatino;057045;Morro Reatino;057;Rieti;12;Lazio
12;Lazio;057;Rieti;057046;Nespolo;057046;Nespolo;057;Rieti;12;Lazio
12;Lazio;057;Rieti;057047;Orvinio;057047;Orvinio;057;Rieti;12;Lazio
12;Lazio;057;Rieti;057048;Paganico Sabino;057048;Paganico Sabino;057;Rieti;12;Lazio
12;Lazio;057;Rieti;057049;Pescorocchiano;057049;Pescorocchiano;057;Rieti;12;Lazio
12;Lazio;057;Rieti;057050;Petrella Salto;057050;Petrella Salto;057;Rieti;12;Lazio
12;Lazio;057;Rieti;057051;Poggio Bustone;057051;Poggio Bustone;057;Rieti;12;Lazio
12;Lazio;057;Rieti;057052;Poggio Catino;057052;Poggio Catino;057;Rieti;12;Lazio
12;Lazio;057;Rieti;057053;Poggio Mirteto;057053;Poggio Mirteto;057;Rieti;12;Lazio
12;Lazio;057;Rieti;057054;Poggio Moiano;057054;Poggio Moiano;057;Rieti;12;Lazio
12;Lazio;057;Rieti;057055;Poggio Nativo;057055;Poggio Nativo;057;Rieti;12;Lazio
12;Lazio;057;Rieti;057056;Poggio San Lorenzo;057056;Poggio San Lorenzo;057;Rieti;12;Lazio
12;Lazio;057;Rieti;057057;Posta;057057;Posta;057;Rieti;12;Lazio
12;Lazio;057;Rieti;057058;Pozzaglia Sabina;057058;Pozzaglia Sabina;057;Rieti;12;Lazio
12;Lazio;057;Rieti;057059;Rieti;057059;Rieti;057;Rieti;12;Lazio
12;Lazio;057;Rieti;057060;Rivodutri;057060;Rivodutri;057;Rieti;12;Lazio
12;Lazio;057;Rieti;057061;Roccantica;057061;Roccantica;057;Rieti;12;Lazio
12;Lazio;057;Rieti;057062;Rocca Sinibalda;057062;Rocca Sinibalda;057;Rieti;12;Lazio
12;Lazio;057;Rieti;057063;Salisano;057063;Salisano;057;Rieti;12;Lazio
12;Lazio;057;Rieti;057064;Scandriglia;057064;Scandriglia;057;Rieti;12;Lazio
12;Lazio;057;Rieti;057065;Selci;057065;Selci;057;Rieti;12;Lazio
12;Lazio;057;Rieti;057066;Stimigliano;057066;Stimigliano;057;Rieti;12;Lazio
12;Lazio;057;Rieti;057067;Tarano;057067;Tarano;057;Rieti;12;Lazio
12;Lazio;057;Rieti;057068;Toffia;057068;Toffia;057;Rieti;12;Lazio
12;Lazio;057;Rieti;057069;Torricella in Sabina;057069;Torricella in Sabina;057;Rieti;12;Lazio
12;Lazio;057;Rieti;057070;Torri in Sabina;057070;Torri in Sabina;057;Rieti;12;Lazio
12;Lazio;057;Rieti;057071;Turania;057071;Turania;057;Rieti;12;Lazio
12;Lazio;057;Rieti;057072;Vacone;057072;Vacone;057;Rieti;12;Lazio
12;Lazio;057;Rieti;057073;Varco Sabino;057073;Varco Sabino;057;Rieti;12;Lazio
12;Lazio;058;Roma;058001;Affile;058001;Affile;258;Roma;12;Lazio
12;Lazio;058;Roma;058002;Agosta;058002;Agosta;258;Roma;12;Lazio
12;Lazio;058;Roma;058003;Albano Laziale;058003;Albano Laziale;258;Roma;12;Lazio
12;Lazio;058;Roma;058004;Allumiere;058004;Allumiere;258;Roma;12;Lazio
12;Lazio;058;Roma;058005;Anguillara Sabazia;058005;Anguillara Sabazia;258;Roma;12;Lazio
12;Lazio;058;Roma;058006;Anticoli Corrado;058006;Anticoli Corrado;258;Roma;12;Lazio
12;Lazio;058;Roma;058007;Anzio;058007;Anzio;258;Roma;12;Lazio
12;Lazio;058;Roma;058008;Arcinazzo Romano;058008;Arcinazzo Romano;258;Roma;12;Lazio
12;Lazio;058;Roma;058009;Ariccia;058009;Ariccia;258;Roma;12;Lazio
12;Lazio;058;Roma;058010;Arsoli;058010;Arsoli;258;Roma;12;Lazio
12;Lazio;058;Roma;058011;Artena;058011;Artena;258;Roma;12;Lazio
12;Lazio;058;Roma;058012;Bellegra;058012;Bellegra;258;Roma;12;Lazio
12;Lazio;058;Roma;058013;Bracciano;058013;Bracciano;258;Roma;12;Lazio
12;Lazio;058;Roma;058014;Camerata Nuova;058014;Camerata Nuova;258;Roma;12;Lazio
12;Lazio;058;Roma;058015;Campagnano di Roma;058015;Campagnano di Roma;258;Roma;12;Lazio
12;Lazio;058;Roma;058016;Canale Monterano;058016;Canale Monterano;258;Roma;12;Lazio
12;Lazio;058;Roma;058017;Canterano;058017;Canterano;258;Roma;12;Lazio
12;Lazio;058;Roma;058018;Capena;058018;Capena;258;Roma;12;Lazio
12;Lazio;058;Roma;058019;Capranica Prenestina;058019;Capranica Prenestina;258;Roma;12;Lazio
12;Lazio;058;Roma;058020;Carpineto Romano;058020;Carpineto Romano;258;Roma;12;Lazio
12;Lazio;058;Roma;058021;Casape;058021;Casape;258;Roma;12;Lazio
12;Lazio;058;Roma;058022;Castel Gandolfo;058022;Castel Gandolfo;258;Roma;12;Lazio
12;Lazio;058;Roma;058023;Castel Madama;058023;Castel Madama;258;Roma;12;Lazio
12;Lazio;058;Roma;058024;Castelnuovo di Porto;058024;Castelnuovo di Porto;258;Roma;12;Lazio
12;Lazio;058;Roma;058025;Castel San Pietro Romano;058025;Castel San Pietro Romano;258;Roma;12;Lazio
12;Lazio;058;Roma;058026;Cave;058026;Cave;258;Roma;12;Lazio
12;Lazio;058;Roma;058027;Cerreto Laziale;058027;Cerreto Laziale;258;Roma;12;Lazio
12;Lazio;058;Roma;058028;Cervara di Roma;058028;Cervara di Roma;258;Roma;12;Lazio
12;Lazio;058;Roma;058029;Cerveteri;058029;Cerveteri;258;Roma;12;Lazio
12;Lazio;058;Roma;058030;Ciciliano;058030;Ciciliano;258;Roma;12;Lazio
12;Lazio;058;Roma;058031;Cineto Romano;058031;Cineto Romano;258;Roma;12;Lazio
12;Lazio;058;Roma;058032;Civitavecchia;058032;Civitavecchia;258;Roma;12;Lazio
12;Lazio;058;Roma;058033;Civitella San Paolo;058033;Civitella San Paolo;258;Roma;12;Lazio
12;Lazio;058;Roma;058034;Colleferro;058034;Colleferro;258;Roma;12;Lazio
12;Lazio;058;Roma;058035;Colonna;058035;Colonna;258;Roma;12;Lazio
12;Lazio;058;Roma;058036;Fiano Romano;058036;Fiano Romano;258;Roma;12;Lazio
12;Lazio;058;Roma;058037;Filacciano;058037;Filacciano;258;Roma;12;Lazio
12;Lazio;058;Roma;058038;Formello;058038;Formello;258;Roma;12;Lazio
12;Lazio;058;Roma;058039;Frascati;058039;Frascati;258;Roma;12;Lazio
12;Lazio;058;Roma;058040;Gallicano nel Lazio;058040;Gallicano nel Lazio;258;Roma;12;Lazio
12;Lazio;058;Roma;058041;Gavignano;058041;Gavignano;258;Roma;12;Lazio
12;Lazio;058;Roma;058042;Genazzano;058042;Genazzano;258;Roma;12;Lazio
12;Lazio;058;Roma;058043;Genzano di Roma;058043;Genzano di Roma;258;Roma;12;Lazio
12;Lazio;058;Roma;058044;Gerano;058044;Gerano;258;Roma;12;Lazio
12;Lazio;058;Roma;058045;Gorga;058045;Gorga;258;Roma;12;Lazio
12;Lazio;058;Roma;058046;Grottaferrata;058046;Grottaferrata;258;Roma;12;Lazio
12;Lazio;058;Roma;058047;Guidonia Montecelio;058047;Guidonia Montecelio;258;Roma;12;Lazio
12;Lazio;058;Roma;058048;Jenne;058048;Jenne;258;Roma;12;Lazio
12;Lazio;058;Roma;058049;Labico;058049;Labico;258;Roma;12;Lazio
12;Lazio;058;Roma;058050;Lanuvio;058050;Lanuvio;258;Roma;12;Lazio
12;Lazio;058;Roma;058051;Licenza;058051;Licenza;258;Roma;12;Lazio
12;Lazio;058;Roma;058052;Magliano Romano;058052;Magliano Romano;258;Roma;12;Lazio
12;Lazio;058;Roma;058053;Mandela;058053;Mandela;258;Roma;12;Lazio
12;Lazio;058;Roma;058054;Manziana;058054;Manziana;258;Roma;12;Lazio
12;Lazio;058;Roma;058055;Marano Equo;058055;Marano Equo;258;Roma;12;Lazio
12;Lazio;058;Roma;058056;Marcellina;058056;Marcellina;258;Roma;12;Lazio
12;Lazio;058;Roma;058057;Marino;058057;Marino;258;Roma;12;Lazio
12;Lazio;058;Roma;058058;Mazzano Romano;058058;Mazzano Romano;258;Roma;12;Lazio
12;Lazio;058;Roma;058059;Mentana;058059;Mentana;258;Roma;12;Lazio
12;Lazio;058;Roma;058060;Monte Compatri;058060;Monte Compatri;258;Roma;12;Lazio
12;Lazio;058;Roma;058061;Monteflavio;058061;Monteflavio;258;Roma;12;Lazio
12;Lazio;058;Roma;058062;Montelanico;058062;Montelanico;258;Roma;12;Lazio
12;Lazio;058;Roma;058063;Montelibretti;058063;Montelibretti;258;Roma;12;Lazio
12;Lazio;058;Roma;058064;Monte Porzio Catone;058064;Monte Porzio Catone;258;Roma;12;Lazio
12;Lazio;058;Roma;058065;Monterotondo;058065;Monterotondo;258;Roma;12;Lazio
12;Lazio;058;Roma;058066;Montorio Romano;058066;Montorio Romano;258;Roma;12;Lazio
12;Lazio;058;Roma;058067;Moricone;058067;Moricone;258;Roma;12;Lazio
12;Lazio;058;Roma;058068;Morlupo;058068;Morlupo;258;Roma;12;Lazio
12;Lazio;058;Roma;058069;Nazzano;058069;Nazzano;258;Roma;12;Lazio
12;Lazio;058;Roma;058070;Nemi;058070;Nemi;258;Roma;12;Lazio
12;Lazio;058;Roma;058071;Nerola;058071;Nerola;258;Roma;12;Lazio
12;Lazio;058;Roma;058072;Nettuno;058072;Nettuno;258;Roma;12;Lazio
12;Lazio;058;Roma;058073;Olevano Romano;058073;Olevano Romano;258;Roma;12;Lazio
12;Lazio;058;Roma;058074;Palestrina;058074;Palestrina;258;Roma;12;Lazio
12;Lazio;058;Roma;058075;Palombara Sabina;058075;Palombara Sabina;258;Roma;12;Lazio
12;Lazio;058;Roma;058076;Percile;058076;Percile;258;Roma;12;Lazio
12;Lazio;058;Roma;058077;Pisoniano;058077;Pisoniano;258;Roma;12;Lazio
12;Lazio;058;Roma;058078;Poli;058078;Poli;258;Roma;12;Lazio
12;Lazio;058;Roma;058079;Pomezia;058079;Pomezia;258;Roma;12;Lazio
12;Lazio;058;Roma;058080;Ponzano Romano;058080;Ponzano Romano;258;Roma;12;Lazio
12;Lazio;058;Roma;058081;Riano;058081;Riano;258;Roma;12;Lazio
12;Lazio;058;Roma;058082;Rignano Flaminio;058082;Rignano Flaminio;258;Roma;12;Lazio
12;Lazio;058;Roma;058083;Riofreddo;058083;Riofreddo;258;Roma;12;Lazio
12;Lazio;058;Roma;058084;Rocca Canterano;058084;Rocca Canterano;258;Roma;12;Lazio
12;Lazio;058;Roma;058085;Rocca di Cave;058085;Rocca di Cave;258;Roma;12;Lazio
12;Lazio;058;Roma;058086;Rocca di Papa;058086;Rocca di Papa;258;Roma;12;Lazio
12;Lazio;058;Roma;058087;Roccagiovine;058087;Roccagiovine;258;Roma;12;Lazio
12;Lazio;058;Roma;058088;Rocca Priora;058088;Rocca Priora;258;Roma;12;Lazio
12;Lazio;058;Roma;058089;Rocca Santo Stefano;058089;Rocca Santo Stefano;258;Roma;12;Lazio
12;Lazio;058;Roma;058090;Roiate;058090;Roiate;258;Roma;12;Lazio
12;Lazio;058;Roma;058091;Roma;058091;Roma;258;Roma;12;Lazio
12;Lazio;058;Roma;058092;Roviano;058092;Roviano;258;Roma;12;Lazio
12;Lazio;058;Roma;058093;Sacrofano;058093;Sacrofano;258;Roma;12;Lazio
12;Lazio;058;Roma;058094;Sambuci;058094;Sambuci;258;Roma;12;Lazio
12;Lazio;058;Roma;058095;San Gregorio da Sassola;058095;San Gregorio da Sassola;258;Roma;12;Lazio
12;Lazio;058;Roma;058096;San Polo dei Cavalieri;058096;San Polo dei Cavalieri;258;Roma;12;Lazio
12;Lazio;058;Roma;058097;Santa Marinella;058097;Santa Marinella;258;Roma;12;Lazio
12;Lazio;058;Roma;058098;Sant'Angelo Romano;058098;Sant'Angelo Romano;258;Roma;12;Lazio
12;Lazio;058;Roma;058099;Sant'Oreste;058099;Sant'Oreste;258;Roma;12;Lazio
12;Lazio;058;Roma;058100;San Vito Romano;058100;San Vito Romano;258;Roma;12;Lazio
12;Lazio;058;Roma;058101;Saracinesco;058101;Saracinesco;258;Roma;12;Lazio
12;Lazio;058;Roma;058102;Segni;058102;Segni;258;Roma;12;Lazio
12;Lazio;058;Roma;058103;Subiaco;058103;Subiaco;258;Roma;12;Lazio
12;Lazio;058;Roma;058104;Tivoli;058104;Tivoli;258;Roma;12;Lazio
12;Lazio;058;Roma;058105;Tolfa;058105;Tolfa;258;Roma;12;Lazio
12;Lazio;058;Roma;058106;Torrita Tiberina;058106;Torrita Tiberina;258;Roma;12;Lazio
12;Lazio;058;Roma;058107;Trevignano Romano;058107;Trevignano Romano;258;Roma;12;Lazio
12;Lazio;058;Roma;058108;Vallepietra;058108;Vallepietra;258;Roma;12;Lazio
12;Lazio;058;Roma;058109;Vallinfreda;058109;Vallinfreda;258;Roma;12;Lazio
12;Lazio;058;Roma;058110;Valmontone;058110;Valmontone;258;Roma;12;Lazio
12;Lazio;058;Roma;058111;Velletri;058111;Velletri;258;Roma;12;Lazio
12;Lazio;058;Roma;058112;Vicovaro;058112;Vicovaro;258;Roma;12;Lazio
12;Lazio;058;Roma;058113;Vivaro Romano;058113;Vivaro Romano;258;Roma;12;Lazio
12;Lazio;058;Roma;058114;Zagarolo;058114;Zagarolo;258;Roma;12;Lazio
12;Lazio;058;Roma;058115;Lariano;058115;Lariano;258;Roma;12;Lazio
12;Lazio;058;Roma;058116;Ladispoli;058116;Ladispoli;258;Roma;12;Lazio
12;Lazio;058;Roma;058117;Ardea;058117;Ardea;258;Roma;12;Lazio
12;Lazio;058;Roma;058118;Ciampino;058118;Ciampino;258;Roma;12;Lazio
12;Lazio;058;Roma;058119;San Cesareo;058119;San Cesareo;258;Roma;12;Lazio
12;Lazio;058;Roma;058120;Fiumicino;058120;Fiumicino;258;Roma;12;Lazio
12;Lazio;058;Roma;058122;Fonte Nuova;058122;Fonte Nuova;258;Roma;12;Lazio
12;Lazio;059;Latina;059001;Aprilia;059001;Aprilia;059;Latina;12;Lazio
12;Lazio;059;Latina;059002;Bassiano;059002;Bassiano;059;Latina;12;Lazio
12;Lazio;059;Latina;059003;Campodimele;059003;Campodimele;059;Latina;12;Lazio
12;Lazio;059;Latina;059004;Castelforte;059004;Castelforte;059;Latina;12;Lazio
12;Lazio;059;Latina;059005;Cisterna di Latina;059005;Cisterna di Latina;059;Latina;12;Lazio
12;Lazio;059;Latina;059006;Cori;059006;Cori;059;Latina;12;Lazio
12;Lazio;059;Latina;059007;Fondi;059007;Fondi;059;Latina;12;Lazio
12;Lazio;059;Latina;059008;Formia;059008;Formia;059;Latina;12;Lazio
12;Lazio;059;Latina;059009;Gaeta;059009;Gaeta;059;Latina;12;Lazio
12;Lazio;059;Latina;059010;Itri;059010;Itri;059;Latina;12;Lazio
12;Lazio;059;Latina;059011;Latina;059011;Latina;059;Latina;12;Lazio
12;Lazio;059;Latina;059012;Lenola;059012;Lenola;059;Latina;12;Lazio
12;Lazio;059;Latina;059013;Maenza;059013;Maenza;059;Latina;12;Lazio
12;Lazio;059;Latina;059014;Minturno;059014;Minturno;059;Latina;12;Lazio
12;Lazio;059;Latina;059015;Monte San Biagio;059015;Monte San Biagio;059;Latina;12;Lazio
12;Lazio;059;Latina;059016;Norma;059016;Norma;059;Latina;12;Lazio
12;Lazio;059;Latina;059017;Pontinia;059017;Pontinia;059;Latina;12;Lazio
12;Lazio;059;Latina;059018;Ponza;059018;Ponza;059;Latina;12;Lazio
12;Lazio;059;Latina;059019;Priverno;059019;Priverno;059;Latina;12;Lazio
12;Lazio;059;Latina;059020;Prossedi;059020;Prossedi;059;Latina;12;Lazio
12;Lazio;059;Latina;059021;Roccagorga;059021;Roccagorga;059;Latina;12;Lazio
12;Lazio;059;Latina;059022;Rocca Massima;059022;Rocca Massima;059;Latina;12;Lazio
12;Lazio;059;Latina;059023;Roccasecca dei Volsci;059023;Roccasecca dei Volsci;059;Latina;12;Lazio
12;Lazio;059;Latina;059024;Sabaudia;059024;Sabaudia;059;Latina;12;Lazio
12;Lazio;059;Latina;059025;San Felice Circeo;059025;San Felice Circeo;059;Latina;12;Lazio
12;Lazio;059;Latina;059026;Santi Cosma e Damiano;059026;Santi Cosma e Damiano;059;Latina;12;Lazio
12;Lazio;059;Latina;059027;Sermoneta;059027;Sermoneta;059;Latina;12;Lazio
12;Lazio;059;Latina;059028;Sezze;059028;Sezze;059;Latina;12;Lazio
12;Lazio;059;Latina;059029;Sonnino;059029;Sonnino;059;Latina;12;Lazio
12;Lazio;059;Latina;059030;Sperlonga;059030;Sperlonga;059;Latina;12;Lazio
12;Lazio;059;Latina;059031;Spigno Saturnia;059031;Spigno Saturnia;059;Latina;12;Lazio
12;Lazio;059;Latina;059032;Terracina;059032;Terracina;059;Latina;12;Lazio
12;Lazio;059;Latina;059033;Ventotene;059033;Ventotene;059;Latina;12;Lazio
12;Lazio;060;Frosinone;060001;Acquafondata;060001;Acquafondata;060;Frosinone;12;Lazio
12;Lazio;060;Frosinone;060002;Acuto;060002;Acuto;060;Frosinone;12;Lazio
12;Lazio;060;Frosinone;060003;Alatri;060003;Alatri;060;Frosinone;12;Lazio
12;Lazio;060;Frosinone;060004;Alvito;060004;Alvito;060;Frosinone;12;Lazio
12;Lazio;060;Frosinone;060005;Amaseno;060005;Amaseno;060;Frosinone;12;Lazio
12;Lazio;060;Frosinone;060006;Anagni;060006;Anagni;060;Frosinone;12;Lazio
12;Lazio;060;Frosinone;060007;Aquino;060007;Aquino;060;Frosinone;12;Lazio
12;Lazio;060;Frosinone;060008;Arce;060008;Arce;060;Frosinone;12;Lazio
12;Lazio;060;Frosinone;060009;Arnara;060009;Arnara;060;Frosinone;12;Lazio
12;Lazio;060;Frosinone;060010;Arpino;060010;Arpino;060;Frosinone;12;Lazio
12;Lazio;060;Frosinone;060011;Atina;060011;Atina;060;Frosinone;12;Lazio
12;Lazio;060;Frosinone;060012;Ausonia;060012;Ausonia;060;Frosinone;12;Lazio
12;Lazio;060;Frosinone;060013;Belmonte Castello;060013;Belmonte Castello;060;Frosinone;12;Lazio
12;Lazio;060;Frosinone;060014;Boville Ernica;060014;Boville Ernica;060;Frosinone;12;Lazio
12;Lazio;060;Frosinone;060015;Broccostella;060015;Broccostella;060;Frosinone;12;Lazio
12;Lazio;060;Frosinone;060016;Campoli Appennino;060016;Campoli Appennino;060;Frosinone;12;Lazio
12;Lazio;060;Frosinone;060017;Casalattico;060017;Casalattico;060;Frosinone;12;Lazio
12;Lazio;060;Frosinone;060018;Casalvieri;060018;Casalvieri;060;Frosinone;12;Lazio
12;Lazio;060;Frosinone;060019;Cassino;060019;Cassino;060;Frosinone;12;Lazio
12;Lazio;060;Frosinone;060020;Castelliri;060020;Castelliri;060;Frosinone;12;Lazio
12;Lazio;060;Frosinone;060021;Castelnuovo Parano;060021;Castelnuovo Parano;060;Frosinone;12;Lazio
12;Lazio;060;Frosinone;060022;Castrocielo;060022;Castrocielo;060;Frosinone;12;Lazio
12;Lazio;060;Frosinone;060023;Castro dei Volsci;060023;Castro dei Volsci;060;Frosinone;12;Lazio
12;Lazio;060;Frosinone;060024;Ceccano;060024;Ceccano;060;Frosinone;12;Lazio
12;Lazio;060;Frosinone;060025;Ceprano;060025;Ceprano;060;Frosinone;12;Lazio
12;Lazio;060;Frosinone;060026;Cervaro;060026;Cervaro;060;Frosinone;12;Lazio
12;Lazio;060;Frosinone;060027;Colfelice;060027;Colfelice;060;Frosinone;12;Lazio
12;Lazio;060;Frosinone;060028;Collepardo;060028;Collepardo;060;Frosinone;12;Lazio
12;Lazio;060;Frosinone;060029;Colle San Magno;060029;Colle San Magno;060;Frosinone;12;Lazio
12;Lazio;060;Frosinone;060030;Coreno Ausonio;060030;Coreno Ausonio;060;Frosinone;12;Lazio
12;Lazio;060;Frosinone;060031;Esperia;060031;Esperia;060;Frosinone;12;Lazio
12;Lazio;060;Frosinone;060032;Falvaterra;060032;Falvaterra;060;Frosinone;12;Lazio
12;Lazio;060;Frosinone;060033;Ferentino;060033;Ferentino;060;Frosinone;12;Lazio
12;Lazio;060;Frosinone;060034;Filettino;060034;Filettino;060;Frosinone;12;Lazio
12;Lazio;060;Frosinone;060035;Fiuggi;060035;Fiuggi;060;Frosinone;12;Lazio
12;Lazio;060;Frosinone;060036;Fontana Liri;060036;Fontana Liri;060;Frosinone;12;Lazio
12;Lazio;060;Frosinone;060037;Fontechiari;060037;Fontechiari;060;Frosinone;12;Lazio
12;Lazio;060;Frosinone;060038;Frosinone;060038;Frosinone;060;Frosinone;12;Lazio
12;Lazio;060;Frosinone;060039;Fumone;060039;Fumone;060;Frosinone;12;Lazio
12;Lazio;060;Frosinone;060040;Gallinaro;060040;Gallinaro;060;Frosinone;12;Lazio
12;Lazio;060;Frosinone;060041;Giuliano di Roma;060041;Giuliano di Roma;060;Frosinone;12;Lazio
12;Lazio;060;Frosinone;060042;Guarcino;060042;Guarcino;060;Frosinone;12;Lazio
12;Lazio;060;Frosinone;060043;Isola del Liri;060043;Isola del Liri;060;Frosinone;12;Lazio
12;Lazio;060;Frosinone;060044;Monte San Giovanni Campano;060044;Monte San Giovanni Campano;060;Frosinone;12;Lazio
12;Lazio;060;Frosinone;060045;Morolo;060045;Morolo;060;Frosinone;12;Lazio
12;Lazio;060;Frosinone;060046;Paliano;060046;Paliano;060;Frosinone;12;Lazio
12;Lazio;060;Frosinone;060047;Pastena;060047;Pastena;060;Frosinone;12;Lazio
12;Lazio;060;Frosinone;060048;Patrica;060048;Patrica;060;Frosinone;12;Lazio
12;Lazio;060;Frosinone;060049;Pescosolido;060049;Pescosolido;060;Frosinone;12;Lazio
12;Lazio;060;Frosinone;060050;Picinisco;060050;Picinisco;060;Frosinone;12;Lazio
12;Lazio;060;Frosinone;060051;Pico;060051;Pico;060;Frosinone;12;Lazio
12;Lazio;060;Frosinone;060052;Piedimonte San Germano;060052;Piedimonte San Germano;060;Frosinone;12;Lazio
12;Lazio;060;Frosinone;060053;Piglio;060053;Piglio;060;Frosinone;12;Lazio
12;Lazio;060;Frosinone;060054;Pignataro Interamna;060054;Pignataro Interamna;060;Frosinone;12;Lazio
12;Lazio;060;Frosinone;060055;Pofi;060055;Pofi;060;Frosinone;12;Lazio
12;Lazio;060;Frosinone;060056;Pontecorvo;060056;Pontecorvo;060;Frosinone;12;Lazio
12;Lazio;060;Frosinone;060057;Posta Fibreno;060057;Posta Fibreno;060;Frosinone;12;Lazio
12;Lazio;060;Frosinone;060058;Ripi;060058;Ripi;060;Frosinone;12;Lazio
12;Lazio;060;Frosinone;060059;Rocca d'Arce;060059;Rocca d'Arce;060;Frosinone;12;Lazio
12;Lazio;060;Frosinone;060060;Roccasecca;060060;Roccasecca;060;Frosinone;12;Lazio
12;Lazio;060;Frosinone;060061;San Biagio Saracinisco;060061;San Biagio Saracinisco;060;Frosinone;12;Lazio
12;Lazio;060;Frosinone;060062;San Donato Val di Comino;060062;San Donato Val di Comino;060;Frosinone;12;Lazio
12;Lazio;060;Frosinone;060063;San Giorgio a Liri;060063;San Giorgio a Liri;060;Frosinone;12;Lazio
12;Lazio;060;Frosinone;060064;San Giovanni Incarico;060064;San Giovanni Incarico;060;Frosinone;12;Lazio
12;Lazio;060;Frosinone;060065;Sant'Ambrogio sul Garigliano;060065;Sant'Ambrogio sul Garigliano;060;Frosinone;12;Lazio
12;Lazio;060;Frosinone;060066;Sant'Andrea del Garigliano;060066;Sant'Andrea del Garigliano;060;Frosinone;12;Lazio
12;Lazio;060;Frosinone;060067;Sant'Apollinare;060067;Sant'Apollinare;060;Frosinone;12;Lazio
12;Lazio;060;Frosinone;060068;Sant'Elia Fiumerapido;060068;Sant'Elia Fiumerapido;060;Frosinone;12;Lazio
12;Lazio;060;Frosinone;060069;Santopadre;060069;Santopadre;060;Frosinone;12;Lazio
12;Lazio;060;Frosinone;060070;San Vittore del Lazio;060070;San Vittore del Lazio;060;Frosinone;12;Lazio
12;Lazio;060;Frosinone;060071;Serrone;060071;Serrone;060;Frosinone;12;Lazio
12;Lazio;060;Frosinone;060072;Settefrati;060072;Settefrati;060;Frosinone;12;Lazio
12;Lazio;060;Frosinone;060073;Sgurgola;060073;Sgurgola;060;Frosinone;12;Lazio
12;Lazio;060;Frosinone;060074;Sora;060074;Sora;060;Frosinone;12;Lazio
12;Lazio;060;Frosinone;060075;Strangolagalli;060075;Strangolagalli;060;Frosinone;12;Lazio
12;Lazio;060;Frosinone;060076;Supino;060076;Supino;060;Frosinone;12;Lazio
12;Lazio;060;Frosinone;060077;Terelle;060077;Terelle;060;Frosinone;12;Lazio
12;Lazio;060;Frosinone;060078;Torre Cajetani;060078;Torre Cajetani;060;Frosinone;12;Lazio
12;Lazio;060;Frosinone;060079;Torrice;060079;Torrice;060;Frosinone;12;Lazio
12;Lazio;060;Frosinone;060080;Trevi nel Lazio;060080;Trevi nel Lazio;060;Frosinone;12;Lazio
12;Lazio;060;Frosinone;060081;Trivigliano;060081;Trivigliano;060;Frosinone;12;Lazio
12;Lazio;060;Frosinone;060082;Vallecorsa;060082;Vallecorsa;060;Frosinone;12;Lazio
12;Lazio;060;Frosinone;060083;Vallemaio;060083;Vallemaio;060;Frosinone;12;Lazio
12;Lazio;060;Frosinone;060084;Vallerotonda;060084;Vallerotonda;060;Frosinone;12;Lazio
12;Lazio;060;Frosinone;060085;Veroli;060085;Veroli;060;Frosinone;12;Lazio
12;Lazio;060;Frosinone;060086;Vicalvi;060086;Vicalvi;060;Frosinone;12;Lazio
12;Lazio;060;Frosinone;060087;Vico nel Lazio;060087;Vico nel Lazio;060;Frosinone;12;Lazio
12;Lazio;060;Frosinone;060088;Villa Latina;060088;Villa Latina;060;Frosinone;12;Lazio
12;Lazio;060;Frosinone;060089;Villa Santa Lucia;060089;Villa Santa Lucia;060;Frosinone;12;Lazio
12;Lazio;060;Frosinone;060090;Villa Santo Stefano;060090;Villa Santo Stefano;060;Frosinone;12;Lazio
12;Lazio;060;Frosinone;060091;Viticuso;060091;Viticuso;060;Frosinone;12;Lazio
15;Campania;061;Caserta;061001;Ailano;061001;Ailano;061;Caserta;15;Campania
15;Campania;061;Caserta;061002;Alife;061002;Alife;061;Caserta;15;Campania
15;Campania;061;Caserta;061003;Alvignano;061003;Alvignano;061;Caserta;15;Campania
15;Campania;061;Caserta;061004;Arienzo;061004;Arienzo;061;Caserta;15;Campania
15;Campania;061;Caserta;061005;Aversa;061005;Aversa;061;Caserta;15;Campania
15;Campania;061;Caserta;061006;Baia e Latina;061006;Baia e Latina;061;Caserta;15;Campania
15;Campania;061;Caserta;061007;Bellona;061007;Bellona;061;Caserta;15;Campania
15;Campania;061;Caserta;061008;Caianello;061008;Caianello;061;Caserta;15;Campania
15;Campania;061;Caserta;061009;Caiazzo;061009;Caiazzo;061;Caserta;15;Campania
15;Campania;061;Caserta;061010;Calvi Risorta;061010;Calvi Risorta;061;Caserta;15;Campania
15;Campania;061;Caserta;061011;Camigliano;061011;Camigliano;061;Caserta;15;Campania
15;Campania;061;Caserta;061012;Cancello ed Arnone;061012;Cancello ed Arnone;061;Caserta;15;Campania
15;Campania;061;Caserta;061013;Capodrise;061013;Capodrise;061;Caserta;15;Campania
15;Campania;061;Caserta;061014;Capriati a Volturno;061014;Capriati a Volturno;061;Caserta;15;Campania
15;Campania;061;Caserta;061015;Capua;061015;Capua;061;Caserta;15;Campania
15;Campania;061;Caserta;061016;Carinaro;061016;Carinaro;061;Caserta;15;Campania
15;Campania;061;Caserta;061017;Carinola;061017;Carinola;061;Caserta;15;Campania
15;Campania;061;Caserta;061018;Casagiove;061018;Casagiove;061;Caserta;15;Campania
15;Campania;061;Caserta;061019;Casal di Principe;061019;Casal di Principe;061;Caserta;15;Campania
15;Campania;061;Caserta;061020;Casaluce;061020;Casaluce;061;Caserta;15;Campania
15;Campania;061;Caserta;061021;Casapulla;061021;Casapulla;061;Caserta;15;Campania
15;Campania;061;Caserta;061022;Caserta;061022;Caserta;061;Caserta;15;Campania
15;Campania;061;Caserta;061023;Castel Campagnano;061023;Castel Campagnano;061;Caserta;15;Campania
15;Campania;061;Caserta;061024;Castel di Sasso;061024;Castel di Sasso;061;Caserta;15;Campania
15;Campania;061;Caserta;061025;Castello del Matese;061025;Castello del Matese;061;Caserta;15;Campania
15;Campania;061;Caserta;061026;Castel Morrone;061026;Castel Morrone;061;Caserta;15;Campania
15;Campania;061;Caserta;061027;Castel Volturno;061027;Castel Volturno;061;Caserta;15;Campania
15;Campania;061;Caserta;061028;Cervino;061028;Cervino;061;Caserta;15;Campania
15;Campania;061;Caserta;061029;Cesa;061029;Cesa;061;Caserta;15;Campania
15;Campania;061;Caserta;061030;Ciorlano;061030;Ciorlano;061;Caserta;15;Campania
15;Campania;061;Caserta;061031;Conca della Campania;061031;Conca della Campania;061;Caserta;15;Campania
15;Campania;061;Caserta;061032;Curti;061032;Curti;061;Caserta;15;Campania
15;Campania;061;Caserta;061033;Dragoni;061033;Dragoni;061;Caserta;15;Campania
15;Campania;061;Caserta;061034;Fontegreca;061034;Fontegreca;061;Caserta;15;Campania
15;Campania;061;Caserta;061035;Formicola;061035;Formicola;061;Caserta;15;Campania
15;Campania;061;Caserta;061036;Francolise;061036;Francolise;061;Caserta;15;Campania
15;Campania;061;Caserta;061037;Frignano;061037;Frignano;061;Caserta;15;Campania
15;Campania;061;Caserta;061038;Gallo Matese;061038;Gallo Matese;061;Caserta;15;Campania
15;Campania;061;Caserta;061039;Galluccio;061039;Galluccio;061;Caserta;15;Campania
15;Campania;061;Caserta;061040;Giano Vetusto;061040;Giano Vetusto;061;Caserta;15;Campania
15;Campania;061;Caserta;061041;Gioia Sannitica;061041;Gioia Sannitica;061;Caserta;15;Campania
15;Campania;061;Caserta;061042;Grazzanise;061042;Grazzanise;061;Caserta;15;Campania
15;Campania;061;Caserta;061043;Gricignano di Aversa;061043;Gricignano di Aversa;061;Caserta;15;Campania
15;Campania;061;Caserta;061044;Letino;061044;Letino;061;Caserta;15;Campania
15;Campania;061;Caserta;061045;Liberi;061045;Liberi;061;Caserta;15;Campania
15;Campania;061;Caserta;061046;Lusciano;061046;Lusciano;061;Caserta;15;Campania
15;Campania;061;Caserta;061047;Macerata Campania;061047;Macerata Campania;061;Caserta;15;Campania
15;Campania;061;Caserta;061048;Maddaloni;061048;Maddaloni;061;Caserta;15;Campania
15;Campania;061;Caserta;061049;Marcianise;061049;Marcianise;061;Caserta;15;Campania
15;Campania;061;Caserta;061050;Marzano Appio;061050;Marzano Appio;061;Caserta;15;Campania
15;Campania;061;Caserta;061051;Mignano Monte Lungo;061051;Mignano Monte Lungo;061;Caserta;15;Campania
15;Campania;061;Caserta;061052;Mondragone;061052;Mondragone;061;Caserta;15;Campania
15;Campania;061;Caserta;061053;Orta di Atella;061053;Orta di Atella;061;Caserta;15;Campania
15;Campania;061;Caserta;061054;Parete;061054;Parete;061;Caserta;15;Campania
15;Campania;061;Caserta;061055;Pastorano;061055;Pastorano;061;Caserta;15;Campania
15;Campania;061;Caserta;061056;Piana di Monte Verna;061056;Piana di Monte Verna;061;Caserta;15;Campania
15;Campania;061;Caserta;061057;Piedimonte Matese;061057;Piedimonte Matese;061;Caserta;15;Campania
15;Campania;061;Caserta;061058;Pietramelara;061058;Pietramelara;061;Caserta;15;Campania
15;Campania;061;Caserta;061059;Pietravairano;061059;Pietravairano;061;Caserta;15;Campania
15;Campania;061;Caserta;061060;Pignataro Maggiore;061060;Pignataro Maggiore;061;Caserta;15;Campania
15;Campania;061;Caserta;061061;Pontelatone;061061;Pontelatone;061;Caserta;15;Campania
15;Campania;061;Caserta;061062;Portico di Caserta;061062;Portico di Caserta;061;Caserta;15;Campania
15;Campania;061;Caserta;061063;Prata Sannita;061063;Prata Sannita;061;Caserta;15;Campania
15;Campania;061;Caserta;061064;Pratella;061064;Pratella;061;Caserta;15;Campania
15;Campania;061;Caserta;061065;Presenzano;061065;Presenzano;061;Caserta;15;Campania
15;Campania;061;Caserta;061066;Raviscanina;061066;Raviscanina;061;Caserta;15;Campania
15;Campania;061;Caserta;061067;Recale;061067;Recale;061;Caserta;15;Campania
15;Campania;061;Caserta;061068;Riardo;061068;Riardo;061;Caserta;15;Campania
15;Campania;061;Caserta;061069;Rocca d'Evandro;061069;Rocca d'Evandro;061;Caserta;15;Campania
15;Campania;061;Caserta;061070;Roccamonfina;061070;Roccamonfina;061;Caserta;15;Campania
15;Campania;061;Caserta;061071;Roccaromana;061071;Roccaromana;061;Caserta;15;Campania
15;Campania;061;Caserta;061072;Rocchetta e Croce;061072;Rocchetta e Croce;061;Caserta;15;Campania
15;Campania;061;Caserta;061073;Ruviano;061073;Ruviano;061;Caserta;15;Campania
15;Campania;061;Caserta;061074;San Cipriano d'Aversa;061074;San Cipriano d'Aversa;061;Caserta;15;Campania
15;Campania;061;Caserta;061075;San Felice a Cancello;061075;San Felice a Cancello;061;Caserta;15;Campania
15;Campania;061;Caserta;061076;San Gregorio Matese;061076;San Gregorio Matese;061;Caserta;15;Campania
15;Campania;061;Caserta;061077;San Marcellino;061077;San Marcellino;061;Caserta;15;Campania
15;Campania;061;Caserta;061078;San Nicola la Strada;061078;San Nicola la Strada;061;Caserta;15;Campania
15;Campania;061;Caserta;061079;San Pietro Infine;061079;San Pietro Infine;061;Caserta;15;Campania
15;Campania;061;Caserta;061080;San Potito Sannitico;061080;San Potito Sannitico;061;Caserta;15;Campania
15;Campania;061;Caserta;061081;San Prisco;061081;San Prisco;061;Caserta;15;Campania
15;Campania;061;Caserta;061082;Santa Maria a Vico;061082;Santa Maria a Vico;061;Caserta;15;Campania
15;Campania;061;Caserta;061083;Santa Maria Capua Vetere;061083;Santa Maria Capua Vetere;061;Caserta;15;Campania
15;Campania;061;Caserta;061084;Santa Maria la Fossa;061084;Santa Maria la Fossa;061;Caserta;15;Campania
15;Campania;061;Caserta;061085;San Tammaro;061085;San Tammaro;061;Caserta;15;Campania
15;Campania;061;Caserta;061086;Sant'Angelo d'Alife;061086;Sant'Angelo d'Alife;061;Caserta;15;Campania
15;Campania;061;Caserta;061087;Sant'Arpino;061087;Sant'Arpino;061;Caserta;15;Campania
15;Campania;061;Caserta;061088;Sessa Aurunca;061088;Sessa Aurunca;061;Caserta;15;Campania
15;Campania;061;Caserta;061089;Sparanise;061089;Sparanise;061;Caserta;15;Campania
15;Campania;061;Caserta;061090;Succivo;061090;Succivo;061;Caserta;15;Campania
15;Campania;061;Caserta;061091;Teano;061091;Teano;061;Caserta;15;Campania
15;Campania;061;Caserta;061092;Teverola;061092;Teverola;061;Caserta;15;Campania
15;Campania;061;Caserta;061093;Tora e Piccilli;061093;Tora e Piccilli;061;Caserta;15;Campania
15;Campania;061;Caserta;061094;Trentola Ducenta;061094;Trentola Ducenta;061;Caserta;15;Campania
15;Campania;061;Caserta;061095;Vairano Patenora;061095;Vairano Patenora;061;Caserta;15;Campania
15;Campania;061;Caserta;061096;Valle Agricola;061096;Valle Agricola;061;Caserta;15;Campania
15;Campania;061;Caserta;061097;Valle di Maddaloni;061097;Valle di Maddaloni;061;Caserta;15;Campania
15;Campania;061;Caserta;061098;Villa di Briano;061098;Villa di Briano;061;Caserta;15;Campania
15;Campania;061;Caserta;061099;Villa Literno;061099;Villa Literno;061;Caserta;15;Campania
15;Campania;061;Caserta;061100;Vitulazio;061100;Vitulazio;061;Caserta;15;Campania
15;Campania;061;Caserta;061101;Falciano del Massico;061101;Falciano del Massico;061;Caserta;15;Campania
15;Campania;061;Caserta;061102;Cellole;061102;Cellole;061;Caserta;15;Campania
15;Campania;061;Caserta;061103;Casapesenna;061103;Casapesenna;061;Caserta;15;Campania
15;Campania;061;Caserta;061104;San Marco Evangelista;061104;San Marco Evangelista;061;Caserta;15;Campania
15;Campania;062;Benevento;062001;Airola;062001;Airola;062;Benevento;15;Campania
15;Campania;062;Benevento;062002;Amorosi;062002;Amorosi;062;Benevento;15;Campania
15;Campania;062;Benevento;062003;Apice;062003;Apice;062;Benevento;15;Campania
15;Campania;062;Benevento;062004;Apollosa;062004;Apollosa;062;Benevento;15;Campania
15;Campania;062;Benevento;062005;Arpaia;062005;Arpaia;062;Benevento;15;Campania
15;Campania;062;Benevento;062006;Arpaise;062006;Arpaise;062;Benevento;15;Campania
15;Campania;062;Benevento;062007;Baselice;062007;Baselice;062;Benevento;15;Campania
15;Campania;062;Benevento;062008;Benevento;062008;Benevento;062;Benevento;15;Campania
15;Campania;062;Benevento;062009;Bonea;062009;Bonea;062;Benevento;15;Campania
15;Campania;062;Benevento;062010;Bucciano;062010;Bucciano;062;Benevento;15;Campania
15;Campania;062;Benevento;062011;Buonalbergo;062011;Buonalbergo;062;Benevento;15;Campania
15;Campania;062;Benevento;062012;Calvi;062012;Calvi;062;Benevento;15;Campania
15;Campania;062;Benevento;062013;Campolattaro;062013;Campolattaro;062;Benevento;15;Campania
15;Campania;062;Benevento;062014;Campoli del Monte Taburno;062014;Campoli del Monte Taburno;062;Benevento;15;Campania
15;Campania;062;Benevento;062015;Casalduni;062015;Casalduni;062;Benevento;15;Campania
15;Campania;062;Benevento;062016;Castelfranco in Miscano;062016;Castelfranco in Miscano;062;Benevento;15;Campania
15;Campania;062;Benevento;062017;Castelpagano;062017;Castelpagano;062;Benevento;15;Campania
15;Campania;062;Benevento;062018;Castelpoto;062018;Castelpoto;062;Benevento;15;Campania
15;Campania;062;Benevento;062019;Castelvenere;062019;Castelvenere;062;Benevento;15;Campania
15;Campania;062;Benevento;062020;Castelvetere in Val Fortore;062020;Castelvetere in Val Fortore;062;Benevento;15;Campania
15;Campania;062;Benevento;062021;Cautano;062021;Cautano;062;Benevento;15;Campania
15;Campania;062;Benevento;062022;Ceppaloni;062022;Ceppaloni;062;Benevento;15;Campania
15;Campania;062;Benevento;062023;Cerreto Sannita;062023;Cerreto Sannita;062;Benevento;15;Campania
15;Campania;062;Benevento;062024;Circello;062024;Circello;062;Benevento;15;Campania
15;Campania;062;Benevento;062025;Colle Sannita;062025;Colle Sannita;062;Benevento;15;Campania
15;Campania;062;Benevento;062026;Cusano Mutri;062026;Cusano Mutri;062;Benevento;15;Campania
15;Campania;062;Benevento;062027;Dugenta;062027;Dugenta;062;Benevento;15;Campania
15;Campania;062;Benevento;062028;Durazzano;062028;Durazzano;062;Benevento;15;Campania
15;Campania;062;Benevento;062029;Faicchio;062029;Faicchio;062;Benevento;15;Campania
15;Campania;062;Benevento;062030;Foglianise;062030;Foglianise;062;Benevento;15;Campania
15;Campania;062;Benevento;062031;Foiano di Val Fortore;062031;Foiano di Val Fortore;062;Benevento;15;Campania
15;Campania;062;Benevento;062032;Forchia;062032;Forchia;062;Benevento;15;Campania
15;Campania;062;Benevento;062033;Fragneto l'Abate;062033;Fragneto l'Abate;062;Benevento;15;Campania
15;Campania;062;Benevento;062034;Fragneto Monforte;062034;Fragneto Monforte;062;Benevento;15;Campania
15;Campania;062;Benevento;062035;Frasso Telesino;062035;Frasso Telesino;062;Benevento;15;Campania
15;Campania;062;Benevento;062036;Ginestra degli Schiavoni;062036;Ginestra degli Schiavoni;062;Benevento;15;Campania
15;Campania;062;Benevento;062037;Guardia Sanframondi;062037;Guardia Sanframondi;062;Benevento;15;Campania
15;Campania;062;Benevento;062038;Limatola;062038;Limatola;062;Benevento;15;Campania
15;Campania;062;Benevento;062039;Melizzano;062039;Melizzano;062;Benevento;15;Campania
15;Campania;062;Benevento;062040;Moiano;062040;Moiano;062;Benevento;15;Campania
15;Campania;062;Benevento;062041;Molinara;062041;Molinara;062;Benevento;15;Campania
15;Campania;062;Benevento;062042;Montefalcone di Val Fortore;062042;Montefalcone di Val Fortore;062;Benevento;15;Campania
15;Campania;062;Benevento;062043;Montesarchio;062043;Montesarchio;062;Benevento;15;Campania
15;Campania;062;Benevento;062044;Morcone;062044;Morcone;062;Benevento;15;Campania
15;Campania;062;Benevento;062045;Paduli;062045;Paduli;062;Benevento;15;Campania
15;Campania;062;Benevento;062046;Pago Veiano;062046;Pago Veiano;062;Benevento;15;Campania
15;Campania;062;Benevento;062047;Pannarano;062047;Pannarano;062;Benevento;15;Campania
15;Campania;062;Benevento;062048;Paolisi;062048;Paolisi;062;Benevento;15;Campania
15;Campania;062;Benevento;062049;Paupisi;062049;Paupisi;062;Benevento;15;Campania
15;Campania;062;Benevento;062050;Pesco Sannita;062050;Pesco Sannita;062;Benevento;15;Campania
15;Campania;062;Benevento;062051;Pietraroja;062051;Pietraroja;062;Benevento;15;Campania
15;Campania;062;Benevento;062052;Pietrelcina;062052;Pietrelcina;062;Benevento;15;Campania
15;Campania;062;Benevento;062053;Ponte;062053;Ponte;062;Benevento;15;Campania
15;Campania;062;Benevento;062054;Pontelandolfo;062054;Pontelandolfo;062;Benevento;15;Campania
15;Campania;062;Benevento;062055;Puglianello;062055;Puglianello;062;Benevento;15;Campania
15;Campania;062;Benevento;062056;Reino;062056;Reino;062;Benevento;15;Campania
15;Campania;062;Benevento;062057;San Bartolomeo in Galdo;062057;San Bartolomeo in Galdo;062;Benevento;15;Campania
15;Campania;062;Benevento;062058;San Giorgio del Sannio;062058;San Giorgio del Sannio;062;Benevento;15;Campania
15;Campania;062;Benevento;062059;San Giorgio La Molara;062059;San Giorgio La Molara;062;Benevento;15;Campania
15;Campania;062;Benevento;062060;San Leucio del Sannio;062060;San Leucio del Sannio;062;Benevento;15;Campania
15;Campania;062;Benevento;062061;San Lorenzello;062061;San Lorenzello;062;Benevento;15;Campania
15;Campania;062;Benevento;062062;San Lorenzo Maggiore;062062;San Lorenzo Maggiore;062;Benevento;15;Campania
15;Campania;062;Benevento;062063;San Lupo;062063;San Lupo;062;Benevento;15;Campania
15;Campania;062;Benevento;062064;San Marco dei Cavoti;062064;San Marco dei Cavoti;062;Benevento;15;Campania
15;Campania;062;Benevento;062065;San Martino Sannita;062065;San Martino Sannita;062;Benevento;15;Campania
15;Campania;062;Benevento;062066;San Nazzaro;062066;San Nazzaro;062;Benevento;15;Campania
15;Campania;062;Benevento;062067;San Nicola Manfredi;062067;San Nicola Manfredi;062;Benevento;15;Campania
15;Campania;062;Benevento;062068;San Salvatore Telesino;062068;San Salvatore Telesino;062;Benevento;15;Campania
15;Campania;062;Benevento;062069;Santa Croce del Sannio;062069;Santa Croce del Sannio;062;Benevento;15;Campania
15;Campania;062;Benevento;062070;Sant'Agata de' Goti;062070;Sant'Agata de' Goti;062;Benevento;15;Campania
15;Campania;062;Benevento;062071;Sant'Angelo a Cupolo;062071;Sant'Angelo a Cupolo;062;Benevento;15;Campania
15;Campania;062;Benevento;062072;Sassinoro;062072;Sassinoro;062;Benevento;15;Campania
15;Campania;062;Benevento;062073;Solopaca;062073;Solopaca;062;Benevento;15;Campania
15;Campania;062;Benevento;062074;Telese Terme;062074;Telese Terme;062;Benevento;15;Campania
15;Campania;062;Benevento;062075;Tocco Caudio;062075;Tocco Caudio;062;Benevento;15;Campania
15;Campania;062;Benevento;062076;Torrecuso;062076;Torrecuso;062;Benevento;15;Campania
15;Campania;062;Benevento;062077;Vitulano;062077;Vitulano;062;Benevento;15;Campania
15;Campania;062;Benevento;062078;Sant'Arcangelo Trimonte;062078;Sant'Arcangelo Trimonte;062;Benevento;15;Campania
15;Campania;063;Napoli;063001;Acerra;063001;Acerra;263;Napoli;15;Campania
15;Campania;063;Napoli;063002;Afragola;063002;Afragola;263;Napoli;15;Campania
15;Campania;063;Napoli;063003;Agerola;063003;Agerola;263;Napoli;15;Campania
15;Campania;063;Napoli;063004;Anacapri;063004;Anacapri;263;Napoli;15;Campania
15;Campania;063;Napoli;063005;Arzano;063005;Arzano;263;Napoli;15;Campania
15;Campania;063;Napoli;063006;Bacoli;063006;Bacoli;263;Napoli;15;Campania
15;Campania;063;Napoli;063007;Barano d'Ischia;063007;Barano d'Ischia;263;Napoli;15;Campania
15;Campania;063;Napoli;063008;Boscoreale;063008;Boscoreale;263;Napoli;15;Campania
15;Campania;063;Napoli;063009;Boscotrecase;063009;Boscotrecase;263;Napoli;15;Campania
15;Campania;063;Napoli;063010;Brusciano;063010;Brusciano;263;Napoli;15;Campania
15;Campania;063;Napoli;063011;Caivano;063011;Caivano;263;Napoli;15;Campania
15;Campania;063;Napoli;063012;Calvizzano;063012;Calvizzano;263;Napoli;15;Campania
15;Campania;063;Napoli;063013;Camposano;063013;Camposano;263;Napoli;15;Campania
15;Campania;063;Napoli;063014;Capri;063014;Capri;263;Napoli;15;Campania
15;Campania;063;Napoli;063015;Carbonara di Nola;063015;Carbonara di Nola;263;Napoli;15;Campania
15;Campania;063;Napoli;063016;Cardito;063016;Cardito;263;Napoli;15;Campania
15;Campania;063;Napoli;063017;Casalnuovo di Napoli;063017;Casalnuovo di Napoli;263;Napoli;15;Campania
15;Campania;063;Napoli;063018;Casamarciano;063018;Casamarciano;263;Napoli;15;Campania
15;Campania;063;Napoli;063019;Casamicciola Terme;063019;Casamicciola Terme;263;Napoli;15;Campania
15;Campania;063;Napoli;063020;Casandrino;063020;Casandrino;263;Napoli;15;Campania
15;Campania;063;Napoli;063021;Casavatore;063021;Casavatore;263;Napoli;15;Campania
15;Campania;063;Napoli;063022;Casola di Napoli;063022;Casola di Napoli;263;Napoli;15;Campania
15;Campania;063;Napoli;063023;Casoria;063023;Casoria;263;Napoli;15;Campania
15;Campania;063;Napoli;063024;Castellammare di Stabia;063024;Castellammare di Stabia;263;Napoli;15;Campania
15;Campania;063;Napoli;063025;Castello di Cisterna;063025;Castello di Cisterna;263;Napoli;15;Campania
15;Campania;063;Napoli;063026;Cercola;063026;Cercola;263;Napoli;15;Campania
15;Campania;063;Napoli;063027;Cicciano;063027;Cicciano;263;Napoli;15;Campania
15;Campania;063;Napoli;063028;Cimitile;063028;Cimitile;263;Napoli;15;Campania
15;Campania;063;Napoli;063029;Comiziano;063029;Comiziano;263;Napoli;15;Campania
15;Campania;063;Napoli;063030;Crispano;063030;Crispano;263;Napoli;15;Campania
15;Campania;063;Napoli;063031;Forio;063031;Forio;263;Napoli;15;Campania
15;Campania;063;Napoli;063032;Frattamaggiore;063032;Frattamaggiore;263;Napoli;15;Campania
15;Campania;063;Napoli;063033;Frattaminore;063033;Frattaminore;263;Napoli;15;Campania
15;Campania;063;Napoli;063034;Giugliano in Campania;063034;Giugliano in Campania;263;Napoli;15;Campania
15;Campania;063;Napoli;063035;Gragnano;063035;Gragnano;263;Napoli;15;Campania
15;Campania;063;Napoli;063036;Grumo Nevano;063036;Grumo Nevano;263;Napoli;15;Campania
15;Campania;063;Napoli;063037;Ischia;063037;Ischia;263;Napoli;15;Campania
15;Campania;063;Napoli;063038;Lacco Ameno;063038;Lacco Ameno;263;Napoli;15;Campania
15;Campania;063;Napoli;063039;Lettere;063039;Lettere;263;Napoli;15;Campania
15;Campania;063;Napoli;063040;Liveri;063040;Liveri;263;Napoli;15;Campania
15;Campania;063;Napoli;063041;Marano di Napoli;063041;Marano di Napoli;263;Napoli;15;Campania
15;Campania;063;Napoli;063042;Mariglianella;063042;Mariglianella;263;Napoli;15;Campania
15;Campania;063;Napoli;063043;Marigliano;063043;Marigliano;263;Napoli;15;Campania
15;Campania;063;Napoli;063044;Massa Lubrense;063044;Massa Lubrense;263;Napoli;15;Campania
15;Campania;063;Napoli;063045;Melito di Napoli;063045;Melito di Napoli;263;Napoli;15;Campania
15;Campania;063;Napoli;063046;Meta;063046;Meta;263;Napoli;15;Campania
15;Campania;063;Napoli;063047;Monte di Procida;063047;Monte di Procida;263;Napoli;15;Campania
15;Campania;063;Napoli;063048;Mugnano di Napoli;063048;Mugnano di Napoli;263;Napoli;15;Campania
15;Campania;063;Napoli;063049;Napoli;063049;Napoli;263;Napoli;15;Campania
15;Campania;063;Napoli;063050;Nola;063050;Nola;263;Napoli;15;Campania
15;Campania;063;Napoli;063051;Ottaviano;063051;Ottaviano;263;Napoli;15;Campania
15;Campania;063;Napoli;063052;Palma Campania;063052;Palma Campania;263;Napoli;15;Campania
15;Campania;063;Napoli;063053;Piano di Sorrento;063053;Piano di Sorrento;263;Napoli;15;Campania
15;Campania;063;Napoli;063054;Pimonte;063054;Pimonte;263;Napoli;15;Campania
15;Campania;063;Napoli;063055;Poggiomarino;063055;Poggiomarino;263;Napoli;15;Campania
15;Campania;063;Napoli;063056;Pollena Trocchia;063056;Pollena Trocchia;263;Napoli;15;Campania
15;Campania;063;Napoli;063057;Pomigliano d'Arco;063057;Pomigliano d'Arco;263;Napoli;15;Campania
15;Campania;063;Napoli;063058;Pompei;063058;Pompei;263;Napoli;15;Campania
15;Campania;063;Napoli;063059;Portici;063059;Portici;263;Napoli;15;Campania
15;Campania;063;Napoli;063060;Pozzuoli;063060;Pozzuoli;263;Napoli;15;Campania
15;Campania;063;Napoli;063061;Procida;063061;Procida;263;Napoli;15;Campania
15;Campania;063;Napoli;063062;Qualiano;063062;Qualiano;263;Napoli;15;Campania
15;Campania;063;Napoli;063063;Quarto;063063;Quarto;263;Napoli;15;Campania
15;Campania;063;Napoli;063064;Ercolano;063064;Ercolano;263;Napoli;15;Campania
15;Campania;063;Napoli;063065;Roccarainola;063065;Roccarainola;263;Napoli;15;Campania
15;Campania;063;Napoli;063066;San Gennaro Vesuviano;063066;San Gennaro Vesuviano;263;Napoli;15;Campania
15;Campania;063;Napoli;063067;San Giorgio a Cremano;063067;San Giorgio a Cremano;263;Napoli;15;Campania
15;Campania;063;Napoli;063068;San Giuseppe Vesuviano;063068;San Giuseppe Vesuviano;263;Napoli;15;Campania
15;Campania;063;Napoli;063069;San Paolo Bel Sito;063069;San Paolo Bel Sito;263;Napoli;15;Campania
15;Campania;063;Napoli;063070;San Sebastiano al Vesuvio;063070;San Sebastiano al Vesuvio;263;Napoli;15;Campania
15;Campania;063;Napoli;063071;Sant'Agnello;063071;Sant'Agnello;263;Napoli;15;Campania
15;Campania;063;Napoli;063072;Sant'Anastasia;063072;Sant'Anastasia;263;Napoli;15;Campania
15;Campania;063;Napoli;063073;Sant'Antimo;063073;Sant'Antimo;263;Napoli;15;Campania
15;Campania;063;Napoli;063074;Sant'Antonio Abate;063074;Sant'Antonio Abate;263;Napoli;15;Campania
15;Campania;063;Napoli;063075;San Vitaliano;063075;San Vitaliano;263;Napoli;15;Campania
15;Campania;063;Napoli;063076;Saviano;063076;Saviano;263;Napoli;15;Campania
15;Campania;063;Napoli;063077;Scisciano;063077;Scisciano;263;Napoli;15;Campania
15;Campania;063;Napoli;063078;Serrara Fontana;063078;Serrara Fontana;263;Napoli;15;Campania
15;Campania;063;Napoli;063079;Somma Vesuviana;063079;Somma Vesuviana;263;Napoli;15;Campania
15;Campania;063;Napoli;063080;Sorrento;063080;Sorrento;263;Napoli;15;Campania
15;Campania;063;Napoli;063081;Striano;063081;Striano;263;Napoli;15;Campania
15;Campania;063;Napoli;063082;Terzigno;063082;Terzigno;263;Napoli;15;Campania
15;Campania;063;Napoli;063083;Torre Annunziata;063083;Torre Annunziata;263;Napoli;15;Campania
15;Campania;063;Napoli;063084;Torre del Greco;063084;Torre del Greco;263;Napoli;15;Campania
15;Campania;063;Napoli;063085;Tufino;063085;Tufino;263;Napoli;15;Campania
15;Campania;063;Napoli;063086;Vico Equense;063086;Vico Equense;263;Napoli;15;Campania
15;Campania;063;Napoli;063087;Villaricca;063087;Villaricca;263;Napoli;15;Campania
15;Campania;063;Napoli;063088;Visciano;063088;Visciano;263;Napoli;15;Campania
15;Campania;063;Napoli;063089;Volla;063089;Volla;263;Napoli;15;Campania
15;Campania;063;Napoli;063090;Santa Maria la Carità;063090;Santa Maria la Carità;263;Napoli;15;Campania
15;Campania;063;Napoli;063091;Trecase;063091;Trecase;263;Napoli;15;Campania
15;Campania;063;Napoli;063092;Massa di Somma;063092;Massa di Somma;263;Napoli;15;Campania
15;Campania;064;Avellino;064001;Aiello del Sabato;064001;Aiello del Sabato;064;Avellino;15;Campania
15;Campania;064;Avellino;064002;Altavilla Irpina;064002;Altavilla Irpina;064;Avellino;15;Campania
15;Campania;064;Avellino;064003;Andretta;064003;Andretta;064;Avellino;15;Campania
15;Campania;064;Avellino;064004;Aquilonia;064004;Aquilonia;064;Avellino;15;Campania
15;Campania;064;Avellino;064005;Ariano Irpino;064005;Ariano Irpino;064;Avellino;15;Campania
15;Campania;064;Avellino;064006;Atripalda;064006;Atripalda;064;Avellino;15;Campania
15;Campania;064;Avellino;064007;Avella;064007;Avella;064;Avellino;15;Campania
15;Campania;064;Avellino;064008;Avellino;064008;Avellino;064;Avellino;15;Campania
15;Campania;064;Avellino;064009;Bagnoli Irpino;064009;Bagnoli Irpino;064;Avellino;15;Campania
15;Campania;064;Avellino;064010;Baiano;064010;Baiano;064;Avellino;15;Campania
15;Campania;064;Avellino;064011;Bisaccia;064011;Bisaccia;064;Avellino;15;Campania
15;Campania;064;Avellino;064012;Bonito;064012;Bonito;064;Avellino;15;Campania
15;Campania;064;Avellino;064013;Cairano;064013;Cairano;064;Avellino;15;Campania
15;Campania;064;Avellino;064014;Calabritto;064014;Calabritto;064;Avellino;15;Campania
15;Campania;064;Avellino;064015;Calitri;064015;Calitri;064;Avellino;15;Campania
15;Campania;064;Avellino;064016;Candida;064016;Candida;064;Avellino;15;Campania
15;Campania;064;Avellino;064017;Caposele;064017;Caposele;064;Avellino;15;Campania
15;Campania;064;Avellino;064018;Capriglia Irpina;064018;Capriglia Irpina;064;Avellino;15;Campania
15;Campania;064;Avellino;064019;Carife;064019;Carife;064;Avellino;15;Campania
15;Campania;064;Avellino;064020;Casalbore;064020;Casalbore;064;Avellino;15;Campania
15;Campania;064;Avellino;064021;Cassano Irpino;064021;Cassano Irpino;064;Avellino;15;Campania
15;Campania;064;Avellino;064022;Castel Baronia;064022;Castel Baronia;064;Avellino;15;Campania
15;Campania;064;Avellino;064023;Castelfranci;064023;Castelfranci;064;Avellino;15;Campania
15;Campania;064;Avellino;064024;Castelvetere sul Calore;064024;Castelvetere sul Calore;064;Avellino;15;Campania
15;Campania;064;Avellino;064025;Cervinara;064025;Cervinara;064;Avellino;15;Campania
15;Campania;064;Avellino;064026;Cesinali;064026;Cesinali;064;Avellino;15;Campania
15;Campania;064;Avellino;064027;Chianche;064027;Chianche;064;Avellino;15;Campania
15;Campania;064;Avellino;064028;Chiusano di San Domenico;064028;Chiusano di San Domenico;064;Avellino;15;Campania
15;Campania;064;Avellino;064029;Contrada;064029;Contrada;064;Avellino;15;Campania
15;Campania;064;Avellino;064030;Conza della Campania;064030;Conza della Campania;064;Avellino;15;Campania
15;Campania;064;Avellino;064031;Domicella;064031;Domicella;064;Avellino;15;Campania
15;Campania;064;Avellino;064032;Flumeri;064032;Flumeri;064;Avellino;15;Campania
15;Campania;064;Avellino;064033;Fontanarosa;064033;Fontanarosa;064;Avellino;15;Campania
15;Campania;064;Avellino;064034;Forino;064034;Forino;064;Avellino;15;Campania
15;Campania;064;Avellino;064035;Frigento;064035;Frigento;064;Avellino;15;Campania
15;Campania;064;Avellino;064036;Gesualdo;064036;Gesualdo;064;Avellino;15;Campania
15;Campania;064;Avellino;064037;Greci;064037;Greci;064;Avellino;15;Campania
15;Campania;064;Avellino;064038;Grottaminarda;064038;Grottaminarda;064;Avellino;15;Campania
15;Campania;064;Avellino;064039;Grottolella;064039;Grottolella;064;Avellino;15;Campania
15;Campania;064;Avellino;064040;Guardia Lombardi;064040;Guardia Lombardi;064;Avellino;15;Campania
15;Campania;064;Avellino;064041;Lacedonia;064041;Lacedonia;064;Avellino;15;Campania
15;Campania;064;Avellino;064042;Lapio;064042;Lapio;064;Avellino;15;Campania
15;Campania;064;Avellino;064043;Lauro;064043;Lauro;064;Avellino;15;Campania
15;Campania;064;Avellino;064044;Lioni;064044;Lioni;064;Avellino;15;Campania
15;Campania;064;Avellino;064045;Luogosano;064045;Luogosano;064;Avellino;15;Campania
15;Campania;064;Avellino;064046;Manocalzati;064046;Manocalzati;064;Avellino;15;Campania
15;Campania;064;Avellino;064047;Marzano di Nola;064047;Marzano di Nola;064;Avellino;15;Campania
15;Campania;064;Avellino;064048;Melito Irpino;064048;Melito Irpino;064;Avellino;15;Campania
15;Campania;064;Avellino;064049;Mercogliano;064049;Mercogliano;064;Avellino;15;Campania
15;Campania;064;Avellino;064050;Mirabella Eclano;064050;Mirabella Eclano;064;Avellino;15;Campania
15;Campania;064;Avellino;064051;Montaguto;064051;Montaguto;064;Avellino;15;Campania
15;Campania;064;Avellino;064052;Montecalvo Irpino;064052;Montecalvo Irpino;064;Avellino;15;Campania
15;Campania;064;Avellino;064053;Montefalcione;064053;Montefalcione;064;Avellino;15;Campania
15;Campania;064;Avellino;064054;Monteforte Irpino;064054;Monteforte Irpino;064;Avellino;15;Campania
15;Campania;064;Avellino;064055;Montefredane;064055;Montefredane;064;Avellino;15;Campania
15;Campania;064;Avellino;064056;Montefusco;064056;Montefusco;064;Avellino;15;Campania
15;Campania;064;Avellino;064057;Montella;064057;Montella;064;Avellino;15;Campania
15;Campania;064;Avellino;064058;Montemarano;064058;Montemarano;064;Avellino;15;Campania
15;Campania;064;Avellino;064059;Montemiletto;064059;Montemiletto;064;Avellino;15;Campania
15;Campania;064;Avellino;064060;Monteverde;064060;Monteverde;064;Avellino;15;Campania
15;Campania;064;Avellino;064061;Montoro Inferiore;064121;Montoro;064;Avellino;15;Campania
15;Campania;064;Avellino;064062;Montoro Superiore;064121;Montoro;064;Avellino;15;Campania
15;Campania;064;Avellino;064063;Morra De Sanctis;064063;Morra De Sanctis;064;Avellino;15;Campania
15;Campania;064;Avellino;064064;Moschiano;064064;Moschiano;064;Avellino;15;Campania
15;Campania;064;Avellino;064065;Mugnano del Cardinale;064065;Mugnano del Cardinale;064;Avellino;15;Campania
15;Campania;064;Avellino;064066;Nusco;064066;Nusco;064;Avellino;15;Campania
15;Campania;064;Avellino;064067;Ospedaletto d'Alpinolo;064067;Ospedaletto d'Alpinolo;064;Avellino;15;Campania
15;Campania;064;Avellino;064068;Pago del Vallo di Lauro;064068;Pago del Vallo di Lauro;064;Avellino;15;Campania
15;Campania;064;Avellino;064069;Parolise;064069;Parolise;064;Avellino;15;Campania
15;Campania;064;Avellino;064070;Paternopoli;064070;Paternopoli;064;Avellino;15;Campania
15;Campania;064;Avellino;064071;Petruro Irpino;064071;Petruro Irpino;064;Avellino;15;Campania
15;Campania;064;Avellino;064072;Pietradefusi;064072;Pietradefusi;064;Avellino;15;Campania
15;Campania;064;Avellino;064073;Pietrastornina;064073;Pietrastornina;064;Avellino;15;Campania
15;Campania;064;Avellino;064074;Prata di Principato Ultra;064074;Prata di Principato Ultra;064;Avellino;15;Campania
15;Campania;064;Avellino;064075;Pratola Serra;064075;Pratola Serra;064;Avellino;15;Campania
15;Campania;064;Avellino;064076;Quadrelle;064076;Quadrelle;064;Avellino;15;Campania
15;Campania;064;Avellino;064077;Quindici;064077;Quindici;064;Avellino;15;Campania
15;Campania;064;Avellino;064078;Roccabascerana;064078;Roccabascerana;064;Avellino;15;Campania
15;Campania;064;Avellino;064079;Rocca San Felice;064079;Rocca San Felice;064;Avellino;15;Campania
15;Campania;064;Avellino;064080;Rotondi;064080;Rotondi;064;Avellino;15;Campania
15;Campania;064;Avellino;064081;Salza Irpina;064081;Salza Irpina;064;Avellino;15;Campania
15;Campania;064;Avellino;064082;San Mango sul Calore;064082;San Mango sul Calore;064;Avellino;15;Campania
15;Campania;064;Avellino;064083;San Martino Valle Caudina;064083;San Martino Valle Caudina;064;Avellino;15;Campania
15;Campania;064;Avellino;064084;San Michele di Serino;064084;San Michele di Serino;064;Avellino;15;Campania
15;Campania;064;Avellino;064085;San Nicola Baronia;064085;San Nicola Baronia;064;Avellino;15;Campania
15;Campania;064;Avellino;064086;San Potito Ultra;064086;San Potito Ultra;064;Avellino;15;Campania
15;Campania;064;Avellino;064087;San Sossio Baronia;064087;San Sossio Baronia;064;Avellino;15;Campania
15;Campania;064;Avellino;064088;Santa Lucia di Serino;064088;Santa Lucia di Serino;064;Avellino;15;Campania
15;Campania;064;Avellino;064089;Sant'Andrea di Conza;064089;Sant'Andrea di Conza;064;Avellino;15;Campania
15;Campania;064;Avellino;064090;Sant'Angelo all'Esca;064090;Sant'Angelo all'Esca;064;Avellino;15;Campania
15;Campania;064;Avellino;064091;Sant'Angelo a Scala;064091;Sant'Angelo a Scala;064;Avellino;15;Campania
15;Campania;064;Avellino;064092;Sant'Angelo dei Lombardi;064092;Sant'Angelo dei Lombardi;064;Avellino;15;Campania
15;Campania;064;Avellino;064093;Santa Paolina;064093;Santa Paolina;064;Avellino;15;Campania
15;Campania;064;Avellino;064095;Santo Stefano del Sole;064095;Santo Stefano del Sole;064;Avellino;15;Campania
15;Campania;064;Avellino;064096;Savignano Irpino;064096;Savignano Irpino;064;Avellino;15;Campania
15;Campania;064;Avellino;064097;Scampitella;064097;Scampitella;064;Avellino;15;Campania
15;Campania;064;Avellino;064098;Senerchia;064098;Senerchia;064;Avellino;15;Campania
15;Campania;064;Avellino;064099;Serino;064099;Serino;064;Avellino;15;Campania
15;Campania;064;Avellino;064100;Sirignano;064100;Sirignano;064;Avellino;15;Campania
15;Campania;064;Avellino;064101;Solofra;064101;Solofra;064;Avellino;15;Campania
15;Campania;064;Avellino;064102;Sorbo Serpico;064102;Sorbo Serpico;064;Avellino;15;Campania
15;Campania;064;Avellino;064103;Sperone;064103;Sperone;064;Avellino;15;Campania
15;Campania;064;Avellino;064104;Sturno;064104;Sturno;064;Avellino;15;Campania
15;Campania;064;Avellino;064105;Summonte;064105;Summonte;064;Avellino;15;Campania
15;Campania;064;Avellino;064106;Taurano;064106;Taurano;064;Avellino;15;Campania
15;Campania;064;Avellino;064107;Taurasi;064107;Taurasi;064;Avellino;15;Campania
15;Campania;064;Avellino;064108;Teora;064108;Teora;064;Avellino;15;Campania
15;Campania;064;Avellino;064109;Torella dei Lombardi;064109;Torella dei Lombardi;064;Avellino;15;Campania
15;Campania;064;Avellino;064110;Torre Le Nocelle;064110;Torre Le Nocelle;064;Avellino;15;Campania
15;Campania;064;Avellino;064111;Torrioni;064111;Torrioni;064;Avellino;15;Campania
15;Campania;064;Avellino;064112;Trevico;064112;Trevico;064;Avellino;15;Campania
15;Campania;064;Avellino;064113;Tufo;064113;Tufo;064;Avellino;15;Campania
15;Campania;064;Avellino;064114;Vallata;064114;Vallata;064;Avellino;15;Campania
15;Campania;064;Avellino;064115;Vallesaccarda;064115;Vallesaccarda;064;Avellino;15;Campania
15;Campania;064;Avellino;064116;Venticano;064116;Venticano;064;Avellino;15;Campania
15;Campania;064;Avellino;064117;Villamaina;064117;Villamaina;064;Avellino;15;Campania
15;Campania;064;Avellino;064118;Villanova del Battista;064118;Villanova del Battista;064;Avellino;15;Campania
15;Campania;064;Avellino;064119;Volturara Irpina;064119;Volturara Irpina;064;Avellino;15;Campania
15;Campania;064;Avellino;064120;Zungoli;064120;Zungoli;064;Avellino;15;Campania
15;Campania;065;Salerno;065001;Acerno;065001;Acerno;065;Salerno;15;Campania
15;Campania;065;Salerno;065002;Agropoli;065002;Agropoli;065;Salerno;15;Campania
15;Campania;065;Salerno;065003;Albanella;065003;Albanella;065;Salerno;15;Campania
15;Campania;065;Salerno;065004;Alfano;065004;Alfano;065;Salerno;15;Campania
15;Campania;065;Salerno;065005;Altavilla Silentina;065005;Altavilla Silentina;065;Salerno;15;Campania
15;Campania;065;Salerno;065006;Amalfi;065006;Amalfi;065;Salerno;15;Campania
15;Campania;065;Salerno;065007;Angri;065007;Angri;065;Salerno;15;Campania
15;Campania;065;Salerno;065008;Aquara;065008;Aquara;065;Salerno;15;Campania
15;Campania;065;Salerno;065009;Ascea;065009;Ascea;065;Salerno;15;Campania
15;Campania;065;Salerno;065010;Atena Lucana;065010;Atena Lucana;065;Salerno;15;Campania
15;Campania;065;Salerno;065011;Atrani;065011;Atrani;065;Salerno;15;Campania
15;Campania;065;Salerno;065012;Auletta;065012;Auletta;065;Salerno;15;Campania
15;Campania;065;Salerno;065013;Baronissi;065013;Baronissi;065;Salerno;15;Campania
15;Campania;065;Salerno;065014;Battipaglia;065014;Battipaglia;065;Salerno;15;Campania
15;Campania;065;Salerno;065015;Bellosguardo;065015;Bellosguardo;065;Salerno;15;Campania
15;Campania;065;Salerno;065016;Bracigliano;065016;Bracigliano;065;Salerno;15;Campania
15;Campania;065;Salerno;065017;Buccino;065017;Buccino;065;Salerno;15;Campania
15;Campania;065;Salerno;065018;Buonabitacolo;065018;Buonabitacolo;065;Salerno;15;Campania
15;Campania;065;Salerno;065019;Caggiano;065019;Caggiano;065;Salerno;15;Campania
15;Campania;065;Salerno;065020;Calvanico;065020;Calvanico;065;Salerno;15;Campania
15;Campania;065;Salerno;065021;Camerota;065021;Camerota;065;Salerno;15;Campania
15;Campania;065;Salerno;065022;Campagna;065022;Campagna;065;Salerno;15;Campania
15;Campania;065;Salerno;065023;Campora;065023;Campora;065;Salerno;15;Campania
15;Campania;065;Salerno;065024;Cannalonga;065024;Cannalonga;065;Salerno;15;Campania
15;Campania;065;Salerno;065025;Capaccio;065025;Capaccio Paestum;065;Salerno;15;Campania
15;Campania;065;Salerno;065026;Casalbuono;065026;Casalbuono;065;Salerno;15;Campania
15;Campania;065;Salerno;065027;Casaletto Spartano;065027;Casaletto Spartano;065;Salerno;15;Campania
15;Campania;065;Salerno;065028;Casal Velino;065028;Casal Velino;065;Salerno;15;Campania
15;Campania;065;Salerno;065029;Caselle in Pittari;065029;Caselle in Pittari;065;Salerno;15;Campania
15;Campania;065;Salerno;065030;Castelcivita;065030;Castelcivita;065;Salerno;15;Campania
15;Campania;065;Salerno;065031;Castellabate;065031;Castellabate;065;Salerno;15;Campania
15;Campania;065;Salerno;065032;Castelnuovo Cilento;065032;Castelnuovo Cilento;065;Salerno;15;Campania
15;Campania;065;Salerno;065033;Castelnuovo di Conza;065033;Castelnuovo di Conza;065;Salerno;15;Campania
15;Campania;065;Salerno;065034;Castel San Giorgio;065034;Castel San Giorgio;065;Salerno;15;Campania
15;Campania;065;Salerno;065035;Castel San Lorenzo;065035;Castel San Lorenzo;065;Salerno;15;Campania
15;Campania;065;Salerno;065036;Castiglione del Genovesi;065036;Castiglione del Genovesi;065;Salerno;15;Campania
15;Campania;065;Salerno;065037;Cava de' Tirreni;065037;Cava de' Tirreni;065;Salerno;15;Campania
15;Campania;065;Salerno;065038;Celle di Bulgheria;065038;Celle di Bulgheria;065;Salerno;15;Campania
15;Campania;065;Salerno;065039;Centola;065039;Centola;065;Salerno;15;Campania
15;Campania;065;Salerno;065040;Ceraso;065040;Ceraso;065;Salerno;15;Campania
15;Campania;065;Salerno;065041;Cetara;065041;Cetara;065;Salerno;15;Campania
15;Campania;065;Salerno;065042;Cicerale;065042;Cicerale;065;Salerno;15;Campania
15;Campania;065;Salerno;065043;Colliano;065043;Colliano;065;Salerno;15;Campania
15;Campania;065;Salerno;065044;Conca dei Marini;065044;Conca dei Marini;065;Salerno;15;Campania
15;Campania;065;Salerno;065045;Controne;065045;Controne;065;Salerno;15;Campania
15;Campania;065;Salerno;065046;Contursi Terme;065046;Contursi Terme;065;Salerno;15;Campania
15;Campania;065;Salerno;065047;Corbara;065047;Corbara;065;Salerno;15;Campania
15;Campania;065;Salerno;065048;Corleto Monforte;065048;Corleto Monforte;065;Salerno;15;Campania
15;Campania;065;Salerno;065049;Cuccaro Vetere;065049;Cuccaro Vetere;065;Salerno;15;Campania
15;Campania;065;Salerno;065050;Eboli;065050;Eboli;065;Salerno;15;Campania
15;Campania;065;Salerno;065051;Felitto;065051;Felitto;065;Salerno;15;Campania
15;Campania;065;Salerno;065052;Fisciano;065052;Fisciano;065;Salerno;15;Campania
15;Campania;065;Salerno;065053;Furore;065053;Furore;065;Salerno;15;Campania
15;Campania;065;Salerno;065054;Futani;065054;Futani;065;Salerno;15;Campania
15;Campania;065;Salerno;065055;Giffoni Sei Casali;065055;Giffoni Sei Casali;065;Salerno;15;Campania
15;Campania;065;Salerno;065056;Giffoni Valle Piana;065056;Giffoni Valle Piana;065;Salerno;15;Campania
15;Campania;065;Salerno;065057;Gioi;065057;Gioi;065;Salerno;15;Campania
15;Campania;065;Salerno;065058;Giungano;065058;Giungano;065;Salerno;15;Campania
15;Campania;065;Salerno;065059;Ispani;065059;Ispani;065;Salerno;15;Campania
15;Campania;065;Salerno;065060;Laureana Cilento;065060;Laureana Cilento;065;Salerno;15;Campania
15;Campania;065;Salerno;065061;Laurino;065061;Laurino;065;Salerno;15;Campania
15;Campania;065;Salerno;065062;Laurito;065062;Laurito;065;Salerno;15;Campania
15;Campania;065;Salerno;065063;Laviano;065063;Laviano;065;Salerno;15;Campania
15;Campania;065;Salerno;065064;Lustra;065064;Lustra;065;Salerno;15;Campania
15;Campania;065;Salerno;065065;Magliano Vetere;065065;Magliano Vetere;065;Salerno;15;Campania
15;Campania;065;Salerno;065066;Maiori;065066;Maiori;065;Salerno;15;Campania
15;Campania;065;Salerno;065067;Mercato San Severino;065067;Mercato San Severino;065;Salerno;15;Campania
15;Campania;065;Salerno;065068;Minori;065068;Minori;065;Salerno;15;Campania
15;Campania;065;Salerno;065069;Moio della Civitella;065069;Moio della Civitella;065;Salerno;15;Campania
15;Campania;065;Salerno;065070;Montano Antilia;065070;Montano Antilia;065;Salerno;15;Campania
15;Campania;065;Salerno;065071;Montecorice;065071;Montecorice;065;Salerno;15;Campania
15;Campania;065;Salerno;065072;Montecorvino Pugliano;065072;Montecorvino Pugliano;065;Salerno;15;Campania
15;Campania;065;Salerno;065073;Montecorvino Rovella;065073;Montecorvino Rovella;065;Salerno;15;Campania
15;Campania;065;Salerno;065074;Monteforte Cilento;065074;Monteforte Cilento;065;Salerno;15;Campania
15;Campania;065;Salerno;065075;Monte San Giacomo;065075;Monte San Giacomo;065;Salerno;15;Campania
15;Campania;065;Salerno;065076;Montesano sulla Marcellana;065076;Montesano sulla Marcellana;065;Salerno;15;Campania
15;Campania;065;Salerno;065077;Morigerati;065077;Morigerati;065;Salerno;15;Campania
15;Campania;065;Salerno;065078;Nocera Inferiore;065078;Nocera Inferiore;065;Salerno;15;Campania
15;Campania;065;Salerno;065079;Nocera Superiore;065079;Nocera Superiore;065;Salerno;15;Campania
15;Campania;065;Salerno;065080;Novi Velia;065080;Novi Velia;065;Salerno;15;Campania
15;Campania;065;Salerno;065081;Ogliastro Cilento;065081;Ogliastro Cilento;065;Salerno;15;Campania
15;Campania;065;Salerno;065082;Olevano sul Tusciano;065082;Olevano sul Tusciano;065;Salerno;15;Campania
15;Campania;065;Salerno;065083;Oliveto Citra;065083;Oliveto Citra;065;Salerno;15;Campania
15;Campania;065;Salerno;065084;Omignano;065084;Omignano;065;Salerno;15;Campania
15;Campania;065;Salerno;065085;Orria;065085;Orria;065;Salerno;15;Campania
15;Campania;065;Salerno;065086;Ottati;065086;Ottati;065;Salerno;15;Campania
15;Campania;065;Salerno;065087;Padula;065087;Padula;065;Salerno;15;Campania
15;Campania;065;Salerno;065088;Pagani;065088;Pagani;065;Salerno;15;Campania
15;Campania;065;Salerno;065089;Palomonte;065089;Palomonte;065;Salerno;15;Campania
15;Campania;065;Salerno;065090;Pellezzano;065090;Pellezzano;065;Salerno;15;Campania
15;Campania;065;Salerno;065091;Perdifumo;065091;Perdifumo;065;Salerno;15;Campania
15;Campania;065;Salerno;065092;Perito;065092;Perito;065;Salerno;15;Campania
15;Campania;065;Salerno;065093;Pertosa;065093;Pertosa;065;Salerno;15;Campania
15;Campania;065;Salerno;065094;Petina;065094;Petina;065;Salerno;15;Campania
15;Campania;065;Salerno;065095;Piaggine;065095;Piaggine;065;Salerno;15;Campania
15;Campania;065;Salerno;065096;Pisciotta;065096;Pisciotta;065;Salerno;15;Campania
15;Campania;065;Salerno;065097;Polla;065097;Polla;065;Salerno;15;Campania
15;Campania;065;Salerno;065098;Pollica;065098;Pollica;065;Salerno;15;Campania
15;Campania;065;Salerno;065099;Pontecagnano Faiano;065099;Pontecagnano Faiano;065;Salerno;15;Campania
15;Campania;065;Salerno;065100;Positano;065100;Positano;065;Salerno;15;Campania
15;Campania;065;Salerno;065101;Postiglione;065101;Postiglione;065;Salerno;15;Campania
15;Campania;065;Salerno;065102;Praiano;065102;Praiano;065;Salerno;15;Campania
15;Campania;065;Salerno;065103;Prignano Cilento;065103;Prignano Cilento;065;Salerno;15;Campania
15;Campania;065;Salerno;065104;Ravello;065104;Ravello;065;Salerno;15;Campania
15;Campania;065;Salerno;065105;Ricigliano;065105;Ricigliano;065;Salerno;15;Campania
15;Campania;065;Salerno;065106;Roccadaspide;065106;Roccadaspide;065;Salerno;15;Campania
15;Campania;065;Salerno;065107;Roccagloriosa;065107;Roccagloriosa;065;Salerno;15;Campania
15;Campania;065;Salerno;065108;Roccapiemonte;065108;Roccapiemonte;065;Salerno;15;Campania
15;Campania;065;Salerno;065109;Rofrano;065109;Rofrano;065;Salerno;15;Campania
15;Campania;065;Salerno;065110;Romagnano al Monte;065110;Romagnano al Monte;065;Salerno;15;Campania
15;Campania;065;Salerno;065111;Roscigno;065111;Roscigno;065;Salerno;15;Campania
15;Campania;065;Salerno;065112;Rutino;065112;Rutino;065;Salerno;15;Campania
15;Campania;065;Salerno;065113;Sacco;065113;Sacco;065;Salerno;15;Campania
15;Campania;065;Salerno;065114;Sala Consilina;065114;Sala Consilina;065;Salerno;15;Campania
15;Campania;065;Salerno;065115;Salento;065115;Salento;065;Salerno;15;Campania
15;Campania;065;Salerno;065116;Salerno;065116;Salerno;065;Salerno;15;Campania
15;Campania;065;Salerno;065117;Salvitelle;065117;Salvitelle;065;Salerno;15;Campania
15;Campania;065;Salerno;065118;San Cipriano Picentino;065118;San Cipriano Picentino;065;Salerno;15;Campania
15;Campania;065;Salerno;065119;San Giovanni a Piro;065119;San Giovanni a Piro;065;Salerno;15;Campania
15;Campania;065;Salerno;065120;San Gregorio Magno;065120;San Gregorio Magno;065;Salerno;15;Campania
15;Campania;065;Salerno;065121;San Mango Piemonte;065121;San Mango Piemonte;065;Salerno;15;Campania
15;Campania;065;Salerno;065122;San Marzano sul Sarno;065122;San Marzano sul Sarno;065;Salerno;15;Campania
15;Campania;065;Salerno;065123;San Mauro Cilento;065123;San Mauro Cilento;065;Salerno;15;Campania
15;Campania;065;Salerno;065124;San Mauro la Bruca;065124;San Mauro la Bruca;065;Salerno;15;Campania
15;Campania;065;Salerno;065125;San Pietro al Tanagro;065125;San Pietro al Tanagro;065;Salerno;15;Campania
15;Campania;065;Salerno;065126;San Rufo;065126;San Rufo;065;Salerno;15;Campania
15;Campania;065;Salerno;065127;Santa Marina;065127;Santa Marina;065;Salerno;15;Campania
15;Campania;065;Salerno;065128;Sant'Angelo a Fasanella;065128;Sant'Angelo a Fasanella;065;Salerno;15;Campania
15;Campania;065;Salerno;065129;Sant'Arsenio;065129;Sant'Arsenio;065;Salerno;15;Campania
15;Campania;065;Salerno;065130;Sant'Egidio del Monte Albino;065130;Sant'Egidio del Monte Albino;065;Salerno;15;Campania
15;Campania;065;Salerno;065131;Santomenna;065131;Santomenna;065;Salerno;15;Campania
15;Campania;065;Salerno;065132;San Valentino Torio;065132;San Valentino Torio;065;Salerno;15;Campania
15;Campania;065;Salerno;065133;Sanza;065133;Sanza;065;Salerno;15;Campania
15;Campania;065;Salerno;065134;Sapri;065134;Sapri;065;Salerno;15;Campania
15;Campania;065;Salerno;065135;Sarno;065135;Sarno;065;Salerno;15;Campania
15;Campania;065;Salerno;065136;Sassano;065136;Sassano;065;Salerno;15;Campania
15;Campania;065;Salerno;065137;Scafati;065137;Scafati;065;Salerno;15;Campania
15;Campania;065;Salerno;065138;Scala;065138;Scala;065;Salerno;15;Campania
15;Campania;065;Salerno;065139;Serramezzana;065139;Serramezzana;065;Salerno;15;Campania
15;Campania;065;Salerno;065140;Serre;065140;Serre;065;Salerno;15;Campania
15;Campania;065;Salerno;065141;Sessa Cilento;065141;Sessa Cilento;065;Salerno;15;Campania
15;Campania;065;Salerno;065142;Siano;065142;Siano;065;Salerno;15;Campania
15;Campania;065;Salerno;065143;Sicignano degli Alburni;065143;Sicignano degli Alburni;065;Salerno;15;Campania
15;Campania;065;Salerno;065144;Stella Cilento;065144;Stella Cilento;065;Salerno;15;Campania
15;Campania;065;Salerno;065145;Stio;065145;Stio;065;Salerno;15;Campania
15;Campania;065;Salerno;065146;Teggiano;065146;Teggiano;065;Salerno;15;Campania
15;Campania;065;Salerno;065147;Torchiara;065147;Torchiara;065;Salerno;15;Campania
15;Campania;065;Salerno;065148;Torraca;065148;Torraca;065;Salerno;15;Campania
15;Campania;065;Salerno;065149;Torre Orsaia;065149;Torre Orsaia;065;Salerno;15;Campania
15;Campania;065;Salerno;065150;Tortorella;065150;Tortorella;065;Salerno;15;Campania
15;Campania;065;Salerno;065151;Tramonti;065151;Tramonti;065;Salerno;15;Campania
15;Campania;065;Salerno;065152;Trentinara;065152;Trentinara;065;Salerno;15;Campania
15;Campania;065;Salerno;065153;Valle dell'Angelo;065153;Valle dell'Angelo;065;Salerno;15;Campania
15;Campania;065;Salerno;065154;Vallo della Lucania;065154;Vallo della Lucania;065;Salerno;15;Campania
15;Campania;065;Salerno;065155;Valva;065155;Valva;065;Salerno;15;Campania
15;Campania;065;Salerno;065156;Vibonati;065156;Vibonati;065;Salerno;15;Campania
15;Campania;065;Salerno;065157;Vietri sul Mare;065157;Vietri sul Mare;065;Salerno;15;Campania
15;Campania;065;Salerno;065158;Bellizzi;065158;Bellizzi;065;Salerno;15;Campania
13;Abruzzo;066;L'Aquila;066001;Acciano;066001;Acciano;066;L'Aquila;13;Abruzzo
13;Abruzzo;066;L'Aquila;066002;Aielli;066002;Aielli;066;L'Aquila;13;Abruzzo
13;Abruzzo;066;L'Aquila;066003;Alfedena;066003;Alfedena;066;L'Aquila;13;Abruzzo
13;Abruzzo;066;L'Aquila;066004;Anversa degli Abruzzi;066004;Anversa degli Abruzzi;066;L'Aquila;13;Abruzzo
13;Abruzzo;066;L'Aquila;066005;Ateleta;066005;Ateleta;066;L'Aquila;13;Abruzzo
13;Abruzzo;066;L'Aquila;066006;Avezzano;066006;Avezzano;066;L'Aquila;13;Abruzzo
13;Abruzzo;066;L'Aquila;066007;Balsorano;066007;Balsorano;066;L'Aquila;13;Abruzzo
13;Abruzzo;066;L'Aquila;066008;Barete;066008;Barete;066;L'Aquila;13;Abruzzo
13;Abruzzo;066;L'Aquila;066009;Barisciano;066009;Barisciano;066;L'Aquila;13;Abruzzo
13;Abruzzo;066;L'Aquila;066010;Barrea;066010;Barrea;066;L'Aquila;13;Abruzzo
13;Abruzzo;066;L'Aquila;066011;Bisegna;066011;Bisegna;066;L'Aquila;13;Abruzzo
13;Abruzzo;066;L'Aquila;066012;Bugnara;066012;Bugnara;066;L'Aquila;13;Abruzzo
13;Abruzzo;066;L'Aquila;066013;Cagnano Amiterno;066013;Cagnano Amiterno;066;L'Aquila;13;Abruzzo
13;Abruzzo;066;L'Aquila;066014;Calascio;066014;Calascio;066;L'Aquila;13;Abruzzo
13;Abruzzo;066;L'Aquila;066015;Campo di Giove;066015;Campo di Giove;066;L'Aquila;13;Abruzzo
13;Abruzzo;066;L'Aquila;066016;Campotosto;066016;Campotosto;066;L'Aquila;13;Abruzzo
13;Abruzzo;066;L'Aquila;066017;Canistro;066017;Canistro;066;L'Aquila;13;Abruzzo
13;Abruzzo;066;L'Aquila;066018;Cansano;066018;Cansano;066;L'Aquila;13;Abruzzo
13;Abruzzo;066;L'Aquila;066019;Capestrano;066019;Capestrano;066;L'Aquila;13;Abruzzo
13;Abruzzo;066;L'Aquila;066020;Capistrello;066020;Capistrello;066;L'Aquila;13;Abruzzo
13;Abruzzo;066;L'Aquila;066021;Capitignano;066021;Capitignano;066;L'Aquila;13;Abruzzo
13;Abruzzo;066;L'Aquila;066022;Caporciano;066022;Caporciano;066;L'Aquila;13;Abruzzo
13;Abruzzo;066;L'Aquila;066023;Cappadocia;066023;Cappadocia;066;L'Aquila;13;Abruzzo
13;Abruzzo;066;L'Aquila;066024;Carapelle Calvisio;066024;Carapelle Calvisio;066;L'Aquila;13;Abruzzo
13;Abruzzo;066;L'Aquila;066025;Carsoli;066025;Carsoli;066;L'Aquila;13;Abruzzo
13;Abruzzo;066;L'Aquila;066026;Castel del Monte;066026;Castel del Monte;066;L'Aquila;13;Abruzzo
13;Abruzzo;066;L'Aquila;066027;Castel di Ieri;066027;Castel di Ieri;066;L'Aquila;13;Abruzzo
13;Abruzzo;066;L'Aquila;066028;Castel di Sangro;066028;Castel di Sangro;066;L'Aquila;13;Abruzzo
13;Abruzzo;066;L'Aquila;066029;Castellafiume;066029;Castellafiume;066;L'Aquila;13;Abruzzo
13;Abruzzo;066;L'Aquila;066030;Castelvecchio Calvisio;066030;Castelvecchio Calvisio;066;L'Aquila;13;Abruzzo
13;Abruzzo;066;L'Aquila;066031;Castelvecchio Subequo;066031;Castelvecchio Subequo;066;L'Aquila;13;Abruzzo
13;Abruzzo;066;L'Aquila;066032;Celano;066032;Celano;066;L'Aquila;13;Abruzzo
13;Abruzzo;066;L'Aquila;066033;Cerchio;066033;Cerchio;066;L'Aquila;13;Abruzzo
13;Abruzzo;066;L'Aquila;066034;Civita d'Antino;066034;Civita d'Antino;066;L'Aquila;13;Abruzzo
13;Abruzzo;066;L'Aquila;066035;Civitella Alfedena;066035;Civitella Alfedena;066;L'Aquila;13;Abruzzo
13;Abruzzo;066;L'Aquila;066036;Civitella Roveto;066036;Civitella Roveto;066;L'Aquila;13;Abruzzo
13;Abruzzo;066;L'Aquila;066037;Cocullo;066037;Cocullo;066;L'Aquila;13;Abruzzo
13;Abruzzo;066;L'Aquila;066038;Collarmele;066038;Collarmele;066;L'Aquila;13;Abruzzo
13;Abruzzo;066;L'Aquila;066039;Collelongo;066039;Collelongo;066;L'Aquila;13;Abruzzo
13;Abruzzo;066;L'Aquila;066040;Collepietro;066040;Collepietro;066;L'Aquila;13;Abruzzo
13;Abruzzo;066;L'Aquila;066041;Corfinio;066041;Corfinio;066;L'Aquila;13;Abruzzo
13;Abruzzo;066;L'Aquila;066042;Fagnano Alto;066042;Fagnano Alto;066;L'Aquila;13;Abruzzo
13;Abruzzo;066;L'Aquila;066043;Fontecchio;066043;Fontecchio;066;L'Aquila;13;Abruzzo
13;Abruzzo;066;L'Aquila;066044;Fossa;066044;Fossa;066;L'Aquila;13;Abruzzo
13;Abruzzo;066;L'Aquila;066045;Gagliano Aterno;066045;Gagliano Aterno;066;L'Aquila;13;Abruzzo
13;Abruzzo;066;L'Aquila;066046;Gioia dei Marsi;066046;Gioia dei Marsi;066;L'Aquila;13;Abruzzo
13;Abruzzo;066;L'Aquila;066047;Goriano Sicoli;066047;Goriano Sicoli;066;L'Aquila;13;Abruzzo
13;Abruzzo;066;L'Aquila;066048;Introdacqua;066048;Introdacqua;066;L'Aquila;13;Abruzzo
13;Abruzzo;066;L'Aquila;066049;L'Aquila;066049;L'Aquila;066;L'Aquila;13;Abruzzo
13;Abruzzo;066;L'Aquila;066050;Lecce nei Marsi;066050;Lecce nei Marsi;066;L'Aquila;13;Abruzzo
13;Abruzzo;066;L'Aquila;066051;Luco dei Marsi;066051;Luco dei Marsi;066;L'Aquila;13;Abruzzo
13;Abruzzo;066;L'Aquila;066052;Lucoli;066052;Lucoli;066;L'Aquila;13;Abruzzo
13;Abruzzo;066;L'Aquila;066053;Magliano de' Marsi;066053;Magliano de' Marsi;066;L'Aquila;13;Abruzzo
13;Abruzzo;066;L'Aquila;066054;Massa d'Albe;066054;Massa d'Albe;066;L'Aquila;13;Abruzzo
13;Abruzzo;066;L'Aquila;066055;Molina Aterno;066055;Molina Aterno;066;L'Aquila;13;Abruzzo
13;Abruzzo;066;L'Aquila;066056;Montereale;066056;Montereale;066;L'Aquila;13;Abruzzo
13;Abruzzo;066;L'Aquila;066057;Morino;066057;Morino;066;L'Aquila;13;Abruzzo
13;Abruzzo;066;L'Aquila;066058;Navelli;066058;Navelli;066;L'Aquila;13;Abruzzo
13;Abruzzo;066;L'Aquila;066059;Ocre;066059;Ocre;066;L'Aquila;13;Abruzzo
13;Abruzzo;066;L'Aquila;066060;Ofena;066060;Ofena;066;L'Aquila;13;Abruzzo
13;Abruzzo;066;L'Aquila;066061;Opi;066061;Opi;066;L'Aquila;13;Abruzzo
13;Abruzzo;066;L'Aquila;066062;Oricola;066062;Oricola;066;L'Aquila;13;Abruzzo
13;Abruzzo;066;L'Aquila;066063;Ortona dei Marsi;066063;Ortona dei Marsi;066;L'Aquila;13;Abruzzo
13;Abruzzo;066;L'Aquila;066064;Ortucchio;066064;Ortucchio;066;L'Aquila;13;Abruzzo
13;Abruzzo;066;L'Aquila;066065;Ovindoli;066065;Ovindoli;066;L'Aquila;13;Abruzzo
13;Abruzzo;066;L'Aquila;066066;Pacentro;066066;Pacentro;066;L'Aquila;13;Abruzzo
13;Abruzzo;066;L'Aquila;066067;Pereto;066067;Pereto;066;L'Aquila;13;Abruzzo
13;Abruzzo;066;L'Aquila;066068;Pescasseroli;066068;Pescasseroli;066;L'Aquila;13;Abruzzo
13;Abruzzo;066;L'Aquila;066069;Pescina;066069;Pescina;066;L'Aquila;13;Abruzzo
13;Abruzzo;066;L'Aquila;066070;Pescocostanzo;066070;Pescocostanzo;066;L'Aquila;13;Abruzzo
13;Abruzzo;066;L'Aquila;066071;Pettorano sul Gizio;066071;Pettorano sul Gizio;066;L'Aquila;13;Abruzzo
13;Abruzzo;066;L'Aquila;066072;Pizzoli;066072;Pizzoli;066;L'Aquila;13;Abruzzo
13;Abruzzo;066;L'Aquila;066073;Poggio Picenze;066073;Poggio Picenze;066;L'Aquila;13;Abruzzo
13;Abruzzo;066;L'Aquila;066074;Prata d'Ansidonia;066074;Prata d'Ansidonia;066;L'Aquila;13;Abruzzo
13;Abruzzo;066;L'Aquila;066075;Pratola Peligna;066075;Pratola Peligna;066;L'Aquila;13;Abruzzo
13;Abruzzo;066;L'Aquila;066076;Prezza;066076;Prezza;066;L'Aquila;13;Abruzzo
13;Abruzzo;066;L'Aquila;066077;Raiano;066077;Raiano;066;L'Aquila;13;Abruzzo
13;Abruzzo;066;L'Aquila;066078;Rivisondoli;066078;Rivisondoli;066;L'Aquila;13;Abruzzo
13;Abruzzo;066;L'Aquila;066079;Roccacasale;066079;Roccacasale;066;L'Aquila;13;Abruzzo
13;Abruzzo;066;L'Aquila;066080;Rocca di Botte;066080;Rocca di Botte;066;L'Aquila;13;Abruzzo
13;Abruzzo;066;L'Aquila;066081;Rocca di Cambio;066081;Rocca di Cambio;066;L'Aquila;13;Abruzzo
13;Abruzzo;066;L'Aquila;066082;Rocca di Mezzo;066082;Rocca di Mezzo;066;L'Aquila;13;Abruzzo
13;Abruzzo;066;L'Aquila;066083;Rocca Pia;066083;Rocca Pia;066;L'Aquila;13;Abruzzo
13;Abruzzo;066;L'Aquila;066084;Roccaraso;066084;Roccaraso;066;L'Aquila;13;Abruzzo
13;Abruzzo;066;L'Aquila;066085;San Benedetto dei Marsi;066085;San Benedetto dei Marsi;066;L'Aquila;13;Abruzzo
13;Abruzzo;066;L'Aquila;066086;San Benedetto in Perillis;066086;San Benedetto in Perillis;066;L'Aquila;13;Abruzzo
13;Abruzzo;066;L'Aquila;066087;San Demetrio ne' Vestini;066087;San Demetrio ne' Vestini;066;L'Aquila;13;Abruzzo
13;Abruzzo;066;L'Aquila;066088;San Pio delle Camere;066088;San Pio delle Camere;066;L'Aquila;13;Abruzzo
13;Abruzzo;066;L'Aquila;066089;Sante Marie;066089;Sante Marie;066;L'Aquila;13;Abruzzo
13;Abruzzo;066;L'Aquila;066090;Sant'Eusanio Forconese;066090;Sant'Eusanio Forconese;066;L'Aquila;13;Abruzzo
13;Abruzzo;066;L'Aquila;066091;Santo Stefano di Sessanio;066091;Santo Stefano di Sessanio;066;L'Aquila;13;Abruzzo
13;Abruzzo;066;L'Aquila;066092;San Vincenzo Valle Roveto;066092;San Vincenzo Valle Roveto;066;L'Aquila;13;Abruzzo
13;Abruzzo;066;L'Aquila;066093;Scanno;066093;Scanno;066;L'Aquila;13;Abruzzo
13;Abruzzo;066;L'Aquila;066094;Scontrone;066094;Scontrone;066;L'Aquila;13;Abruzzo
13;Abruzzo;066;L'Aquila;066095;Scoppito;066095;Scoppito;066;L'Aquila;13;Abruzzo
13;Abruzzo;066;L'Aquila;066096;Scurcola Marsicana;066096;Scurcola Marsicana;066;L'Aquila;13;Abruzzo
13;Abruzzo;066;L'Aquila;066097;Secinaro;066097;Secinaro;066;L'Aquila;13;Abruzzo
13;Abruzzo;066;L'Aquila;066098;Sulmona;066098;Sulmona;066;L'Aquila;13;Abruzzo
13;Abruzzo;066;L'Aquila;066099;Tagliacozzo;066099;Tagliacozzo;066;L'Aquila;13;Abruzzo
13;Abruzzo;066;L'Aquila;066100;Tione degli Abruzzi;066100;Tione degli Abruzzi;066;L'Aquila;13;Abruzzo
13;Abruzzo;066;L'Aquila;066101;Tornimparte;066101;Tornimparte;066;L'Aquila;13;Abruzzo
13;Abruzzo;066;L'Aquila;066102;Trasacco;066102;Trasacco;066;L'Aquila;13;Abruzzo
13;Abruzzo;066;L'Aquila;066103;Villalago;066103;Villalago;066;L'Aquila;13;Abruzzo
13;Abruzzo;066;L'Aquila;066104;Villa Santa Lucia degli Abruzzi;066104;Villa Santa Lucia degli Abruzzi;066;L'Aquila;13;Abruzzo
13;Abruzzo;066;L'Aquila;066105;Villa Sant'Angelo;066105;Villa Sant'Angelo;066;L'Aquila;13;Abruzzo
13;Abruzzo;066;L'Aquila;066106;Villavallelonga;066106;Villavallelonga;066;L'Aquila;13;Abruzzo
13;Abruzzo;066;L'Aquila;066107;Villetta Barrea;066107;Villetta Barrea;066;L'Aquila;13;Abruzzo
13;Abruzzo;066;L'Aquila;066108;Vittorito;066108;Vittorito;066;L'Aquila;13;Abruzzo
13;Abruzzo;067;Teramo;067001;Alba Adriatica;067001;Alba Adriatica;067;Teramo;13;Abruzzo
13;Abruzzo;067;Teramo;067002;Ancarano;067002;Ancarano;067;Teramo;13;Abruzzo
13;Abruzzo;067;Teramo;067003;Arsita;067003;Arsita;067;Teramo;13;Abruzzo
13;Abruzzo;067;Teramo;067004;Atri;067004;Atri;067;Teramo;13;Abruzzo
13;Abruzzo;067;Teramo;067005;Basciano;067005;Basciano;067;Teramo;13;Abruzzo
13;Abruzzo;067;Teramo;067006;Bellante;067006;Bellante;067;Teramo;13;Abruzzo
13;Abruzzo;067;Teramo;067007;Bisenti;067007;Bisenti;067;Teramo;13;Abruzzo
13;Abruzzo;067;Teramo;067008;Campli;067008;Campli;067;Teramo;13;Abruzzo
13;Abruzzo;067;Teramo;067009;Canzano;067009;Canzano;067;Teramo;13;Abruzzo
13;Abruzzo;067;Teramo;067010;Castel Castagna;067010;Castel Castagna;067;Teramo;13;Abruzzo
13;Abruzzo;067;Teramo;067011;Castellalto;067011;Castellalto;067;Teramo;13;Abruzzo
13;Abruzzo;067;Teramo;067012;Castelli;067012;Castelli;067;Teramo;13;Abruzzo
13;Abruzzo;067;Teramo;067013;Castiglione Messer Raimondo;067013;Castiglione Messer Raimondo;067;Teramo;13;Abruzzo
13;Abruzzo;067;Teramo;067014;Castilenti;067014;Castilenti;067;Teramo;13;Abruzzo
13;Abruzzo;067;Teramo;067015;Cellino Attanasio;067015;Cellino Attanasio;067;Teramo;13;Abruzzo
13;Abruzzo;067;Teramo;067016;Cermignano;067016;Cermignano;067;Teramo;13;Abruzzo
13;Abruzzo;067;Teramo;067017;Civitella del Tronto;067017;Civitella del Tronto;067;Teramo;13;Abruzzo
13;Abruzzo;067;Teramo;067018;Colledara;067018;Colledara;067;Teramo;13;Abruzzo
13;Abruzzo;067;Teramo;067019;Colonnella;067019;Colonnella;067;Teramo;13;Abruzzo
13;Abruzzo;067;Teramo;067020;Controguerra;067020;Controguerra;067;Teramo;13;Abruzzo
13;Abruzzo;067;Teramo;067021;Corropoli;067021;Corropoli;067;Teramo;13;Abruzzo
13;Abruzzo;067;Teramo;067022;Cortino;067022;Cortino;067;Teramo;13;Abruzzo
13;Abruzzo;067;Teramo;067023;Crognaleto;067023;Crognaleto;067;Teramo;13;Abruzzo
13;Abruzzo;067;Teramo;067024;Fano Adriano;067024;Fano Adriano;067;Teramo;13;Abruzzo
13;Abruzzo;067;Teramo;067025;Giulianova;067025;Giulianova;067;Teramo;13;Abruzzo
13;Abruzzo;067;Teramo;067026;Isola del Gran Sasso d'Italia;067026;Isola del Gran Sasso d'Italia;067;Teramo;13;Abruzzo
13;Abruzzo;067;Teramo;067027;Montefino;067027;Montefino;067;Teramo;13;Abruzzo
13;Abruzzo;067;Teramo;067028;Montorio al Vomano;067028;Montorio al Vomano;067;Teramo;13;Abruzzo
13;Abruzzo;067;Teramo;067029;Morro d'Oro;067029;Morro d'Oro;067;Teramo;13;Abruzzo
13;Abruzzo;067;Teramo;067030;Mosciano Sant'Angelo;067030;Mosciano Sant'Angelo;067;Teramo;13;Abruzzo
13;Abruzzo;067;Teramo;067031;Nereto;067031;Nereto;067;Teramo;13;Abruzzo
13;Abruzzo;067;Teramo;067032;Notaresco;067032;Notaresco;067;Teramo;13;Abruzzo
13;Abruzzo;067;Teramo;067033;Penna Sant'Andrea;067033;Penna Sant'Andrea;067;Teramo;13;Abruzzo
13;Abruzzo;067;Teramo;067034;Pietracamela;067034;Pietracamela;067;Teramo;13;Abruzzo
13;Abruzzo;067;Teramo;067035;Pineto;067035;Pineto;067;Teramo;13;Abruzzo
13;Abruzzo;067;Teramo;067036;Rocca Santa Maria;067036;Rocca Santa Maria;067;Teramo;13;Abruzzo
13;Abruzzo;067;Teramo;067037;Roseto degli Abruzzi;067037;Roseto degli Abruzzi;067;Teramo;13;Abruzzo
13;Abruzzo;067;Teramo;067038;Sant'Egidio alla Vibrata;067038;Sant'Egidio alla Vibrata;067;Teramo;13;Abruzzo
13;Abruzzo;067;Teramo;067039;Sant'Omero;067039;Sant'Omero;067;Teramo;13;Abruzzo
13;Abruzzo;067;Teramo;067040;Silvi;067040;Silvi;067;Teramo;13;Abruzzo
13;Abruzzo;067;Teramo;067041;Teramo;067041;Teramo;067;Teramo;13;Abruzzo
13;Abruzzo;067;Teramo;067042;Torano Nuovo;067042;Torano Nuovo;067;Teramo;13;Abruzzo
13;Abruzzo;067;Teramo;067043;Torricella Sicura;067043;Torricella Sicura;067;Teramo;13;Abruzzo
13;Abruzzo;067;Teramo;067044;Tortoreto;067044;Tortoreto;067;Teramo;13;Abruzzo
13;Abruzzo;067;Teramo;067045;Tossicia;067045;Tossicia;067;Teramo;13;Abruzzo
13;Abruzzo;067;Teramo;067046;Valle Castellana;067046;Valle Castellana;067;Teramo;13;Abruzzo
13;Abruzzo;067;Teramo;067047;Martinsicuro;067047;Martinsicuro;067;Teramo;13;Abruzzo
13;Abruzzo;068;Pescara;068001;Abbateggio;068001;Abbateggio;068;Pescara;13;Abruzzo
13;Abruzzo;068;Pescara;068002;Alanno;068002;Alanno;068;Pescara;13;Abruzzo
13;Abruzzo;068;Pescara;068003;Bolognano;068003;Bolognano;068;Pescara;13;Abruzzo
13;Abruzzo;068;Pescara;068004;Brittoli;068004;Brittoli;068;Pescara;13;Abruzzo
13;Abruzzo;068;Pescara;068005;Bussi sul Tirino;068005;Bussi sul Tirino;068;Pescara;13;Abruzzo
13;Abruzzo;068;Pescara;068006;Cappelle sul Tavo;068006;Cappelle sul Tavo;068;Pescara;13;Abruzzo
13;Abruzzo;068;Pescara;068007;Caramanico Terme;068007;Caramanico Terme;068;Pescara;13;Abruzzo
13;Abruzzo;068;Pescara;068008;Carpineto della Nora;068008;Carpineto della Nora;068;Pescara;13;Abruzzo
13;Abruzzo;068;Pescara;068009;Castiglione a Casauria;068009;Castiglione a Casauria;068;Pescara;13;Abruzzo
13;Abruzzo;068;Pescara;068010;Catignano;068010;Catignano;068;Pescara;13;Abruzzo
13;Abruzzo;068;Pescara;068011;Cepagatti;068011;Cepagatti;068;Pescara;13;Abruzzo
13;Abruzzo;068;Pescara;068012;Città Sant'Angelo;068012;Città Sant'Angelo;068;Pescara;13;Abruzzo
13;Abruzzo;068;Pescara;068013;Civitaquana;068013;Civitaquana;068;Pescara;13;Abruzzo
13;Abruzzo;068;Pescara;068014;Civitella Casanova;068014;Civitella Casanova;068;Pescara;13;Abruzzo
13;Abruzzo;068;Pescara;068015;Collecorvino;068015;Collecorvino;068;Pescara;13;Abruzzo
13;Abruzzo;068;Pescara;068016;Corvara;068016;Corvara;068;Pescara;13;Abruzzo
13;Abruzzo;068;Pescara;068017;Cugnoli;068017;Cugnoli;068;Pescara;13;Abruzzo
13;Abruzzo;068;Pescara;068018;Elice;068018;Elice;068;Pescara;13;Abruzzo
13;Abruzzo;068;Pescara;068019;Farindola;068019;Farindola;068;Pescara;13;Abruzzo
13;Abruzzo;068;Pescara;068020;Lettomanoppello;068020;Lettomanoppello;068;Pescara;13;Abruzzo
13;Abruzzo;068;Pescara;068021;Loreto Aprutino;068021;Loreto Aprutino;068;Pescara;13;Abruzzo
13;Abruzzo;068;Pescara;068022;Manoppello;068022;Manoppello;068;Pescara;13;Abruzzo
13;Abruzzo;068;Pescara;068023;Montebello di Bertona;068023;Montebello di Bertona;068;Pescara;13;Abruzzo
13;Abruzzo;068;Pescara;068024;Montesilvano;068024;Montesilvano;068;Pescara;13;Abruzzo
13;Abruzzo;068;Pescara;068025;Moscufo;068025;Moscufo;068;Pescara;13;Abruzzo
13;Abruzzo;068;Pescara;068026;Nocciano;068026;Nocciano;068;Pescara;13;Abruzzo
13;Abruzzo;068;Pescara;068027;Penne;068027;Penne;068;Pescara;13;Abruzzo
13;Abruzzo;068;Pescara;068028;Pescara;068028;Pescara;068;Pescara;13;Abruzzo
13;Abruzzo;068;Pescara;068029;Pescosansonesco;068029;Pescosansonesco;068;Pescara;13;Abruzzo
13;Abruzzo;068;Pescara;068030;Pianella;068030;Pianella;068;Pescara;13;Abruzzo
13;Abruzzo;068;Pescara;068031;Picciano;068031;Picciano;068;Pescara;13;Abruzzo
13;Abruzzo;068;Pescara;068032;Pietranico;068032;Pietranico;068;Pescara;13;Abruzzo
13;Abruzzo;068;Pescara;068033;Popoli;068033;Popoli;068;Pescara;13;Abruzzo
13;Abruzzo;068;Pescara;068034;Roccamorice;068034;Roccamorice;068;Pescara;13;Abruzzo
13;Abruzzo;068;Pescara;068035;Rosciano;068035;Rosciano;068;Pescara;13;Abruzzo
13;Abruzzo;068;Pescara;068036;Salle;068036;Salle;068;Pescara;13;Abruzzo
13;Abruzzo;068;Pescara;068037;Sant'Eufemia a Maiella;068037;Sant'Eufemia a Maiella;068;Pescara;13;Abruzzo
13;Abruzzo;068;Pescara;068038;San Valentino in Abruzzo Citeriore;068038;San Valentino in Abruzzo Citeriore;068;Pescara;13;Abruzzo
13;Abruzzo;068;Pescara;068039;Scafa;068039;Scafa;068;Pescara;13;Abruzzo
13;Abruzzo;068;Pescara;068040;Serramonacesca;068040;Serramonacesca;068;Pescara;13;Abruzzo
13;Abruzzo;068;Pescara;068041;Spoltore;068041;Spoltore;068;Pescara;13;Abruzzo
13;Abruzzo;068;Pescara;068042;Tocco da Casauria;068042;Tocco da Casauria;068;Pescara;13;Abruzzo
13;Abruzzo;068;Pescara;068043;Torre de' Passeri;068043;Torre de' Passeri;068;Pescara;13;Abruzzo
13;Abruzzo;068;Pescara;068044;Turrivalignani;068044;Turrivalignani;068;Pescara;13;Abruzzo
13;Abruzzo;068;Pescara;068045;Vicoli;068045;Vicoli;068;Pescara;13;Abruzzo
13;Abruzzo;068;Pescara;068046;Villa Celiera;068046;Villa Celiera;068;Pescara;13;Abruzzo
13;Abruzzo;069;Chieti;069001;Altino;069001;Altino;069;Chieti;13;Abruzzo
13;Abruzzo;069;Chieti;069002;Archi;069002;Archi;069;Chieti;13;Abruzzo
13;Abruzzo;069;Chieti;069003;Ari;069003;Ari;069;Chieti;13;Abruzzo
13;Abruzzo;069;Chieti;069004;Arielli;069004;Arielli;069;Chieti;13;Abruzzo
13;Abruzzo;069;Chieti;069005;Atessa;069005;Atessa;069;Chieti;13;Abruzzo
13;Abruzzo;069;Chieti;069006;Bomba;069006;Bomba;069;Chieti;13;Abruzzo
13;Abruzzo;069;Chieti;069007;Borrello;069007;Borrello;069;Chieti;13;Abruzzo
13;Abruzzo;069;Chieti;069008;Bucchianico;069008;Bucchianico;069;Chieti;13;Abruzzo
13;Abruzzo;069;Chieti;069009;Montebello sul Sangro;069009;Montebello sul Sangro;069;Chieti;13;Abruzzo
13;Abruzzo;069;Chieti;069010;Canosa Sannita;069010;Canosa Sannita;069;Chieti;13;Abruzzo
13;Abruzzo;069;Chieti;069011;Carpineto Sinello;069011;Carpineto Sinello;069;Chieti;13;Abruzzo
13;Abruzzo;069;Chieti;069012;Carunchio;069012;Carunchio;069;Chieti;13;Abruzzo
13;Abruzzo;069;Chieti;069013;Casacanditella;069013;Casacanditella;069;Chieti;13;Abruzzo
13;Abruzzo;069;Chieti;069014;Casalanguida;069014;Casalanguida;069;Chieti;13;Abruzzo
13;Abruzzo;069;Chieti;069015;Casalbordino;069015;Casalbordino;069;Chieti;13;Abruzzo
13;Abruzzo;069;Chieti;069016;Casalincontrada;069016;Casalincontrada;069;Chieti;13;Abruzzo
13;Abruzzo;069;Chieti;069017;Casoli;069017;Casoli;069;Chieti;13;Abruzzo
13;Abruzzo;069;Chieti;069018;Castel Frentano;069018;Castel Frentano;069;Chieti;13;Abruzzo
13;Abruzzo;069;Chieti;069019;Castelguidone;069019;Castelguidone;069;Chieti;13;Abruzzo
13;Abruzzo;069;Chieti;069020;Castiglione Messer Marino;069020;Castiglione Messer Marino;069;Chieti;13;Abruzzo
13;Abruzzo;069;Chieti;069021;Celenza sul Trigno;069021;Celenza sul Trigno;069;Chieti;13;Abruzzo
13;Abruzzo;069;Chieti;069022;Chieti;069022;Chieti;069;Chieti;13;Abruzzo
13;Abruzzo;069;Chieti;069023;Civitaluparella;069023;Civitaluparella;069;Chieti;13;Abruzzo
13;Abruzzo;069;Chieti;069024;Civitella Messer Raimondo;069024;Civitella Messer Raimondo;069;Chieti;13;Abruzzo
13;Abruzzo;069;Chieti;069025;Colledimacine;069025;Colledimacine;069;Chieti;13;Abruzzo
13;Abruzzo;069;Chieti;069026;Colledimezzo;069026;Colledimezzo;069;Chieti;13;Abruzzo
13;Abruzzo;069;Chieti;069027;Crecchio;069027;Crecchio;069;Chieti;13;Abruzzo
13;Abruzzo;069;Chieti;069028;Cupello;069028;Cupello;069;Chieti;13;Abruzzo
13;Abruzzo;069;Chieti;069029;Dogliola;069029;Dogliola;069;Chieti;13;Abruzzo
13;Abruzzo;069;Chieti;069030;Fara Filiorum Petri;069030;Fara Filiorum Petri;069;Chieti;13;Abruzzo
13;Abruzzo;069;Chieti;069031;Fara San Martino;069031;Fara San Martino;069;Chieti;13;Abruzzo
13;Abruzzo;069;Chieti;069032;Filetto;069032;Filetto;069;Chieti;13;Abruzzo
13;Abruzzo;069;Chieti;069033;Fossacesia;069033;Fossacesia;069;Chieti;13;Abruzzo
13;Abruzzo;069;Chieti;069034;Fraine;069034;Fraine;069;Chieti;13;Abruzzo
13;Abruzzo;069;Chieti;069035;Francavilla al Mare;069035;Francavilla al Mare;069;Chieti;13;Abruzzo
13;Abruzzo;069;Chieti;069036;Fresagrandinaria;069036;Fresagrandinaria;069;Chieti;13;Abruzzo
13;Abruzzo;069;Chieti;069037;Frisa;069037;Frisa;069;Chieti;13;Abruzzo
13;Abruzzo;069;Chieti;069038;Furci;069038;Furci;069;Chieti;13;Abruzzo
13;Abruzzo;069;Chieti;069039;Gamberale;069039;Gamberale;069;Chieti;13;Abruzzo
13;Abruzzo;069;Chieti;069040;Gessopalena;069040;Gessopalena;069;Chieti;13;Abruzzo
13;Abruzzo;069;Chieti;069041;Gissi;069041;Gissi;069;Chieti;13;Abruzzo
13;Abruzzo;069;Chieti;069042;Giuliano Teatino;069042;Giuliano Teatino;069;Chieti;13;Abruzzo
13;Abruzzo;069;Chieti;069043;Guardiagrele;069043;Guardiagrele;069;Chieti;13;Abruzzo
13;Abruzzo;069;Chieti;069044;Guilmi;069044;Guilmi;069;Chieti;13;Abruzzo
13;Abruzzo;069;Chieti;069045;Lama dei Peligni;069045;Lama dei Peligni;069;Chieti;13;Abruzzo
13;Abruzzo;069;Chieti;069046;Lanciano;069046;Lanciano;069;Chieti;13;Abruzzo
13;Abruzzo;069;Chieti;069047;Lentella;069047;Lentella;069;Chieti;13;Abruzzo
13;Abruzzo;069;Chieti;069048;Lettopalena;069048;Lettopalena;069;Chieti;13;Abruzzo
13;Abruzzo;069;Chieti;069049;Liscia;069049;Liscia;069;Chieti;13;Abruzzo
13;Abruzzo;069;Chieti;069050;Miglianico;069050;Miglianico;069;Chieti;13;Abruzzo
13;Abruzzo;069;Chieti;069051;Montazzoli;069051;Montazzoli;069;Chieti;13;Abruzzo
13;Abruzzo;069;Chieti;069052;Monteferrante;069052;Monteferrante;069;Chieti;13;Abruzzo
13;Abruzzo;069;Chieti;069053;Montelapiano;069053;Montelapiano;069;Chieti;13;Abruzzo
13;Abruzzo;069;Chieti;069054;Montenerodomo;069054;Montenerodomo;069;Chieti;13;Abruzzo
13;Abruzzo;069;Chieti;069055;Monteodorisio;069055;Monteodorisio;069;Chieti;13;Abruzzo
13;Abruzzo;069;Chieti;069056;Mozzagrogna;069056;Mozzagrogna;069;Chieti;13;Abruzzo
13;Abruzzo;069;Chieti;069057;Orsogna;069057;Orsogna;069;Chieti;13;Abruzzo
13;Abruzzo;069;Chieti;069058;Ortona;069058;Ortona;069;Chieti;13;Abruzzo
13;Abruzzo;069;Chieti;069059;Paglieta;069059;Paglieta;069;Chieti;13;Abruzzo
13;Abruzzo;069;Chieti;069060;Palena;069060;Palena;069;Chieti;13;Abruzzo
13;Abruzzo;069;Chieti;069061;Palmoli;069061;Palmoli;069;Chieti;13;Abruzzo
13;Abruzzo;069;Chieti;069062;Palombaro;069062;Palombaro;069;Chieti;13;Abruzzo
13;Abruzzo;069;Chieti;069063;Pennadomo;069063;Pennadomo;069;Chieti;13;Abruzzo
13;Abruzzo;069;Chieti;069064;Pennapiedimonte;069064;Pennapiedimonte;069;Chieti;13;Abruzzo
13;Abruzzo;069;Chieti;069065;Perano;069065;Perano;069;Chieti;13;Abruzzo
13;Abruzzo;069;Chieti;069066;Pizzoferrato;069066;Pizzoferrato;069;Chieti;13;Abruzzo
13;Abruzzo;069;Chieti;069067;Poggiofiorito;069067;Poggiofiorito;069;Chieti;13;Abruzzo
13;Abruzzo;069;Chieti;069068;Pollutri;069068;Pollutri;069;Chieti;13;Abruzzo
13;Abruzzo;069;Chieti;069069;Pretoro;069069;Pretoro;069;Chieti;13;Abruzzo
13;Abruzzo;069;Chieti;069070;Quadri;069070;Quadri;069;Chieti;13;Abruzzo
13;Abruzzo;069;Chieti;069071;Rapino;069071;Rapino;069;Chieti;13;Abruzzo
13;Abruzzo;069;Chieti;069072;Ripa Teatina;069072;Ripa Teatina;069;Chieti;13;Abruzzo
13;Abruzzo;069;Chieti;069073;Roccamontepiano;069073;Roccamontepiano;069;Chieti;13;Abruzzo
13;Abruzzo;069;Chieti;069074;Rocca San Giovanni;069074;Rocca San Giovanni;069;Chieti;13;Abruzzo
13;Abruzzo;069;Chieti;069075;Roccascalegna;069075;Roccascalegna;069;Chieti;13;Abruzzo
13;Abruzzo;069;Chieti;069076;Roccaspinalveti;069076;Roccaspinalveti;069;Chieti;13;Abruzzo
13;Abruzzo;069;Chieti;069077;Roio del Sangro;069077;Roio del Sangro;069;Chieti;13;Abruzzo
13;Abruzzo;069;Chieti;069078;Rosello;069078;Rosello;069;Chieti;13;Abruzzo
13;Abruzzo;069;Chieti;069079;San Buono;069079;San Buono;069;Chieti;13;Abruzzo
13;Abruzzo;069;Chieti;069080;San Giovanni Lipioni;069080;San Giovanni Lipioni;069;Chieti;13;Abruzzo
13;Abruzzo;069;Chieti;069081;San Giovanni Teatino;069081;San Giovanni Teatino;069;Chieti;13;Abruzzo
13;Abruzzo;069;Chieti;069082;San Martino sulla Marrucina;069082;San Martino sulla Marrucina;069;Chieti;13;Abruzzo
13;Abruzzo;069;Chieti;069083;San Salvo;069083;San Salvo;069;Chieti;13;Abruzzo
13;Abruzzo;069;Chieti;069084;Santa Maria Imbaro;069084;Santa Maria Imbaro;069;Chieti;13;Abruzzo
13;Abruzzo;069;Chieti;069085;Sant'Eusanio del Sangro;069085;Sant'Eusanio del Sangro;069;Chieti;13;Abruzzo
13;Abruzzo;069;Chieti;069086;San Vito Chietino;069086;San Vito Chietino;069;Chieti;13;Abruzzo
13;Abruzzo;069;Chieti;069087;Scerni;069087;Scerni;069;Chieti;13;Abruzzo
13;Abruzzo;069;Chieti;069088;Schiavi di Abruzzo;069088;Schiavi di Abruzzo;069;Chieti;13;Abruzzo
13;Abruzzo;069;Chieti;069089;Taranta Peligna;069089;Taranta Peligna;069;Chieti;13;Abruzzo
13;Abruzzo;069;Chieti;069090;Tollo;069090;Tollo;069;Chieti;13;Abruzzo
13;Abruzzo;069;Chieti;069091;Torino di Sangro;069091;Torino di Sangro;069;Chieti;13;Abruzzo
13;Abruzzo;069;Chieti;069092;Tornareccio;069092;Tornareccio;069;Chieti;13;Abruzzo
13;Abruzzo;069;Chieti;069093;Torrebruna;069093;Torrebruna;069;Chieti;13;Abruzzo
13;Abruzzo;069;Chieti;069094;Torrevecchia Teatina;069094;Torrevecchia Teatina;069;Chieti;13;Abruzzo
13;Abruzzo;069;Chieti;069095;Torricella Peligna;069095;Torricella Peligna;069;Chieti;13;Abruzzo
13;Abruzzo;069;Chieti;069096;Treglio;069096;Treglio;069;Chieti;13;Abruzzo
13;Abruzzo;069;Chieti;069097;Tufillo;069097;Tufillo;069;Chieti;13;Abruzzo
13;Abruzzo;069;Chieti;069098;Vacri;069098;Vacri;069;Chieti;13;Abruzzo
13;Abruzzo;069;Chieti;069099;Vasto;069099;Vasto;069;Chieti;13;Abruzzo
13;Abruzzo;069;Chieti;069100;Villalfonsina;069100;Villalfonsina;069;Chieti;13;Abruzzo
13;Abruzzo;069;Chieti;069101;Villamagna;069101;Villamagna;069;Chieti;13;Abruzzo
13;Abruzzo;069;Chieti;069102;Villa Santa Maria;069102;Villa Santa Maria;069;Chieti;13;Abruzzo
13;Abruzzo;069;Chieti;069103;Pietraferrazzana;069103;Pietraferrazzana;069;Chieti;13;Abruzzo
13;Abruzzo;069;Chieti;069104;Fallo;069104;Fallo;069;Chieti;13;Abruzzo
14;Molise;070;Campobasso;070001;Acquaviva Collecroce;070001;Acquaviva Collecroce;070;Campobasso;14;Molise
14;Molise;070;Campobasso;070002;Baranello;070002;Baranello;070;Campobasso;14;Molise
14;Molise;070;Campobasso;070003;Bojano;070003;Bojano;070;Campobasso;14;Molise
14;Molise;070;Campobasso;070004;Bonefro;070004;Bonefro;070;Campobasso;14;Molise
14;Molise;070;Campobasso;070005;Busso;070005;Busso;070;Campobasso;14;Molise
14;Molise;070;Campobasso;070006;Campobasso;070006;Campobasso;070;Campobasso;14;Molise
14;Molise;070;Campobasso;070007;Campochiaro;070007;Campochiaro;070;Campobasso;14;Molise
14;Molise;070;Campobasso;070008;Campodipietra;070008;Campodipietra;070;Campobasso;14;Molise
14;Molise;070;Campobasso;070009;Campolieto;070009;Campolieto;070;Campobasso;14;Molise
14;Molise;070;Campobasso;070010;Campomarino;070010;Campomarino;070;Campobasso;14;Molise
14;Molise;070;Campobasso;070011;Casacalenda;070011;Casacalenda;070;Campobasso;14;Molise
14;Molise;070;Campobasso;070012;Casalciprano;070012;Casalciprano;070;Campobasso;14;Molise
14;Molise;070;Campobasso;070013;Castelbottaccio;070013;Castelbottaccio;070;Campobasso;14;Molise
14;Molise;070;Campobasso;070014;Castellino del Biferno;070014;Castellino del Biferno;070;Campobasso;14;Molise
14;Molise;070;Campobasso;070015;Castelmauro;070015;Castelmauro;070;Campobasso;14;Molise
14;Molise;070;Campobasso;070016;Castropignano;070016;Castropignano;070;Campobasso;14;Molise
14;Molise;070;Campobasso;070017;Cercemaggiore;070017;Cercemaggiore;070;Campobasso;14;Molise
14;Molise;070;Campobasso;070018;Cercepiccola;070018;Cercepiccola;070;Campobasso;14;Molise
14;Molise;070;Campobasso;070019;Civitacampomarano;070019;Civitacampomarano;070;Campobasso;14;Molise
14;Molise;070;Campobasso;070020;Colle d'Anchise;070020;Colle d'Anchise;070;Campobasso;14;Molise
14;Molise;070;Campobasso;070021;Colletorto;070021;Colletorto;070;Campobasso;14;Molise
14;Molise;070;Campobasso;070022;Duronia;070022;Duronia;070;Campobasso;14;Molise
14;Molise;070;Campobasso;070023;Ferrazzano;070023;Ferrazzano;070;Campobasso;14;Molise
14;Molise;070;Campobasso;070024;Fossalto;070024;Fossalto;070;Campobasso;14;Molise
14;Molise;070;Campobasso;070025;Gambatesa;070025;Gambatesa;070;Campobasso;14;Molise
14;Molise;070;Campobasso;070026;Gildone;070026;Gildone;070;Campobasso;14;Molise
14;Molise;070;Campobasso;070027;Guardialfiera;070027;Guardialfiera;070;Campobasso;14;Molise
14;Molise;070;Campobasso;070028;Guardiaregia;070028;Guardiaregia;070;Campobasso;14;Molise
14;Molise;070;Campobasso;070029;Guglionesi;070029;Guglionesi;070;Campobasso;14;Molise
14;Molise;070;Campobasso;070030;Jelsi;070030;Jelsi;070;Campobasso;14;Molise
14;Molise;070;Campobasso;070031;Larino;070031;Larino;070;Campobasso;14;Molise
14;Molise;070;Campobasso;070032;Limosano;070032;Limosano;070;Campobasso;14;Molise
14;Molise;070;Campobasso;070033;Lucito;070033;Lucito;070;Campobasso;14;Molise
14;Molise;070;Campobasso;070034;Lupara;070034;Lupara;070;Campobasso;14;Molise
14;Molise;070;Campobasso;070035;Macchia Valfortore;070035;Macchia Valfortore;070;Campobasso;14;Molise
14;Molise;070;Campobasso;070036;Mafalda;070036;Mafalda;070;Campobasso;14;Molise
14;Molise;070;Campobasso;070037;Matrice;070037;Matrice;070;Campobasso;14;Molise
14;Molise;070;Campobasso;070038;Mirabello Sannitico;070038;Mirabello Sannitico;070;Campobasso;14;Molise
14;Molise;070;Campobasso;070039;Molise;070039;Molise;070;Campobasso;14;Molise
14;Molise;070;Campobasso;070040;Monacilioni;070040;Monacilioni;070;Campobasso;14;Molise
14;Molise;070;Campobasso;070041;Montagano;070041;Montagano;070;Campobasso;14;Molise
14;Molise;070;Campobasso;070042;Montecilfone;070042;Montecilfone;070;Campobasso;14;Molise
14;Molise;070;Campobasso;070043;Montefalcone nel Sannio;070043;Montefalcone nel Sannio;070;Campobasso;14;Molise
14;Molise;070;Campobasso;070044;Montelongo;070044;Montelongo;070;Campobasso;14;Molise
14;Molise;070;Campobasso;070045;Montemitro;070045;Montemitro;070;Campobasso;14;Molise
14;Molise;070;Campobasso;070046;Montenero di Bisaccia;070046;Montenero di Bisaccia;070;Campobasso;14;Molise
14;Molise;070;Campobasso;070047;Montorio nei Frentani;070047;Montorio nei Frentani;070;Campobasso;14;Molise
14;Molise;070;Campobasso;070048;Morrone del Sannio;070048;Morrone del Sannio;070;Campobasso;14;Molise
14;Molise;070;Campobasso;070049;Oratino;070049;Oratino;070;Campobasso;14;Molise
14;Molise;070;Campobasso;070050;Palata;070050;Palata;070;Campobasso;14;Molise
14;Molise;070;Campobasso;070051;Petacciato;070051;Petacciato;070;Campobasso;14;Molise
14;Molise;070;Campobasso;070052;Petrella Tifernina;070052;Petrella Tifernina;070;Campobasso;14;Molise
14;Molise;070;Campobasso;070053;Pietracatella;070053;Pietracatella;070;Campobasso;14;Molise
14;Molise;070;Campobasso;070054;Pietracupa;070054;Pietracupa;070;Campobasso;14;Molise
14;Molise;070;Campobasso;070055;Portocannone;070055;Portocannone;070;Campobasso;14;Molise
14;Molise;070;Campobasso;070056;Provvidenti;070056;Provvidenti;070;Campobasso;14;Molise
14;Molise;070;Campobasso;070057;Riccia;070057;Riccia;070;Campobasso;14;Molise
14;Molise;070;Campobasso;070058;Ripabottoni;070058;Ripabottoni;070;Campobasso;14;Molise
14;Molise;070;Campobasso;070059;Ripalimosani;070059;Ripalimosani;070;Campobasso;14;Molise
14;Molise;070;Campobasso;070060;Roccavivara;070060;Roccavivara;070;Campobasso;14;Molise
14;Molise;070;Campobasso;070061;Rotello;070061;Rotello;070;Campobasso;14;Molise
14;Molise;070;Campobasso;070062;Salcito;070062;Salcito;070;Campobasso;14;Molise
14;Molise;070;Campobasso;070063;San Biase;070063;San Biase;070;Campobasso;14;Molise
14;Molise;070;Campobasso;070064;San Felice del Molise;070064;San Felice del Molise;070;Campobasso;14;Molise
14;Molise;070;Campobasso;070065;San Giacomo degli Schiavoni;070065;San Giacomo degli Schiavoni;070;Campobasso;14;Molise
14;Molise;070;Campobasso;070066;San Giovanni in Galdo;070066;San Giovanni in Galdo;070;Campobasso;14;Molise
14;Molise;070;Campobasso;070067;San Giuliano del Sannio;070067;San Giuliano del Sannio;070;Campobasso;14;Molise
14;Molise;070;Campobasso;070068;San Giuliano di Puglia;070068;San Giuliano di Puglia;070;Campobasso;14;Molise
14;Molise;070;Campobasso;070069;San Martino in Pensilis;070069;San Martino in Pensilis;070;Campobasso;14;Molise
14;Molise;070;Campobasso;070070;San Massimo;070070;San Massimo;070;Campobasso;14;Molise
14;Molise;070;Campobasso;070071;San Polo Matese;070071;San Polo Matese;070;Campobasso;14;Molise
14;Molise;070;Campobasso;070072;Santa Croce di Magliano;070072;Santa Croce di Magliano;070;Campobasso;14;Molise
14;Molise;070;Campobasso;070073;Sant'Angelo Limosano;070073;Sant'Angelo Limosano;070;Campobasso;14;Molise
14;Molise;070;Campobasso;070074;Sant'Elia a Pianisi;070074;Sant'Elia a Pianisi;070;Campobasso;14;Molise
14;Molise;070;Campobasso;070075;Sepino;070075;Sepino;070;Campobasso;14;Molise
14;Molise;070;Campobasso;070076;Spinete;070076;Spinete;070;Campobasso;14;Molise
14;Molise;070;Campobasso;070077;Tavenna;070077;Tavenna;070;Campobasso;14;Molise
14;Molise;070;Campobasso;070078;Termoli;070078;Termoli;070;Campobasso;14;Molise
14;Molise;070;Campobasso;070079;Torella del Sannio;070079;Torella del Sannio;070;Campobasso;14;Molise
14;Molise;070;Campobasso;070080;Toro;070080;Toro;070;Campobasso;14;Molise
14;Molise;070;Campobasso;070081;Trivento;070081;Trivento;070;Campobasso;14;Molise
14;Molise;070;Campobasso;070082;Tufara;070082;Tufara;070;Campobasso;14;Molise
14;Molise;070;Campobasso;070083;Ururi;070083;Ururi;070;Campobasso;14;Molise
14;Molise;070;Campobasso;070084;Vinchiaturo;070084;Vinchiaturo;070;Campobasso;14;Molise
16;Puglia;071;Foggia;071001;Accadia;071001;Accadia;071;Foggia;16;Puglia
16;Puglia;071;Foggia;071002;Alberona;071002;Alberona;071;Foggia;16;Puglia
16;Puglia;071;Foggia;071003;Anzano di Puglia;071003;Anzano di Puglia;071;Foggia;16;Puglia
16;Puglia;071;Foggia;071004;Apricena;071004;Apricena;071;Foggia;16;Puglia
16;Puglia;071;Foggia;071005;Ascoli Satriano;071005;Ascoli Satriano;071;Foggia;16;Puglia
16;Puglia;071;Foggia;071006;Biccari;071006;Biccari;071;Foggia;16;Puglia
16;Puglia;071;Foggia;071007;Bovino;071007;Bovino;071;Foggia;16;Puglia
16;Puglia;071;Foggia;071008;Cagnano Varano;071008;Cagnano Varano;071;Foggia;16;Puglia
16;Puglia;071;Foggia;071009;Candela;071009;Candela;071;Foggia;16;Puglia
16;Puglia;071;Foggia;071010;Carapelle;071010;Carapelle;071;Foggia;16;Puglia
16;Puglia;071;Foggia;071011;Carlantino;071011;Carlantino;071;Foggia;16;Puglia
16;Puglia;071;Foggia;071012;Carpino;071012;Carpino;071;Foggia;16;Puglia
16;Puglia;071;Foggia;071013;Casalnuovo Monterotaro;071013;Casalnuovo Monterotaro;071;Foggia;16;Puglia
16;Puglia;071;Foggia;071014;Casalvecchio di Puglia;071014;Casalvecchio di Puglia;071;Foggia;16;Puglia
16;Puglia;071;Foggia;071015;Castelluccio dei Sauri;071015;Castelluccio dei Sauri;071;Foggia;16;Puglia
16;Puglia;071;Foggia;071016;Castelluccio Valmaggiore;071016;Castelluccio Valmaggiore;071;Foggia;16;Puglia
16;Puglia;071;Foggia;071017;Castelnuovo della Daunia;071017;Castelnuovo della Daunia;071;Foggia;16;Puglia
16;Puglia;071;Foggia;071018;Celenza Valfortore;071018;Celenza Valfortore;071;Foggia;16;Puglia
16;Puglia;071;Foggia;071019;Celle di San Vito;071019;Celle di San Vito;071;Foggia;16;Puglia
16;Puglia;071;Foggia;071020;Cerignola;071020;Cerignola;071;Foggia;16;Puglia
16;Puglia;071;Foggia;071021;Chieuti;071021;Chieuti;071;Foggia;16;Puglia
16;Puglia;071;Foggia;071022;Deliceto;071022;Deliceto;071;Foggia;16;Puglia
16;Puglia;071;Foggia;071023;Faeto;071023;Faeto;071;Foggia;16;Puglia
16;Puglia;071;Foggia;071024;Foggia;071024;Foggia;071;Foggia;16;Puglia
16;Puglia;071;Foggia;071025;Ischitella;071025;Ischitella;071;Foggia;16;Puglia
16;Puglia;071;Foggia;071026;Isole Tremiti;071026;Isole Tremiti;071;Foggia;16;Puglia
16;Puglia;071;Foggia;071027;Lesina;071027;Lesina;071;Foggia;16;Puglia
16;Puglia;071;Foggia;071028;Lucera;071028;Lucera;071;Foggia;16;Puglia
16;Puglia;071;Foggia;071029;Manfredonia;071029;Manfredonia;071;Foggia;16;Puglia
16;Puglia;071;Foggia;071031;Mattinata;071031;Mattinata;071;Foggia;16;Puglia
16;Puglia;071;Foggia;071032;Monteleone di Puglia;071032;Monteleone di Puglia;071;Foggia;16;Puglia
16;Puglia;071;Foggia;071033;Monte Sant'Angelo;071033;Monte Sant'Angelo;071;Foggia;16;Puglia
16;Puglia;071;Foggia;071034;Motta Montecorvino;071034;Motta Montecorvino;071;Foggia;16;Puglia
16;Puglia;071;Foggia;071035;Orsara di Puglia;071035;Orsara di Puglia;071;Foggia;16;Puglia
16;Puglia;071;Foggia;071036;Orta Nova;071036;Orta Nova;071;Foggia;16;Puglia
16;Puglia;071;Foggia;071037;Panni;071037;Panni;071;Foggia;16;Puglia
16;Puglia;071;Foggia;071038;Peschici;071038;Peschici;071;Foggia;16;Puglia
16;Puglia;071;Foggia;071039;Pietramontecorvino;071039;Pietramontecorvino;071;Foggia;16;Puglia
16;Puglia;071;Foggia;071040;Poggio Imperiale;071040;Poggio Imperiale;071;Foggia;16;Puglia
16;Puglia;071;Foggia;071041;Rignano Garganico;071041;Rignano Garganico;071;Foggia;16;Puglia
16;Puglia;071;Foggia;071042;Rocchetta Sant'Antonio;071042;Rocchetta Sant'Antonio;071;Foggia;16;Puglia
16;Puglia;071;Foggia;071043;Rodi Garganico;071043;Rodi Garganico;071;Foggia;16;Puglia
16;Puglia;071;Foggia;071044;Roseto Valfortore;071044;Roseto Valfortore;071;Foggia;16;Puglia
16;Puglia;071;Foggia;071046;San Giovanni Rotondo;071046;San Giovanni Rotondo;071;Foggia;16;Puglia
16;Puglia;071;Foggia;071047;San Marco in Lamis;071047;San Marco in Lamis;071;Foggia;16;Puglia
16;Puglia;071;Foggia;071048;San Marco la Catola;071048;San Marco la Catola;071;Foggia;16;Puglia
16;Puglia;071;Foggia;071049;San Nicandro Garganico;071049;San Nicandro Garganico;071;Foggia;16;Puglia
16;Puglia;071;Foggia;071050;San Paolo di Civitate;071050;San Paolo di Civitate;071;Foggia;16;Puglia
16;Puglia;071;Foggia;071051;San Severo;071051;San Severo;071;Foggia;16;Puglia
16;Puglia;071;Foggia;071052;Sant'Agata di Puglia;071052;Sant'Agata di Puglia;071;Foggia;16;Puglia
16;Puglia;071;Foggia;071053;Serracapriola;071053;Serracapriola;071;Foggia;16;Puglia
16;Puglia;071;Foggia;071054;Stornara;071054;Stornara;071;Foggia;16;Puglia
16;Puglia;071;Foggia;071055;Stornarella;071055;Stornarella;071;Foggia;16;Puglia
16;Puglia;071;Foggia;071056;Torremaggiore;071056;Torremaggiore;071;Foggia;16;Puglia
16;Puglia;071;Foggia;071058;Troia;071058;Troia;071;Foggia;16;Puglia
16;Puglia;071;Foggia;071059;Vico del Gargano;071059;Vico del Gargano;071;Foggia;16;Puglia
16;Puglia;071;Foggia;071060;Vieste;071060;Vieste;071;Foggia;16;Puglia
16;Puglia;071;Foggia;071061;Volturara Appula;071061;Volturara Appula;071;Foggia;16;Puglia
16;Puglia;071;Foggia;071062;Volturino;071062;Volturino;071;Foggia;16;Puglia
16;Puglia;071;Foggia;071063;Ordona;071063;Ordona;071;Foggia;16;Puglia
16;Puglia;071;Foggia;071064;Zapponeta;071064;Zapponeta;071;Foggia;16;Puglia
16;Puglia;072;Bari;072001;Acquaviva delle Fonti;072001;Acquaviva delle Fonti;272;Bari;16;Puglia
16;Puglia;072;Bari;072002;Adelfia;072002;Adelfia;272;Bari;16;Puglia
16;Puglia;072;Bari;072003;Alberobello;072003;Alberobello;272;Bari;16;Puglia
16;Puglia;072;Bari;072004;Altamura;072004;Altamura;272;Bari;16;Puglia
16;Puglia;072;Bari;072006;Bari;072006;Bari;272;Bari;16;Puglia
16;Puglia;072;Bari;072008;Binetto;072008;Binetto;272;Bari;16;Puglia
16;Puglia;072;Bari;072010;Bitetto;072010;Bitetto;272;Bari;16;Puglia
16;Puglia;072;Bari;072011;Bitonto;072011;Bitonto;272;Bari;16;Puglia
16;Puglia;072;Bari;072012;Bitritto;072012;Bitritto;272;Bari;16;Puglia
16;Puglia;072;Bari;072014;Capurso;072014;Capurso;272;Bari;16;Puglia
16;Puglia;072;Bari;072015;Casamassima;072015;Casamassima;272;Bari;16;Puglia
16;Puglia;072;Bari;072016;Cassano delle Murge;072016;Cassano delle Murge;272;Bari;16;Puglia
16;Puglia;072;Bari;072017;Castellana Grotte;072017;Castellana Grotte;272;Bari;16;Puglia
16;Puglia;072;Bari;072018;Cellamare;072018;Cellamare;272;Bari;16;Puglia
16;Puglia;072;Bari;072019;Conversano;072019;Conversano;272;Bari;16;Puglia
16;Puglia;072;Bari;072020;Corato;072020;Corato;272;Bari;16;Puglia
16;Puglia;072;Bari;072021;Gioia del Colle;072021;Gioia del Colle;272;Bari;16;Puglia
16;Puglia;072;Bari;072022;Giovinazzo;072022;Giovinazzo;272;Bari;16;Puglia
16;Puglia;072;Bari;072023;Gravina in Puglia;072023;Gravina in Puglia;272;Bari;16;Puglia
16;Puglia;072;Bari;072024;Grumo Appula;072024;Grumo Appula;272;Bari;16;Puglia
16;Puglia;072;Bari;072025;Locorotondo;072025;Locorotondo;272;Bari;16;Puglia
16;Puglia;072;Bari;072027;Modugno;072027;Modugno;272;Bari;16;Puglia
16;Puglia;072;Bari;072028;Mola di Bari;072028;Mola di Bari;272;Bari;16;Puglia
16;Puglia;072;Bari;072029;Molfetta;072029;Molfetta;272;Bari;16;Puglia
16;Puglia;072;Bari;072030;Monopoli;072030;Monopoli;272;Bari;16;Puglia
16;Puglia;072;Bari;072031;Noci;072031;Noci;272;Bari;16;Puglia
16;Puglia;072;Bari;072032;Noicattaro;072032;Noicattaro;272;Bari;16;Puglia
16;Puglia;072;Bari;072033;Palo del Colle;072033;Palo del Colle;272;Bari;16;Puglia
16;Puglia;072;Bari;072034;Poggiorsini;072034;Poggiorsini;272;Bari;16;Puglia
16;Puglia;072;Bari;072035;Polignano a Mare;072035;Polignano a Mare;272;Bari;16;Puglia
16;Puglia;072;Bari;072036;Putignano;072036;Putignano;272;Bari;16;Puglia
16;Puglia;072;Bari;072037;Rutigliano;072037;Rutigliano;272;Bari;16;Puglia
16;Puglia;072;Bari;072038;Ruvo di Puglia;072038;Ruvo di Puglia;272;Bari;16;Puglia
16;Puglia;072;Bari;072039;Sammichele di Bari;072039;Sammichele di Bari;272;Bari;16;Puglia
16;Puglia;072;Bari;072040;Sannicandro di Bari;072040;Sannicandro di Bari;272;Bari;16;Puglia
16;Puglia;072;Bari;072041;Santeramo in Colle;072041;Santeramo in Colle;272;Bari;16;Puglia
16;Puglia;072;Bari;072043;Terlizzi;072043;Terlizzi;272;Bari;16;Puglia
16;Puglia;072;Bari;072044;Toritto;072044;Toritto;272;Bari;16;Puglia
16;Puglia;072;Bari;072046;Triggiano;072046;Triggiano;272;Bari;16;Puglia
16;Puglia;072;Bari;072047;Turi;072047;Turi;272;Bari;16;Puglia
16;Puglia;072;Bari;072048;Valenzano;072048;Valenzano;272;Bari;16;Puglia
16;Puglia;073;Taranto;073001;Avetrana;073001;Avetrana;073;Taranto;16;Puglia
16;Puglia;073;Taranto;073002;Carosino;073002;Carosino;073;Taranto;16;Puglia
16;Puglia;073;Taranto;073003;Castellaneta;073003;Castellaneta;073;Taranto;16;Puglia
16;Puglia;073;Taranto;073004;Crispiano;073004;Crispiano;073;Taranto;16;Puglia
16;Puglia;073;Taranto;073005;Faggiano;073005;Faggiano;073;Taranto;16;Puglia
16;Puglia;073;Taranto;073006;Fragagnano;073006;Fragagnano;073;Taranto;16;Puglia
16;Puglia;073;Taranto;073007;Ginosa;073007;Ginosa;073;Taranto;16;Puglia
16;Puglia;073;Taranto;073008;Grottaglie;073008;Grottaglie;073;Taranto;16;Puglia
16;Puglia;073;Taranto;073009;Laterza;073009;Laterza;073;Taranto;16;Puglia
16;Puglia;073;Taranto;073010;Leporano;073010;Leporano;073;Taranto;16;Puglia
16;Puglia;073;Taranto;073011;Lizzano;073011;Lizzano;073;Taranto;16;Puglia
16;Puglia;073;Taranto;073012;Manduria;073012;Manduria;073;Taranto;16;Puglia
16;Puglia;073;Taranto;073013;Martina Franca;073013;Martina Franca;073;Taranto;16;Puglia
16;Puglia;073;Taranto;073014;Maruggio;073014;Maruggio;073;Taranto;16;Puglia
16;Puglia;073;Taranto;073015;Massafra;073015;Massafra;073;Taranto;16;Puglia
16;Puglia;073;Taranto;073016;Monteiasi;073016;Monteiasi;073;Taranto;16;Puglia
16;Puglia;073;Taranto;073017;Montemesola;073017;Montemesola;073;Taranto;16;Puglia
16;Puglia;073;Taranto;073018;Monteparano;073018;Monteparano;073;Taranto;16;Puglia
16;Puglia;073;Taranto;073019;Mottola;073019;Mottola;073;Taranto;16;Puglia
16;Puglia;073;Taranto;073020;Palagianello;073020;Palagianello;073;Taranto;16;Puglia
16;Puglia;073;Taranto;073021;Palagiano;073021;Palagiano;073;Taranto;16;Puglia
16;Puglia;073;Taranto;073022;Pulsano;073022;Pulsano;073;Taranto;16;Puglia
16;Puglia;073;Taranto;073023;Roccaforzata;073023;Roccaforzata;073;Taranto;16;Puglia
16;Puglia;073;Taranto;073024;San Giorgio Ionico;073024;San Giorgio Ionico;073;Taranto;16;Puglia
16;Puglia;073;Taranto;073025;San Marzano di San Giuseppe;073025;San Marzano di San Giuseppe;073;Taranto;16;Puglia
16;Puglia;073;Taranto;073026;Sava;073026;Sava;073;Taranto;16;Puglia
16;Puglia;073;Taranto;073027;Taranto;073027;Taranto;073;Taranto;16;Puglia
16;Puglia;073;Taranto;073028;Torricella;073028;Torricella;073;Taranto;16;Puglia
16;Puglia;073;Taranto;073029;Statte;073029;Statte;073;Taranto;16;Puglia
16;Puglia;074;Brindisi;074001;Brindisi;074001;Brindisi;074;Brindisi;16;Puglia
16;Puglia;074;Brindisi;074002;Carovigno;074002;Carovigno;074;Brindisi;16;Puglia
16;Puglia;074;Brindisi;074003;Ceglie Messapica;074003;Ceglie Messapica;074;Brindisi;16;Puglia
16;Puglia;074;Brindisi;074004;Cellino San Marco;074004;Cellino San Marco;074;Brindisi;16;Puglia
16;Puglia;074;Brindisi;074005;Cisternino;074005;Cisternino;074;Brindisi;16;Puglia
16;Puglia;074;Brindisi;074006;Erchie;074006;Erchie;074;Brindisi;16;Puglia
16;Puglia;074;Brindisi;074007;Fasano;074007;Fasano;074;Brindisi;16;Puglia
16;Puglia;074;Brindisi;074008;Francavilla Fontana;074008;Francavilla Fontana;074;Brindisi;16;Puglia
16;Puglia;074;Brindisi;074009;Latiano;074009;Latiano;074;Brindisi;16;Puglia
16;Puglia;074;Brindisi;074010;Mesagne;074010;Mesagne;074;Brindisi;16;Puglia
16;Puglia;074;Brindisi;074011;Oria;074011;Oria;074;Brindisi;16;Puglia
16;Puglia;074;Brindisi;074012;Ostuni;074012;Ostuni;074;Brindisi;16;Puglia
16;Puglia;074;Brindisi;074013;San Donaci;074013;San Donaci;074;Brindisi;16;Puglia
16;Puglia;074;Brindisi;074014;San Michele Salentino;074014;San Michele Salentino;074;Brindisi;16;Puglia
16;Puglia;074;Brindisi;074015;San Pancrazio Salentino;074015;San Pancrazio Salentino;074;Brindisi;16;Puglia
16;Puglia;074;Brindisi;074016;San Pietro Vernotico;074016;San Pietro Vernotico;074;Brindisi;16;Puglia
16;Puglia;074;Brindisi;074017;San Vito dei Normanni;074017;San Vito dei Normanni;074;Brindisi;16;Puglia
16;Puglia;074;Brindisi;074018;Torchiarolo;074018;Torchiarolo;074;Brindisi;16;Puglia
16;Puglia;074;Brindisi;074019;Torre Santa Susanna;074019;Torre Santa Susanna;074;Brindisi;16;Puglia
16;Puglia;074;Brindisi;074020;Villa Castelli;074020;Villa Castelli;074;Brindisi;16;Puglia
16;Puglia;075;Lecce;075001;Acquarica del Capo;075098;Presicce-Acquarica;075;Lecce;16;Puglia
16;Puglia;075;Lecce;075002;Alessano;075002;Alessano;075;Lecce;16;Puglia
16;Puglia;075;Lecce;075003;Alezio;075003;Alezio;075;Lecce;16;Puglia
16;Puglia;075;Lecce;075004;Alliste;075004;Alliste;075;Lecce;16;Puglia
16;Puglia;075;Lecce;075005;Andrano;075005;Andrano;075;Lecce;16;Puglia
16;Puglia;075;Lecce;075006;Aradeo;075006;Aradeo;075;Lecce;16;Puglia
16;Puglia;075;Lecce;075007;Arnesano;075007;Arnesano;075;Lecce;16;Puglia
16;Puglia;075;Lecce;075008;Bagnolo del Salento;075008;Bagnolo del Salento;075;Lecce;16;Puglia
16;Puglia;075;Lecce;075009;Botrugno;075009;Botrugno;075;Lecce;16;Puglia
16;Puglia;075;Lecce;075010;Calimera;075010;Calimera;075;Lecce;16;Puglia
16;Puglia;075;Lecce;075011;Campi Salentina;075011;Campi Salentina;075;Lecce;16;Puglia
16;Puglia;075;Lecce;075012;Cannole;075012;Cannole;075;Lecce;16;Puglia
16;Puglia;075;Lecce;075013;Caprarica di Lecce;075013;Caprarica di Lecce;075;Lecce;16;Puglia
16;Puglia;075;Lecce;075014;Carmiano;075014;Carmiano;075;Lecce;16;Puglia
16;Puglia;075;Lecce;075015;Carpignano Salentino;075015;Carpignano Salentino;075;Lecce;16;Puglia
16;Puglia;075;Lecce;075016;Casarano;075016;Casarano;075;Lecce;16;Puglia
16;Puglia;075;Lecce;075017;Castri di Lecce;075017;Castri di Lecce;075;Lecce;16;Puglia
16;Puglia;075;Lecce;075018;Castrignano de' Greci;075018;Castrignano de' Greci;075;Lecce;16;Puglia
16;Puglia;075;Lecce;075019;Castrignano del Capo;075019;Castrignano del Capo;075;Lecce;16;Puglia
16;Puglia;075;Lecce;075020;Cavallino;075020;Cavallino;075;Lecce;16;Puglia
16;Puglia;075;Lecce;075021;Collepasso;075021;Collepasso;075;Lecce;16;Puglia
16;Puglia;075;Lecce;075022;Copertino;075022;Copertino;075;Lecce;16;Puglia
16;Puglia;075;Lecce;075023;Corigliano d'Otranto;075023;Corigliano d'Otranto;075;Lecce;16;Puglia
16;Puglia;075;Lecce;075024;Corsano;075024;Corsano;075;Lecce;16;Puglia
16;Puglia;075;Lecce;075025;Cursi;075025;Cursi;075;Lecce;16;Puglia
16;Puglia;075;Lecce;075026;Cutrofiano;075026;Cutrofiano;075;Lecce;16;Puglia
16;Puglia;075;Lecce;075027;Diso;075027;Diso;075;Lecce;16;Puglia
16;Puglia;075;Lecce;075028;Gagliano del Capo;075028;Gagliano del Capo;075;Lecce;16;Puglia
16;Puglia;075;Lecce;075029;Galatina;075029;Galatina;075;Lecce;16;Puglia
16;Puglia;075;Lecce;075030;Galatone;075030;Galatone;075;Lecce;16;Puglia
16;Puglia;075;Lecce;075031;Gallipoli;075031;Gallipoli;075;Lecce;16;Puglia
16;Puglia;075;Lecce;075032;Giuggianello;075032;Giuggianello;075;Lecce;16;Puglia
16;Puglia;075;Lecce;075033;Giurdignano;075033;Giurdignano;075;Lecce;16;Puglia
16;Puglia;075;Lecce;075034;Guagnano;075034;Guagnano;075;Lecce;16;Puglia
16;Puglia;075;Lecce;075035;Lecce;075035;Lecce;075;Lecce;16;Puglia
16;Puglia;075;Lecce;075036;Lequile;075036;Lequile;075;Lecce;16;Puglia
16;Puglia;075;Lecce;075037;Leverano;075037;Leverano;075;Lecce;16;Puglia
16;Puglia;075;Lecce;075038;Lizzanello;075038;Lizzanello;075;Lecce;16;Puglia
16;Puglia;075;Lecce;075039;Maglie;075039;Maglie;075;Lecce;16;Puglia
16;Puglia;075;Lecce;075040;Martano;075040;Martano;075;Lecce;16;Puglia
16;Puglia;075;Lecce;075041;Martignano;075041;Martignano;075;Lecce;16;Puglia
16;Puglia;075;Lecce;075042;Matino;075042;Matino;075;Lecce;16;Puglia
16;Puglia;075;Lecce;075043;Melendugno;075043;Melendugno;075;Lecce;16;Puglia
16;Puglia;075;Lecce;075044;Melissano;075044;Melissano;075;Lecce;16;Puglia
16;Puglia;075;Lecce;075045;Melpignano;075045;Melpignano;075;Lecce;16;Puglia
16;Puglia;075;Lecce;075046;Miggiano;075046;Miggiano;075;Lecce;16;Puglia
16;Puglia;075;Lecce;075047;Minervino di Lecce;075047;Minervino di Lecce;075;Lecce;16;Puglia
16;Puglia;075;Lecce;075048;Monteroni di Lecce;075048;Monteroni di Lecce;075;Lecce;16;Puglia
16;Puglia;075;Lecce;075049;Montesano Salentino;075049;Montesano Salentino;075;Lecce;16;Puglia
16;Puglia;075;Lecce;075050;Morciano di Leuca;075050;Morciano di Leuca;075;Lecce;16;Puglia
16;Puglia;075;Lecce;075051;Muro Leccese;075051;Muro Leccese;075;Lecce;16;Puglia
16;Puglia;075;Lecce;075052;Nardò;075052;Nardò;075;Lecce;16;Puglia
16;Puglia;075;Lecce;075053;Neviano;075053;Neviano;075;Lecce;16;Puglia
16;Puglia;075;Lecce;075054;Nociglia;075054;Nociglia;075;Lecce;16;Puglia
16;Puglia;075;Lecce;075055;Novoli;075055;Novoli;075;Lecce;16;Puglia
16;Puglia;075;Lecce;075056;Ortelle;075056;Ortelle;075;Lecce;16;Puglia
16;Puglia;075;Lecce;075057;Otranto;075057;Otranto;075;Lecce;16;Puglia
16;Puglia;075;Lecce;075058;Palmariggi;075058;Palmariggi;075;Lecce;16;Puglia
16;Puglia;075;Lecce;075059;Parabita;075059;Parabita;075;Lecce;16;Puglia
16;Puglia;075;Lecce;075060;Patù;075060;Patù;075;Lecce;16;Puglia
16;Puglia;075;Lecce;075061;Poggiardo;075061;Poggiardo;075;Lecce;16;Puglia
16;Puglia;075;Lecce;075062;Presicce;075098;Presicce-Acquarica;075;Lecce;16;Puglia
16;Puglia;075;Lecce;075063;Racale;075063;Racale;075;Lecce;16;Puglia
16;Puglia;075;Lecce;075064;Ruffano;075064;Ruffano;075;Lecce;16;Puglia
16;Puglia;075;Lecce;075065;Salice Salentino;075065;Salice Salentino;075;Lecce;16;Puglia
16;Puglia;075;Lecce;075066;Salve;075066;Salve;075;Lecce;16;Puglia
16;Puglia;075;Lecce;075067;Sanarica;075067;Sanarica;075;Lecce;16;Puglia
16;Puglia;075;Lecce;075068;San Cesario di Lecce;075068;San Cesario di Lecce;075;Lecce;16;Puglia
16;Puglia;075;Lecce;075069;San Donato di Lecce;075069;San Donato di Lecce;075;Lecce;16;Puglia
16;Puglia;075;Lecce;075070;Sannicola;075070;Sannicola;075;Lecce;16;Puglia
16;Puglia;075;Lecce;075071;San Pietro in Lama;075071;San Pietro in Lama;075;Lecce;16;Puglia
16;Puglia;075;Lecce;075072;Santa Cesarea Terme;075072;Santa Cesarea Terme;075;Lecce;16;Puglia
16;Puglia;075;Lecce;075073;Scorrano;075073;Scorrano;075;Lecce;16;Puglia
16;Puglia;075;Lecce;075074;Seclì;075074;Seclì;075;Lecce;16;Puglia
16;Puglia;075;Lecce;075075;Sogliano Cavour;075075;Sogliano Cavour;075;Lecce;16;Puglia
16;Puglia;075;Lecce;075076;Soleto;075076;Soleto;075;Lecce;16;Puglia
16;Puglia;075;Lecce;075077;Specchia;075077;Specchia;075;Lecce;16;Puglia
16;Puglia;075;Lecce;075078;Spongano;075078;Spongano;075;Lecce;16;Puglia
16;Puglia;075;Lecce;075079;Squinzano;075079;Squinzano;075;Lecce;16;Puglia
16;Puglia;075;Lecce;075080;Sternatia;075080;Sternatia;075;Lecce;16;Puglia
16;Puglia;075;Lecce;075081;Supersano;075081;Supersano;075;Lecce;16;Puglia
16;Puglia;075;Lecce;075082;Surano;075082;Surano;075;Lecce;16;Puglia
16;Puglia;075;Lecce;075083;Surbo;075083;Surbo;075;Lecce;16;Puglia
16;Puglia;075;Lecce;075084;Taurisano;075084;Taurisano;075;Lecce;16;Puglia
16;Puglia;075;Lecce;075085;Taviano;075085;Taviano;075;Lecce;16;Puglia
16;Puglia;075;Lecce;075086;Tiggiano;075086;Tiggiano;075;Lecce;16;Puglia
16;Puglia;075;Lecce;075087;Trepuzzi;075087;Trepuzzi;075;Lecce;16;Puglia
16;Puglia;075;Lecce;075088;Tricase;075088;Tricase;075;Lecce;16;Puglia
16;Puglia;075;Lecce;075089;Tuglie;075089;Tuglie;075;Lecce;16;Puglia
16;Puglia;075;Lecce;075090;Ugento;075090;Ugento;075;Lecce;16;Puglia
16;Puglia;075;Lecce;075091;Uggiano la Chiesa;075091;Uggiano la Chiesa;075;Lecce;16;Puglia
16;Puglia;075;Lecce;075092;Veglie;075092;Veglie;075;Lecce;16;Puglia
16;Puglia;075;Lecce;075093;Vernole;075093;Vernole;075;Lecce;16;Puglia
16;Puglia;075;Lecce;075094;Zollino;075094;Zollino;075;Lecce;16;Puglia
16;Puglia;075;Lecce;075095;San Cassiano;075095;San Cassiano;075;Lecce;16;Puglia
16;Puglia;075;Lecce;075096;Castro;075096;Castro;075;Lecce;16;Puglia
16;Puglia;075;Lecce;075097;Porto Cesareo;075097;Porto Cesareo;075;Lecce;16;Puglia
17;Basilicata;076;Potenza;076001;Abriola;076001;Abriola;076;Potenza;17;Basilicata
17;Basilicata;076;Potenza;076002;Acerenza;076002;Acerenza;076;Potenza;17;Basilicata
17;Basilicata;076;Potenza;076003;Albano di Lucania;076003;Albano di Lucania;076;Potenza;17;Basilicata
17;Basilicata;076;Potenza;076004;Anzi;076004;Anzi;076;Potenza;17;Basilicata
17;Basilicata;076;Potenza;076005;Armento;076005;Armento;076;Potenza;17;Basilicata
17;Basilicata;076;Potenza;076006;Atella;076006;Atella;076;Potenza;17;Basilicata
17;Basilicata;076;Potenza;076007;Avigliano;076007;Avigliano;076;Potenza;17;Basilicata
17;Basilicata;076;Potenza;076008;Balvano;076008;Balvano;076;Potenza;17;Basilicata
17;Basilicata;076;Potenza;076009;Banzi;076009;Banzi;076;Potenza;17;Basilicata
17;Basilicata;076;Potenza;076010;Baragiano;076010;Baragiano;076;Potenza;17;Basilicata
17;Basilicata;076;Potenza;076011;Barile;076011;Barile;076;Potenza;17;Basilicata
17;Basilicata;076;Potenza;076012;Bella;076012;Bella;076;Potenza;17;Basilicata
17;Basilicata;076;Potenza;076013;Brienza;076013;Brienza;076;Potenza;17;Basilicata
17;Basilicata;076;Potenza;076014;Brindisi Montagna;076014;Brindisi Montagna;076;Potenza;17;Basilicata
17;Basilicata;076;Potenza;076015;Calvello;076015;Calvello;076;Potenza;17;Basilicata
17;Basilicata;076;Potenza;076016;Calvera;076016;Calvera;076;Potenza;17;Basilicata
17;Basilicata;076;Potenza;076017;Campomaggiore;076017;Campomaggiore;076;Potenza;17;Basilicata
17;Basilicata;076;Potenza;076018;Cancellara;076018;Cancellara;076;Potenza;17;Basilicata
17;Basilicata;076;Potenza;076019;Carbone;076019;Carbone;076;Potenza;17;Basilicata
17;Basilicata;076;Potenza;076020;San Paolo Albanese;076020;San Paolo Albanese;076;Potenza;17;Basilicata
17;Basilicata;076;Potenza;076021;Castelgrande;076021;Castelgrande;076;Potenza;17;Basilicata
17;Basilicata;076;Potenza;076022;Castelluccio Inferiore;076022;Castelluccio Inferiore;076;Potenza;17;Basilicata
17;Basilicata;076;Potenza;076023;Castelluccio Superiore;076023;Castelluccio Superiore;076;Potenza;17;Basilicata
17;Basilicata;076;Potenza;076024;Castelmezzano;076024;Castelmezzano;076;Potenza;17;Basilicata
17;Basilicata;076;Potenza;076025;Castelsaraceno;076025;Castelsaraceno;076;Potenza;17;Basilicata
17;Basilicata;076;Potenza;076026;Castronuovo di Sant'Andrea;076026;Castronuovo di Sant'Andrea;076;Potenza;17;Basilicata
17;Basilicata;076;Potenza;076027;Cersosimo;076027;Cersosimo;076;Potenza;17;Basilicata
17;Basilicata;076;Potenza;076028;Chiaromonte;076028;Chiaromonte;076;Potenza;17;Basilicata
17;Basilicata;076;Potenza;076029;Corleto Perticara;076029;Corleto Perticara;076;Potenza;17;Basilicata
17;Basilicata;076;Potenza;076030;Episcopia;076030;Episcopia;076;Potenza;17;Basilicata
17;Basilicata;076;Potenza;076031;Fardella;076031;Fardella;076;Potenza;17;Basilicata
17;Basilicata;076;Potenza;076032;Filiano;076032;Filiano;076;Potenza;17;Basilicata
17;Basilicata;076;Potenza;076033;Forenza;076033;Forenza;076;Potenza;17;Basilicata
17;Basilicata;076;Potenza;076034;Francavilla in Sinni;076034;Francavilla in Sinni;076;Potenza;17;Basilicata
17;Basilicata;076;Potenza;076035;Gallicchio;076035;Gallicchio;076;Potenza;17;Basilicata
17;Basilicata;076;Potenza;076036;Genzano di Lucania;076036;Genzano di Lucania;076;Potenza;17;Basilicata
17;Basilicata;076;Potenza;076037;Grumento Nova;076037;Grumento Nova;076;Potenza;17;Basilicata
17;Basilicata;076;Potenza;076038;Guardia Perticara;076038;Guardia Perticara;076;Potenza;17;Basilicata
17;Basilicata;076;Potenza;076039;Lagonegro;076039;Lagonegro;076;Potenza;17;Basilicata
17;Basilicata;076;Potenza;076040;Latronico;076040;Latronico;076;Potenza;17;Basilicata
17;Basilicata;076;Potenza;076041;Laurenzana;076041;Laurenzana;076;Potenza;17;Basilicata
17;Basilicata;076;Potenza;076042;Lauria;076042;Lauria;076;Potenza;17;Basilicata
17;Basilicata;076;Potenza;076043;Lavello;076043;Lavello;076;Potenza;17;Basilicata
17;Basilicata;076;Potenza;076044;Maratea;076044;Maratea;076;Potenza;17;Basilicata
17;Basilicata;076;Potenza;076045;Marsico Nuovo;076045;Marsico Nuovo;076;Potenza;17;Basilicata
17;Basilicata;076;Potenza;076046;Marsicovetere;076046;Marsicovetere;076;Potenza;17;Basilicata
17;Basilicata;076;Potenza;076047;Maschito;076047;Maschito;076;Potenza;17;Basilicata
17;Basilicata;076;Potenza;076048;Melfi;076048;Melfi;076;Potenza;17;Basilicata
17;Basilicata;076;Potenza;076049;Missanello;076049;Missanello;076;Potenza;17;Basilicata
17;Basilicata;076;Potenza;076050;Moliterno;076050;Moliterno;076;Potenza;17;Basilicata
17;Basilicata;076;Potenza;076051;Montemilone;076051;Montemilone;076;Potenza;17;Basilicata
17;Basilicata;076;Potenza;076052;Montemurro;076052;Montemurro;076;Potenza;17;Basilicata
17;Basilicata;076;Potenza;076053;Muro Lucano;076053;Muro Lucano;076;Potenza;17;Basilicata
17;Basilicata;076;Potenza;076054;Nemoli;076054;Nemoli;076;Potenza;17;Basilicata
17;Basilicata;076;Potenza;076055;Noepoli;076055;Noepoli;076;Potenza;17;Basilicata
17;Basilicata;076;Potenza;076056;Oppido Lucano;076056;Oppido Lucano;076;Potenza;17;Basilicata
17;Basilicata;076;Potenza;076057;Palazzo San Gervasio;076057;Palazzo San Gervasio;076;Potenza;17;Basilicata
17;Basilicata;076;Potenza;076058;Pescopagano;076058;Pescopagano;076;Potenza;17;Basilicata
17;Basilicata;076;Potenza;076059;Picerno;076059;Picerno;076;Potenza;17;Basilicata
17;Basilicata;076;Potenza;076060;Pietragalla;076060;Pietragalla;076;Potenza;17;Basilicata
17;Basilicata;076;Potenza;076061;Pietrapertosa;076061;Pietrapertosa;076;Potenza;17;Basilicata
17;Basilicata;076;Potenza;076062;Pignola;076062;Pignola;076;Potenza;17;Basilicata
17;Basilicata;076;Potenza;076063;Potenza;076063;Potenza;076;Potenza;17;Basilicata
17;Basilicata;076;Potenza;076064;Rapolla;076064;Rapolla;076;Potenza;17;Basilicata
17;Basilicata;076;Potenza;076065;Rapone;076065;Rapone;076;Potenza;17;Basilicata
17;Basilicata;076;Potenza;076066;Rionero in Vulture;076066;Rionero in Vulture;076;Potenza;17;Basilicata
17;Basilicata;076;Potenza;076067;Ripacandida;076067;Ripacandida;076;Potenza;17;Basilicata
17;Basilicata;076;Potenza;076068;Rivello;076068;Rivello;076;Potenza;17;Basilicata
17;Basilicata;076;Potenza;076069;Roccanova;076069;Roccanova;076;Potenza;17;Basilicata
17;Basilicata;076;Potenza;076070;Rotonda;076070;Rotonda;076;Potenza;17;Basilicata
17;Basilicata;076;Potenza;076071;Ruoti;076071;Ruoti;076;Potenza;17;Basilicata
17;Basilicata;076;Potenza;076072;Ruvo del Monte;076072;Ruvo del Monte;076;Potenza;17;Basilicata
17;Basilicata;076;Potenza;076073;San Chirico Nuovo;076073;San Chirico Nuovo;076;Potenza;17;Basilicata
17;Basilicata;076;Potenza;076074;San Chirico Raparo;076074;San Chirico Raparo;076;Potenza;17;Basilicata
17;Basilicata;076;Potenza;076075;San Costantino Albanese;076075;San Costantino Albanese;076;Potenza;17;Basilicata
17;Basilicata;076;Potenza;076076;San Fele;076076;San Fele;076;Potenza;17;Basilicata
17;Basilicata;076;Potenza;076077;San Martino d'Agri;076077;San Martino d'Agri;076;Potenza;17;Basilicata
17;Basilicata;076;Potenza;076078;San Severino Lucano;076078;San Severino Lucano;076;Potenza;17;Basilicata
17;Basilicata;076;Potenza;076079;Sant'Angelo Le Fratte;076079;Sant'Angelo Le Fratte;076;Potenza;17;Basilicata
17;Basilicata;076;Potenza;076080;Sant'Arcangelo;076080;Sant'Arcangelo;076;Potenza;17;Basilicata
17;Basilicata;076;Potenza;076081;Sarconi;076081;Sarconi;076;Potenza;17;Basilicata
17;Basilicata;076;Potenza;076082;Sasso di Castalda;076082;Sasso di Castalda;076;Potenza;17;Basilicata
17;Basilicata;076;Potenza;076083;Satriano di Lucania;076083;Satriano di Lucania;076;Potenza;17;Basilicata
17;Basilicata;076;Potenza;076084;Savoia di Lucania;076084;Savoia di Lucania;076;Potenza;17;Basilicata
17;Basilicata;076;Potenza;076085;Senise;076085;Senise;076;Potenza;17;Basilicata
17;Basilicata;076;Potenza;076086;Spinoso;076086;Spinoso;076;Potenza;17;Basilicata
17;Basilicata;076;Potenza;076087;Teana;076087;Teana;076;Potenza;17;Basilicata
17;Basilicata;076;Potenza;076088;Terranova di Pollino;076088;Terranova di Pollino;076;Potenza;17;Basilicata
17;Basilicata;076;Potenza;076089;Tito;076089;Tito;076;Potenza;17;Basilicata
17;Basilicata;076;Potenza;076090;Tolve;076090;Tolve;076;Potenza;17;Basilicata
17;Basilicata;076;Potenza;076091;Tramutola;076091;Tramutola;076;Potenza;17;Basilicata
17;Basilicata;076;Potenza;076092;Trecchina;076092;Trecchina;076;Potenza;17;Basilicata
17;Basilicata;076;Potenza;076093;Trivigno;076093;Trivigno;076;Potenza;17;Basilicata
17;Basilicata;076;Potenza;076094;Vaglio Basilicata;076094;Vaglio Basilicata;076;Potenza;17;Basilicata
17;Basilicata;076;Potenza;076095;Venosa;076095;Venosa;076;Potenza;17;Basilicata
17;Basilicata;076;Potenza;076096;Vietri di Potenza;076096;Vietri di Potenza;076;Potenza;17;Basilicata
17;Basilicata;076;Potenza;076097;Viggianello;076097;Viggianello;076;Potenza;17;Basilicata
17;Basilicata;076;Potenza;076098;Viggiano;076098;Viggiano;076;Potenza;17;Basilicata
17;Basilicata;076;Potenza;076099;Ginestra;076099;Ginestra;076;Potenza;17;Basilicata
17;Basilicata;076;Potenza;076100;Paterno;076100;Paterno;076;Potenza;17;Basilicata
17;Basilicata;077;Matera;077001;Accettura;077001;Accettura;077;Matera;17;Basilicata
17;Basilicata;077;Matera;077002;Aliano;077002;Aliano;077;Matera;17;Basilicata
17;Basilicata;077;Matera;077003;Bernalda;077003;Bernalda;077;Matera;17;Basilicata
17;Basilicata;077;Matera;077004;Calciano;077004;Calciano;077;Matera;17;Basilicata
17;Basilicata;077;Matera;077005;Cirigliano;077005;Cirigliano;077;Matera;17;Basilicata
17;Basilicata;077;Matera;077006;Colobraro;077006;Colobraro;077;Matera;17;Basilicata
17;Basilicata;077;Matera;077007;Craco;077007;Craco;077;Matera;17;Basilicata
17;Basilicata;077;Matera;077008;Ferrandina;077008;Ferrandina;077;Matera;17;Basilicata
17;Basilicata;077;Matera;077009;Garaguso;077009;Garaguso;077;Matera;17;Basilicata
17;Basilicata;077;Matera;077010;Gorgoglione;077010;Gorgoglione;077;Matera;17;Basilicata
17;Basilicata;077;Matera;077011;Grassano;077011;Grassano;077;Matera;17;Basilicata
17;Basilicata;077;Matera;077012;Grottole;077012;Grottole;077;Matera;17;Basilicata
17;Basilicata;077;Matera;077013;Irsina;077013;Irsina;077;Matera;17;Basilicata
17;Basilicata;077;Matera;077014;Matera;077014;Matera;077;Matera;17;Basilicata
17;Basilicata;077;Matera;077015;Miglionico;077015;Miglionico;077;Matera;17;Basilicata
17;Basilicata;077;Matera;077016;Montalbano Jonico;077016;Montalbano Jonico;077;Matera;17;Basilicata
17;Basilicata;077;Matera;077017;Montescaglioso;077017;Montescaglioso;077;Matera;17;Basilicata
17;Basilicata;077;Matera;077018;Nova Siri;077018;Nova Siri;077;Matera;17;Basilicata
17;Basilicata;077;Matera;077019;Oliveto Lucano;077019;Oliveto Lucano;077;Matera;17;Basilicata
17;Basilicata;077;Matera;077020;Pisticci;077020;Pisticci;077;Matera;17;Basilicata
17;Basilicata;077;Matera;077021;Policoro;077021;Policoro;077;Matera;17;Basilicata
17;Basilicata;077;Matera;077022;Pomarico;077022;Pomarico;077;Matera;17;Basilicata
17;Basilicata;077;Matera;077023;Rotondella;077023;Rotondella;077;Matera;17;Basilicata
17;Basilicata;077;Matera;077024;Salandra;077024;Salandra;077;Matera;17;Basilicata
17;Basilicata;077;Matera;077025;San Giorgio Lucano;077025;San Giorgio Lucano;077;Matera;17;Basilicata
17;Basilicata;077;Matera;077026;San Mauro Forte;077026;San Mauro Forte;077;Matera;17;Basilicata
17;Basilicata;077;Matera;077027;Stigliano;077027;Stigliano;077;Matera;17;Basilicata
17;Basilicata;077;Matera;077028;Tricarico;077028;Tricarico;077;Matera;17;Basilicata
17;Basilicata;077;Matera;077029;Tursi;077029;Tursi;077;Matera;17;Basilicata
17;Basilicata;077;Matera;077030;Valsinni;077030;Valsinni;077;Matera;17;Basilicata
17;Basilicata;077;Matera;077031;Scanzano Jonico;077031;Scanzano Jonico;077;Matera;17;Basilicata
18;Calabria;078;Cosenza;078001;Acquaformosa;078001;Acquaformosa;078;Cosenza;18;Calabria
18;Calabria;078;Cosenza;078002;Acquappesa;078002;Acquappesa;078;Cosenza;18;Calabria
18;Calabria;078;Cosenza;078003;Acri;078003;Acri;078;Cosenza;18;Calabria
18;Calabria;078;Cosenza;078004;Aiello Calabro;078004;Aiello Calabro;078;Cosenza;18;Calabria
18;Calabria;078;Cosenza;078005;Aieta;078005;Aieta;078;Cosenza;18;Calabria
18;Calabria;078;Cosenza;078006;Albidona;078006;Albidona;078;Cosenza;18;Calabria
18;Calabria;078;Cosenza;078007;Alessandria del Carretto;078007;Alessandria del Carretto;078;Cosenza;18;Calabria
18;Calabria;078;Cosenza;078008;Altilia;078008;Altilia;078;Cosenza;18;Calabria
18;Calabria;078;Cosenza;078009;Altomonte;078009;Altomonte;078;Cosenza;18;Calabria
18;Calabria;078;Cosenza;078010;Amantea;078010;Amantea;078;Cosenza;18;Calabria
18;Calabria;078;Cosenza;078011;Amendolara;078011;Amendolara;078;Cosenza;18;Calabria
18;Calabria;078;Cosenza;078012;Aprigliano;078012;Aprigliano;078;Cosenza;18;Calabria
18;Calabria;078;Cosenza;078013;Belmonte Calabro;078013;Belmonte Calabro;078;Cosenza;18;Calabria
18;Calabria;078;Cosenza;078014;Belsito;078014;Belsito;078;Cosenza;18;Calabria
18;Calabria;078;Cosenza;078015;Belvedere Marittimo;078015;Belvedere Marittimo;078;Cosenza;18;Calabria
18;Calabria;078;Cosenza;078016;Bianchi;078016;Bianchi;078;Cosenza;18;Calabria
18;Calabria;078;Cosenza;078017;Bisignano;078017;Bisignano;078;Cosenza;18;Calabria
18;Calabria;078;Cosenza;078018;Bocchigliero;078018;Bocchigliero;078;Cosenza;18;Calabria
18;Calabria;078;Cosenza;078019;Bonifati;078019;Bonifati;078;Cosenza;18;Calabria
18;Calabria;078;Cosenza;078020;Buonvicino;078020;Buonvicino;078;Cosenza;18;Calabria
18;Calabria;078;Cosenza;078021;Calopezzati;078021;Calopezzati;078;Cosenza;18;Calabria
18;Calabria;078;Cosenza;078022;Caloveto;078022;Caloveto;078;Cosenza;18;Calabria
18;Calabria;078;Cosenza;078023;Campana;078023;Campana;078;Cosenza;18;Calabria
18;Calabria;078;Cosenza;078024;Canna;078024;Canna;078;Cosenza;18;Calabria
18;Calabria;078;Cosenza;078025;Cariati;078025;Cariati;078;Cosenza;18;Calabria
18;Calabria;078;Cosenza;078026;Carolei;078026;Carolei;078;Cosenza;18;Calabria
18;Calabria;078;Cosenza;078027;Carpanzano;078027;Carpanzano;078;Cosenza;18;Calabria
18;Calabria;078;Cosenza;078028;Casole Bruzio;078156;Casali del Manco;078;Cosenza;18;Calabria
18;Calabria;078;Cosenza;078029;Cassano all'Ionio;078029;Cassano all'Ionio;078;Cosenza;18;Calabria
18;Calabria;078;Cosenza;078030;Castiglione Cosentino;078030;Castiglione Cosentino;078;Cosenza;18;Calabria
18;Calabria;078;Cosenza;078031;Castrolibero;078031;Castrolibero;078;Cosenza;18;Calabria
18;Calabria;078;Cosenza;078032;Castroregio;078032;Castroregio;078;Cosenza;18;Calabria
18;Calabria;078;Cosenza;078033;Castrovillari;078033;Castrovillari;078;Cosenza;18;Calabria
18;Calabria;078;Cosenza;078034;Celico;078034;Celico;078;Cosenza;18;Calabria
18;Calabria;078;Cosenza;078035;Cellara;078035;Cellara;078;Cosenza;18;Calabria
18;Calabria;078;Cosenza;078036;Cerchiara di Calabria;078036;Cerchiara di Calabria;078;Cosenza;18;Calabria
18;Calabria;078;Cosenza;078037;Cerisano;078037;Cerisano;078;Cosenza;18;Calabria
18;Calabria;078;Cosenza;078038;Cervicati;078038;Cervicati;078;Cosenza;18;Calabria
18;Calabria;078;Cosenza;078039;Cerzeto;078039;Cerzeto;078;Cosenza;18;Calabria
18;Calabria;078;Cosenza;078040;Cetraro;078040;Cetraro;078;Cosenza;18;Calabria
18;Calabria;078;Cosenza;078041;Civita;078041;Civita;078;Cosenza;18;Calabria
18;Calabria;078;Cosenza;078042;Cleto;078042;Cleto;078;Cosenza;18;Calabria
18;Calabria;078;Cosenza;078043;Colosimi;078043;Colosimi;078;Cosenza;18;Calabria
18;Calabria;078;Cosenza;078044;Corigliano Calabro;078157;Corigliano-Rossano;078;Cosenza;18;Calabria
18;Calabria;078;Cosenza;078045;Cosenza;078045;Cosenza;078;Cosenza;18;Calabria
18;Calabria;078;Cosenza;078046;Cropalati;078046;Cropalati;078;Cosenza;18;Calabria
18;Calabria;078;Cosenza;078047;Crosia;078047;Crosia;078;Cosenza;18;Calabria
18;Calabria;078;Cosenza;078048;Diamante;078048;Diamante;078;Cosenza;18;Calabria
18;Calabria;078;Cosenza;078049;Dipignano;078049;Dipignano;078;Cosenza;18;Calabria
18;Calabria;078;Cosenza;078050;Domanico;078050;Domanico;078;Cosenza;18;Calabria
18;Calabria;078;Cosenza;078051;Fagnano Castello;078051;Fagnano Castello;078;Cosenza;18;Calabria
18;Calabria;078;Cosenza;078052;Falconara Albanese;078052;Falconara Albanese;078;Cosenza;18;Calabria
18;Calabria;078;Cosenza;078053;Figline Vegliaturo;078053;Figline Vegliaturo;078;Cosenza;18;Calabria
18;Calabria;078;Cosenza;078054;Firmo;078054;Firmo;078;Cosenza;18;Calabria
18;Calabria;078;Cosenza;078055;Fiumefreddo Bruzio;078055;Fiumefreddo Bruzio;078;Cosenza;18;Calabria
18;Calabria;078;Cosenza;078056;Francavilla Marittima;078056;Francavilla Marittima;078;Cosenza;18;Calabria
18;Calabria;078;Cosenza;078057;Frascineto;078057;Frascineto;078;Cosenza;18;Calabria
18;Calabria;078;Cosenza;078058;Fuscaldo;078058;Fuscaldo;078;Cosenza;18;Calabria
18;Calabria;078;Cosenza;078059;Grimaldi;078059;Grimaldi;078;Cosenza;18;Calabria
18;Calabria;078;Cosenza;078060;Grisolia;078060;Grisolia;078;Cosenza;18;Calabria
18;Calabria;078;Cosenza;078061;Guardia Piemontese;078061;Guardia Piemontese;078;Cosenza;18;Calabria
18;Calabria;078;Cosenza;078062;Lago;078062;Lago;078;Cosenza;18;Calabria
18;Calabria;078;Cosenza;078063;Laino Borgo;078063;Laino Borgo;078;Cosenza;18;Calabria
18;Calabria;078;Cosenza;078064;Laino Castello;078064;Laino Castello;078;Cosenza;18;Calabria
18;Calabria;078;Cosenza;078065;Lappano;078065;Lappano;078;Cosenza;18;Calabria
18;Calabria;078;Cosenza;078066;Lattarico;078066;Lattarico;078;Cosenza;18;Calabria
18;Calabria;078;Cosenza;078067;Longobardi;078067;Longobardi;078;Cosenza;18;Calabria
18;Calabria;078;Cosenza;078068;Longobucco;078068;Longobucco;078;Cosenza;18;Calabria
18;Calabria;078;Cosenza;078069;Lungro;078069;Lungro;078;Cosenza;18;Calabria
18;Calabria;078;Cosenza;078070;Luzzi;078070;Luzzi;078;Cosenza;18;Calabria
18;Calabria;078;Cosenza;078071;Maierà;078071;Maierà;078;Cosenza;18;Calabria
18;Calabria;078;Cosenza;078072;Malito;078072;Malito;078;Cosenza;18;Calabria
18;Calabria;078;Cosenza;078073;Malvito;078073;Malvito;078;Cosenza;18;Calabria
18;Calabria;078;Cosenza;078074;Mandatoriccio;078074;Mandatoriccio;078;Cosenza;18;Calabria
18;Calabria;078;Cosenza;078075;Mangone;078075;Mangone;078;Cosenza;18;Calabria
18;Calabria;078;Cosenza;078076;Marano Marchesato;078076;Marano Marchesato;078;Cosenza;18;Calabria
18;Calabria;078;Cosenza;078077;Marano Principato;078077;Marano Principato;078;Cosenza;18;Calabria
18;Calabria;078;Cosenza;078078;Marzi;078078;Marzi;078;Cosenza;18;Calabria
18;Calabria;078;Cosenza;078079;Mendicino;078079;Mendicino;078;Cosenza;18;Calabria
18;Calabria;078;Cosenza;078080;Mongrassano;078080;Mongrassano;078;Cosenza;18;Calabria
18;Calabria;078;Cosenza;078081;Montalto Uffugo;078081;Montalto Uffugo;078;Cosenza;18;Calabria
18;Calabria;078;Cosenza;078082;Montegiordano;078082;Montegiordano;078;Cosenza;18;Calabria
18;Calabria;078;Cosenza;078083;Morano Calabro;078083;Morano Calabro;078;Cosenza;18;Calabria
18;Calabria;078;Cosenza;078084;Mormanno;078084;Mormanno;078;Cosenza;18;Calabria
18;Calabria;078;Cosenza;078085;Mottafollone;078085;Mottafollone;078;Cosenza;18;Calabria
18;Calabria;078;Cosenza;078086;Nocara;078086;Nocara;078;Cosenza;18;Calabria
18;Calabria;078;Cosenza;078087;Oriolo;078087;Oriolo;078;Cosenza;18;Calabria
18;Calabria;078;Cosenza;078088;Orsomarso;078088;Orsomarso;078;Cosenza;18;Calabria
18;Calabria;078;Cosenza;078089;Paludi;078089;Paludi;078;Cosenza;18;Calabria
18;Calabria;078;Cosenza;078090;Panettieri;078090;Panettieri;078;Cosenza;18;Calabria
18;Calabria;078;Cosenza;078091;Paola;078091;Paola;078;Cosenza;18;Calabria
18;Calabria;078;Cosenza;078092;Papasidero;078092;Papasidero;078;Cosenza;18;Calabria
18;Calabria;078;Cosenza;078093;Parenti;078093;Parenti;078;Cosenza;18;Calabria
18;Calabria;078;Cosenza;078094;Paterno Calabro;078094;Paterno Calabro;078;Cosenza;18;Calabria
18;Calabria;078;Cosenza;078095;Pedace;078156;Casali del Manco;078;Cosenza;18;Calabria
18;Calabria;078;Cosenza;078096;Pedivigliano;078096;Pedivigliano;078;Cosenza;18;Calabria
18;Calabria;078;Cosenza;078097;Piane Crati;078097;Piane Crati;078;Cosenza;18;Calabria
18;Calabria;078;Cosenza;078098;Pietrafitta;078098;Pietrafitta;078;Cosenza;18;Calabria
18;Calabria;078;Cosenza;078099;Pietrapaola;078099;Pietrapaola;078;Cosenza;18;Calabria
18;Calabria;078;Cosenza;078100;Plataci;078100;Plataci;078;Cosenza;18;Calabria
18;Calabria;078;Cosenza;078101;Praia a Mare;078101;Praia a Mare;078;Cosenza;18;Calabria
18;Calabria;078;Cosenza;078102;Rende;078102;Rende;078;Cosenza;18;Calabria
18;Calabria;078;Cosenza;078103;Rocca Imperiale;078103;Rocca Imperiale;078;Cosenza;18;Calabria
18;Calabria;078;Cosenza;078104;Roggiano Gravina;078104;Roggiano Gravina;078;Cosenza;18;Calabria
18;Calabria;078;Cosenza;078105;Rogliano;078105;Rogliano;078;Cosenza;18;Calabria
18;Calabria;078;Cosenza;078106;Rose;078106;Rose;078;Cosenza;18;Calabria
18;Calabria;078;Cosenza;078107;Roseto Capo Spulico;078107;Roseto Capo Spulico;078;Cosenza;18;Calabria
18;Calabria;078;Cosenza;078108;Rossano;078157;Corigliano-Rossano;078;Cosenza;18;Calabria
18;Calabria;078;Cosenza;078109;Rota Greca;078109;Rota Greca;078;Cosenza;18;Calabria
18;Calabria;078;Cosenza;078110;Rovito;078110;Rovito;078;Cosenza;18;Calabria
18;Calabria;078;Cosenza;078111;San Basile;078111;San Basile;078;Cosenza;18;Calabria
18;Calabria;078;Cosenza;078112;San Benedetto Ullano;078112;San Benedetto Ullano;078;Cosenza;18;Calabria
18;Calabria;078;Cosenza;078113;San Cosmo Albanese;078113;San Cosmo Albanese;078;Cosenza;18;Calabria
18;Calabria;078;Cosenza;078114;San Demetrio Corone;078114;San Demetrio Corone;078;Cosenza;18;Calabria
18;Calabria;078;Cosenza;078115;San Donato di Ninea;078115;San Donato di Ninea;078;Cosenza;18;Calabria
18;Calabria;078;Cosenza;078116;San Fili;078116;San Fili;078;Cosenza;18;Calabria
18;Calabria;078;Cosenza;078117;Sangineto;078117;Sangineto;078;Cosenza;18;Calabria
18;Calabria;078;Cosenza;078118;San Giorgio Albanese;078118;San Giorgio Albanese;078;Cosenza;18;Calabria
18;Calabria;078;Cosenza;078119;San Giovanni in Fiore;078119;San Giovanni in Fiore;078;Cosenza;18;Calabria
18;Calabria;078;Cosenza;078120;San Lorenzo Bellizzi;078120;San Lorenzo Bellizzi;078;Cosenza;18;Calabria
18;Calabria;078;Cosenza;078121;San Lorenzo del Vallo;078121;San Lorenzo del Vallo;078;Cosenza;18;Calabria
18;Calabria;078;Cosenza;078122;San Lucido;078122;San Lucido;078;Cosenza;18;Calabria
18;Calabria;078;Cosenza;078123;San Marco Argentano;078123;San Marco Argentano;078;Cosenza;18;Calabria
18;Calabria;078;Cosenza;078124;San Martino di Finita;078124;San Martino di Finita;078;Cosenza;18;Calabria
18;Calabria;078;Cosenza;078125;San Nicola Arcella;078125;San Nicola Arcella;078;Cosenza;18;Calabria
18;Calabria;078;Cosenza;078126;San Pietro in Amantea;078126;San Pietro in Amantea;078;Cosenza;18;Calabria
18;Calabria;078;Cosenza;078127;San Pietro in Guarano;078127;San Pietro in Guarano;078;Cosenza;18;Calabria
18;Calabria;078;Cosenza;078128;San Sosti;078128;San Sosti;078;Cosenza;18;Calabria
18;Calabria;078;Cosenza;078129;Santa Caterina Albanese;078129;Santa Caterina Albanese;078;Cosenza;18;Calabria
18;Calabria;078;Cosenza;078130;Santa Domenica Talao;078130;Santa Domenica Talao;078;Cosenza;18;Calabria
18;Calabria;078;Cosenza;078131;Sant'Agata di Esaro;078131;Sant'Agata di Esaro;078;Cosenza;18;Calabria
18;Calabria;078;Cosenza;078132;Santa Maria del Cedro;078132;Santa Maria del Cedro;078;Cosenza;18;Calabria
18;Calabria;078;Cosenza;078133;Santa Sofia d'Epiro;078133;Santa Sofia d'Epiro;078;Cosenza;18;Calabria
18;Calabria;078;Cosenza;078134;Santo Stefano di Rogliano;078134;Santo Stefano di Rogliano;078;Cosenza;18;Calabria
18;Calabria;078;Cosenza;078135;San Vincenzo La Costa;078135;San Vincenzo La Costa;078;Cosenza;18;Calabria
18;Calabria;078;Cosenza;078136;Saracena;078136;Saracena;078;Cosenza;18;Calabria
18;Calabria;078;Cosenza;078137;Scala Coeli;078137;Scala Coeli;078;Cosenza;18;Calabria
18;Calabria;078;Cosenza;078138;Scalea;078138;Scalea;078;Cosenza;18;Calabria
18;Calabria;078;Cosenza;078139;Scigliano;078139;Scigliano;078;Cosenza;18;Calabria
18;Calabria;078;Cosenza;078140;Serra d'Aiello;078140;Serra d'Aiello;078;Cosenza;18;Calabria
18;Calabria;078;Cosenza;078141;Serra Pedace;078156;Casali del Manco;078;Cosenza;18;Calabria
18;Calabria;078;Cosenza;078142;Spezzano Albanese;078142;Spezzano Albanese;078;Cosenza;18;Calabria
18;Calabria;078;Cosenza;078143;Spezzano della Sila;078143;Spezzano della Sila;078;Cosenza;18;Calabria
18;Calabria;078;Cosenza;078144;Spezzano Piccolo;078156;Casali del Manco;078;Cosenza;18;Calabria
18;Calabria;078;Cosenza;078145;Tarsia;078145;Tarsia;078;Cosenza;18;Calabria
18;Calabria;078;Cosenza;078146;Terranova da Sibari;078146;Terranova da Sibari;078;Cosenza;18;Calabria
18;Calabria;078;Cosenza;078147;Terravecchia;078147;Terravecchia;078;Cosenza;18;Calabria
18;Calabria;078;Cosenza;078148;Torano Castello;078148;Torano Castello;078;Cosenza;18;Calabria
18;Calabria;078;Cosenza;078149;Tortora;078149;Tortora;078;Cosenza;18;Calabria
18;Calabria;078;Cosenza;078150;Trebisacce;078150;Trebisacce;078;Cosenza;18;Calabria
18;Calabria;078;Cosenza;078151;Trenta;078156;Casali del Manco;078;Cosenza;18;Calabria
18;Calabria;078;Cosenza;078152;Vaccarizzo Albanese;078152;Vaccarizzo Albanese;078;Cosenza;18;Calabria
18;Calabria;078;Cosenza;078153;Verbicaro;078153;Verbicaro;078;Cosenza;18;Calabria
18;Calabria;078;Cosenza;078154;Villapiana;078154;Villapiana;078;Cosenza;18;Calabria
18;Calabria;078;Cosenza;078155;Zumpano;078155;Zumpano;078;Cosenza;18;Calabria
18;Calabria;079;Catanzaro;079002;Albi;079002;Albi;079;Catanzaro;18;Calabria
18;Calabria;079;Catanzaro;079003;Amaroni;079003;Amaroni;079;Catanzaro;18;Calabria
18;Calabria;079;Catanzaro;079004;Amato;079004;Amato;079;Catanzaro;18;Calabria
18;Calabria;079;Catanzaro;079005;Andali;079005;Andali;079;Catanzaro;18;Calabria
18;Calabria;079;Catanzaro;079007;Argusto;079007;Argusto;079;Catanzaro;18;Calabria
18;Calabria;079;Catanzaro;079008;Badolato;079008;Badolato;079;Catanzaro;18;Calabria
18;Calabria;079;Catanzaro;079009;Belcastro;079009;Belcastro;079;Catanzaro;18;Calabria
18;Calabria;079;Catanzaro;079011;Borgia;079011;Borgia;079;Catanzaro;18;Calabria
18;Calabria;079;Catanzaro;079012;Botricello;079012;Botricello;079;Catanzaro;18;Calabria
18;Calabria;079;Catanzaro;079017;Caraffa di Catanzaro;079017;Caraffa di Catanzaro;079;Catanzaro;18;Calabria
18;Calabria;079;Catanzaro;079018;Cardinale;079018;Cardinale;079;Catanzaro;18;Calabria
18;Calabria;079;Catanzaro;079020;Carlopoli;079020;Carlopoli;079;Catanzaro;18;Calabria
18;Calabria;079;Catanzaro;079023;Catanzaro;079023;Catanzaro;079;Catanzaro;18;Calabria
18;Calabria;079;Catanzaro;079024;Cenadi;079024;Cenadi;079;Catanzaro;18;Calabria
18;Calabria;079;Catanzaro;079025;Centrache;079025;Centrache;079;Catanzaro;18;Calabria
18;Calabria;079;Catanzaro;079027;Cerva;079027;Cerva;079;Catanzaro;18;Calabria
18;Calabria;079;Catanzaro;079029;Chiaravalle Centrale;079029;Chiaravalle Centrale;079;Catanzaro;18;Calabria
18;Calabria;079;Catanzaro;079030;Cicala;079030;Cicala;079;Catanzaro;18;Calabria
18;Calabria;079;Catanzaro;079033;Conflenti;079033;Conflenti;079;Catanzaro;18;Calabria
18;Calabria;079;Catanzaro;079034;Cortale;079034;Cortale;079;Catanzaro;18;Calabria
18;Calabria;079;Catanzaro;079036;Cropani;079036;Cropani;079;Catanzaro;18;Calabria
18;Calabria;079;Catanzaro;079039;Curinga;079039;Curinga;079;Catanzaro;18;Calabria
18;Calabria;079;Catanzaro;079042;Davoli;079042;Davoli;079;Catanzaro;18;Calabria
18;Calabria;079;Catanzaro;079043;Decollatura;079043;Decollatura;079;Catanzaro;18;Calabria
18;Calabria;079;Catanzaro;079047;Falerna;079047;Falerna;079;Catanzaro;18;Calabria
18;Calabria;079;Catanzaro;079048;Feroleto Antico;079048;Feroleto Antico;079;Catanzaro;18;Calabria
18;Calabria;079;Catanzaro;079052;Fossato Serralta;079052;Fossato Serralta;079;Catanzaro;18;Calabria
18;Calabria;079;Catanzaro;079055;Gagliato;079055;Gagliato;079;Catanzaro;18;Calabria
18;Calabria;079;Catanzaro;079056;Gasperina;079056;Gasperina;079;Catanzaro;18;Calabria
18;Calabria;079;Catanzaro;079058;Gimigliano;079058;Gimigliano;079;Catanzaro;18;Calabria
18;Calabria;079;Catanzaro;079059;Girifalco;079059;Girifalco;079;Catanzaro;18;Calabria
18;Calabria;079;Catanzaro;079060;Gizzeria;079060;Gizzeria;079;Catanzaro;18;Calabria
18;Calabria;079;Catanzaro;079061;Guardavalle;079061;Guardavalle;079;Catanzaro;18;Calabria
18;Calabria;079;Catanzaro;079063;Isca sullo Ionio;079063;Isca sullo Ionio;079;Catanzaro;18;Calabria
18;Calabria;079;Catanzaro;079065;Jacurso;079065;Jacurso;079;Catanzaro;18;Calabria
18;Calabria;079;Catanzaro;079068;Magisano;079068;Magisano;079;Catanzaro;18;Calabria
18;Calabria;079;Catanzaro;079069;Maida;079069;Maida;079;Catanzaro;18;Calabria
18;Calabria;079;Catanzaro;079071;Marcedusa;079071;Marcedusa;079;Catanzaro;18;Calabria
18;Calabria;079;Catanzaro;079072;Marcellinara;079072;Marcellinara;079;Catanzaro;18;Calabria
18;Calabria;079;Catanzaro;079073;Martirano;079073;Martirano;079;Catanzaro;18;Calabria
18;Calabria;079;Catanzaro;079074;Martirano Lombardo;079074;Martirano Lombardo;079;Catanzaro;18;Calabria
18;Calabria;079;Catanzaro;079077;Miglierina;079077;Miglierina;079;Catanzaro;18;Calabria
18;Calabria;079;Catanzaro;079080;Montauro;079080;Montauro;079;Catanzaro;18;Calabria
18;Calabria;079;Catanzaro;079081;Montepaone;079081;Montepaone;079;Catanzaro;18;Calabria
18;Calabria;079;Catanzaro;079083;Motta Santa Lucia;079083;Motta Santa Lucia;079;Catanzaro;18;Calabria
18;Calabria;079;Catanzaro;079087;Nocera Terinese;079087;Nocera Terinese;079;Catanzaro;18;Calabria
18;Calabria;079;Catanzaro;079088;Olivadi;079088;Olivadi;079;Catanzaro;18;Calabria
18;Calabria;079;Catanzaro;079089;Palermiti;079089;Palermiti;079;Catanzaro;18;Calabria
18;Calabria;079;Catanzaro;079092;Pentone;079092;Pentone;079;Catanzaro;18;Calabria
18;Calabria;079;Catanzaro;079094;Petrizzi;079094;Petrizzi;079;Catanzaro;18;Calabria
18;Calabria;079;Catanzaro;079095;Petronà;079095;Petronà;079;Catanzaro;18;Calabria
18;Calabria;079;Catanzaro;079096;Pianopoli;079096;Pianopoli;079;Catanzaro;18;Calabria
18;Calabria;079;Catanzaro;079099;Platania;079099;Platania;079;Catanzaro;18;Calabria
18;Calabria;079;Catanzaro;079108;San Floro;079108;San Floro;079;Catanzaro;18;Calabria
18;Calabria;079;Catanzaro;079110;San Mango d'Aquino;079110;San Mango d'Aquino;079;Catanzaro;18;Calabria
18;Calabria;079;Catanzaro;079114;San Pietro a Maida;079114;San Pietro a Maida;079;Catanzaro;18;Calabria
18;Calabria;079;Catanzaro;079115;San Pietro Apostolo;079115;San Pietro Apostolo;079;Catanzaro;18;Calabria
18;Calabria;079;Catanzaro;079116;San Sostene;079116;San Sostene;079;Catanzaro;18;Calabria
18;Calabria;079;Catanzaro;079117;Santa Caterina dello Ionio;079117;Santa Caterina dello Ionio;079;Catanzaro;18;Calabria
18;Calabria;079;Catanzaro;079118;Sant'Andrea Apostolo dello Ionio;079118;Sant'Andrea Apostolo dello Ionio;079;Catanzaro;18;Calabria
18;Calabria;079;Catanzaro;079122;San Vito sullo Ionio;079122;San Vito sullo Ionio;079;Catanzaro;18;Calabria
18;Calabria;079;Catanzaro;079123;Satriano;079123;Satriano;079;Catanzaro;18;Calabria
18;Calabria;079;Catanzaro;079126;Sellia;079126;Sellia;079;Catanzaro;18;Calabria
18;Calabria;079;Catanzaro;079127;Sellia Marina;079127;Sellia Marina;079;Catanzaro;18;Calabria
18;Calabria;079;Catanzaro;079129;Serrastretta;079129;Serrastretta;079;Catanzaro;18;Calabria
18;Calabria;079;Catanzaro;079130;Sersale;079130;Sersale;079;Catanzaro;18;Calabria
18;Calabria;079;Catanzaro;079131;Settingiano;079131;Settingiano;079;Catanzaro;18;Calabria
18;Calabria;079;Catanzaro;079133;Simeri Crichi;079133;Simeri Crichi;079;Catanzaro;18;Calabria
18;Calabria;079;Catanzaro;079134;Sorbo San Basile;079134;Sorbo San Basile;079;Catanzaro;18;Calabria
18;Calabria;079;Catanzaro;079137;Soverato;079137;Soverato;079;Catanzaro;18;Calabria
18;Calabria;079;Catanzaro;079138;Soveria Mannelli;079138;Soveria Mannelli;079;Catanzaro;18;Calabria
18;Calabria;079;Catanzaro;079139;Soveria Simeri;079139;Soveria Simeri;079;Catanzaro;18;Calabria
18;Calabria;079;Catanzaro;079142;Squillace;079142;Squillace;079;Catanzaro;18;Calabria
18;Calabria;079;Catanzaro;079143;Stalettì;079143;Stalettì;079;Catanzaro;18;Calabria
18;Calabria;079;Catanzaro;079146;Taverna;079146;Taverna;079;Catanzaro;18;Calabria
18;Calabria;079;Catanzaro;079147;Tiriolo;079147;Tiriolo;079;Catanzaro;18;Calabria
18;Calabria;079;Catanzaro;079148;Torre di Ruggiero;079148;Torre di Ruggiero;079;Catanzaro;18;Calabria
18;Calabria;079;Catanzaro;079151;Vallefiorita;079151;Vallefiorita;079;Catanzaro;18;Calabria
18;Calabria;079;Catanzaro;079157;Zagarise;079157;Zagarise;079;Catanzaro;18;Calabria
18;Calabria;079;Catanzaro;079160;Lamezia Terme;079160;Lamezia Terme;079;Catanzaro;18;Calabria
18;Calabria;080;Reggio di Calabria;080001;Africo;080001;Africo;280;Reggio Calabria;18;Calabria
18;Calabria;080;Reggio di Calabria;080002;Agnana Calabra;080002;Agnana Calabra;280;Reggio Calabria;18;Calabria
18;Calabria;080;Reggio di Calabria;080003;Anoia;080003;Anoia;280;Reggio Calabria;18;Calabria
18;Calabria;080;Reggio di Calabria;080004;Antonimina;080004;Antonimina;280;Reggio Calabria;18;Calabria
18;Calabria;080;Reggio di Calabria;080005;Ardore;080005;Ardore;280;Reggio Calabria;18;Calabria
18;Calabria;080;Reggio di Calabria;080006;Bagaladi;080006;Bagaladi;280;Reggio Calabria;18;Calabria
18;Calabria;080;Reggio di Calabria;080007;Bagnara Calabra;080007;Bagnara Calabra;280;Reggio Calabria;18;Calabria
18;Calabria;080;Reggio di Calabria;080008;Benestare;080008;Benestare;280;Reggio Calabria;18;Calabria
18;Calabria;080;Reggio di Calabria;080009;Bianco;080009;Bianco;280;Reggio Calabria;18;Calabria
18;Calabria;080;Reggio di Calabria;080010;Bivongi;080010;Bivongi;280;Reggio Calabria;18;Calabria
18;Calabria;080;Reggio di Calabria;080011;Bova;080011;Bova;280;Reggio Calabria;18;Calabria
18;Calabria;080;Reggio di Calabria;080012;Bovalino;080012;Bovalino;280;Reggio Calabria;18;Calabria
18;Calabria;080;Reggio di Calabria;080013;Bova Marina;080013;Bova Marina;280;Reggio Calabria;18;Calabria
18;Calabria;080;Reggio di Calabria;080014;Brancaleone;080014;Brancaleone;280;Reggio Calabria;18;Calabria
18;Calabria;080;Reggio di Calabria;080015;Bruzzano Zeffirio;080015;Bruzzano Zeffirio;280;Reggio Calabria;18;Calabria
18;Calabria;080;Reggio di Calabria;080016;Calanna;080016;Calanna;280;Reggio Calabria;18;Calabria
18;Calabria;080;Reggio di Calabria;080017;Camini;080017;Camini;280;Reggio Calabria;18;Calabria
18;Calabria;080;Reggio di Calabria;080018;Campo Calabro;080018;Campo Calabro;280;Reggio Calabria;18;Calabria
18;Calabria;080;Reggio di Calabria;080019;Candidoni;080019;Candidoni;280;Reggio Calabria;18;Calabria
18;Calabria;080;Reggio di Calabria;080020;Canolo;080020;Canolo;280;Reggio Calabria;18;Calabria
18;Calabria;080;Reggio di Calabria;080021;Caraffa del Bianco;080021;Caraffa del Bianco;280;Reggio Calabria;18;Calabria
18;Calabria;080;Reggio di Calabria;080022;Cardeto;080022;Cardeto;280;Reggio Calabria;18;Calabria
18;Calabria;080;Reggio di Calabria;080023;Careri;080023;Careri;280;Reggio Calabria;18;Calabria
18;Calabria;080;Reggio di Calabria;080024;Casignana;080024;Casignana;280;Reggio Calabria;18;Calabria
18;Calabria;080;Reggio di Calabria;080025;Caulonia;080025;Caulonia;280;Reggio Calabria;18;Calabria
18;Calabria;080;Reggio di Calabria;080026;Ciminà;080026;Ciminà;280;Reggio Calabria;18;Calabria
18;Calabria;080;Reggio di Calabria;080027;Cinquefrondi;080027;Cinquefrondi;280;Reggio Calabria;18;Calabria
18;Calabria;080;Reggio di Calabria;080028;Cittanova;080028;Cittanova;280;Reggio Calabria;18;Calabria
18;Calabria;080;Reggio di Calabria;080029;Condofuri;080029;Condofuri;280;Reggio Calabria;18;Calabria
18;Calabria;080;Reggio di Calabria;080030;Cosoleto;080030;Cosoleto;280;Reggio Calabria;18;Calabria
18;Calabria;080;Reggio di Calabria;080031;Delianuova;080031;Delianuova;280;Reggio Calabria;18;Calabria
18;Calabria;080;Reggio di Calabria;080032;Feroleto della Chiesa;080032;Feroleto della Chiesa;280;Reggio Calabria;18;Calabria
18;Calabria;080;Reggio di Calabria;080033;Ferruzzano;080033;Ferruzzano;280;Reggio Calabria;18;Calabria
18;Calabria;080;Reggio di Calabria;080034;Fiumara;080034;Fiumara;280;Reggio Calabria;18;Calabria
18;Calabria;080;Reggio di Calabria;080035;Galatro;080035;Galatro;280;Reggio Calabria;18;Calabria
18;Calabria;080;Reggio di Calabria;080036;Gerace;080036;Gerace;280;Reggio Calabria;18;Calabria
18;Calabria;080;Reggio di Calabria;080037;Giffone;080037;Giffone;280;Reggio Calabria;18;Calabria
18;Calabria;080;Reggio di Calabria;080038;Gioia Tauro;080038;Gioia Tauro;280;Reggio Calabria;18;Calabria
18;Calabria;080;Reggio di Calabria;080039;Gioiosa Ionica;080039;Gioiosa Ionica;280;Reggio Calabria;18;Calabria
18;Calabria;080;Reggio di Calabria;080040;Grotteria;080040;Grotteria;280;Reggio Calabria;18;Calabria
18;Calabria;080;Reggio di Calabria;080041;Laganadi;080041;Laganadi;280;Reggio Calabria;18;Calabria
18;Calabria;080;Reggio di Calabria;080042;Laureana di Borrello;080042;Laureana di Borrello;280;Reggio Calabria;18;Calabria
18;Calabria;080;Reggio di Calabria;080043;Locri;080043;Locri;280;Reggio Calabria;18;Calabria
18;Calabria;080;Reggio di Calabria;080044;Mammola;080044;Mammola;280;Reggio Calabria;18;Calabria
18;Calabria;080;Reggio di Calabria;080045;Marina di Gioiosa Ionica;080045;Marina di Gioiosa Ionica;280;Reggio Calabria;18;Calabria
18;Calabria;080;Reggio di Calabria;080046;Maropati;080046;Maropati;280;Reggio Calabria;18;Calabria
18;Calabria;080;Reggio di Calabria;080047;Martone;080047;Martone;280;Reggio Calabria;18;Calabria
18;Calabria;080;Reggio di Calabria;080048;Melicuccà;080048;Melicuccà;280;Reggio Calabria;18;Calabria
18;Calabria;080;Reggio di Calabria;080049;Melicucco;080049;Melicucco;280;Reggio Calabria;18;Calabria
18;Calabria;080;Reggio di Calabria;080050;Melito di Porto Salvo;080050;Melito di Porto Salvo;280;Reggio Calabria;18;Calabria
18;Calabria;080;Reggio di Calabria;080051;Molochio;080051;Molochio;280;Reggio Calabria;18;Calabria
18;Calabria;080;Reggio di Calabria;080052;Monasterace;080052;Monasterace;280;Reggio Calabria;18;Calabria
18;Calabria;080;Reggio di Calabria;080053;Montebello Jonico;080053;Montebello Jonico;280;Reggio Calabria;18;Calabria
18;Calabria;080;Reggio di Calabria;080054;Motta San Giovanni;080054;Motta San Giovanni;280;Reggio Calabria;18;Calabria
18;Calabria;080;Reggio di Calabria;080055;Oppido Mamertina;080055;Oppido Mamertina;280;Reggio Calabria;18;Calabria
18;Calabria;080;Reggio di Calabria;080056;Palizzi;080056;Palizzi;280;Reggio Calabria;18;Calabria
18;Calabria;080;Reggio di Calabria;080057;Palmi;080057;Palmi;280;Reggio Calabria;18;Calabria
18;Calabria;080;Reggio di Calabria;080058;Pazzano;080058;Pazzano;280;Reggio Calabria;18;Calabria
18;Calabria;080;Reggio di Calabria;080059;Placanica;080059;Placanica;280;Reggio Calabria;18;Calabria
18;Calabria;080;Reggio di Calabria;080060;Platì;080060;Platì;280;Reggio Calabria;18;Calabria
18;Calabria;080;Reggio di Calabria;080061;Polistena;080061;Polistena;280;Reggio Calabria;18;Calabria
18;Calabria;080;Reggio di Calabria;080062;Portigliola;080062;Portigliola;280;Reggio Calabria;18;Calabria
18;Calabria;080;Reggio di Calabria;080063;Reggio di Calabria;080063;Reggio di Calabria;280;Reggio Calabria;18;Calabria
18;Calabria;080;Reggio di Calabria;080064;Riace;080064;Riace;280;Reggio Calabria;18;Calabria
18;Calabria;080;Reggio di Calabria;080065;Rizziconi;080065;Rizziconi;280;Reggio Calabria;18;Calabria
18;Calabria;080;Reggio di Calabria;080066;Roccaforte del Greco;080066;Roccaforte del Greco;280;Reggio Calabria;18;Calabria
18;Calabria;080;Reggio di Calabria;080067;Roccella Ionica;080067;Roccella Ionica;280;Reggio Calabria;18;Calabria
18;Calabria;080;Reggio di Calabria;080068;Roghudi;080068;Roghudi;280;Reggio Calabria;18;Calabria
18;Calabria;080;Reggio di Calabria;080069;Rosarno;080069;Rosarno;280;Reggio Calabria;18;Calabria
18;Calabria;080;Reggio di Calabria;080070;Samo;080070;Samo;280;Reggio Calabria;18;Calabria
18;Calabria;080;Reggio di Calabria;080071;San Giorgio Morgeto;080071;San Giorgio Morgeto;280;Reggio Calabria;18;Calabria
18;Calabria;080;Reggio di Calabria;080072;San Giovanni di Gerace;080072;San Giovanni di Gerace;280;Reggio Calabria;18;Calabria
18;Calabria;080;Reggio di Calabria;080073;San Lorenzo;080073;San Lorenzo;280;Reggio Calabria;18;Calabria
18;Calabria;080;Reggio di Calabria;080074;San Luca;080074;San Luca;280;Reggio Calabria;18;Calabria
18;Calabria;080;Reggio di Calabria;080075;San Pietro di Caridà;080075;San Pietro di Caridà;280;Reggio Calabria;18;Calabria
18;Calabria;080;Reggio di Calabria;080076;San Procopio;080076;San Procopio;280;Reggio Calabria;18;Calabria
18;Calabria;080;Reggio di Calabria;080077;San Roberto;080077;San Roberto;280;Reggio Calabria;18;Calabria
18;Calabria;080;Reggio di Calabria;080078;Santa Cristina d'Aspromonte;080078;Santa Cristina d'Aspromonte;280;Reggio Calabria;18;Calabria
18;Calabria;080;Reggio di Calabria;080079;Sant'Agata del Bianco;080079;Sant'Agata del Bianco;280;Reggio Calabria;18;Calabria
18;Calabria;080;Reggio di Calabria;080080;Sant'Alessio in Aspromonte;080080;Sant'Alessio in Aspromonte;280;Reggio Calabria;18;Calabria
18;Calabria;080;Reggio di Calabria;080081;Sant'Eufemia d'Aspromonte;080081;Sant'Eufemia d'Aspromonte;280;Reggio Calabria;18;Calabria
18;Calabria;080;Reggio di Calabria;080082;Sant'Ilario dello Ionio;080082;Sant'Ilario dello Ionio;280;Reggio Calabria;18;Calabria
18;Calabria;080;Reggio di Calabria;080083;Santo Stefano in Aspromonte;080083;Santo Stefano in Aspromonte;280;Reggio Calabria;18;Calabria
18;Calabria;080;Reggio di Calabria;080084;Scido;080084;Scido;280;Reggio Calabria;18;Calabria
18;Calabria;080;Reggio di Calabria;080085;Scilla;080085;Scilla;280;Reggio Calabria;18;Calabria
18;Calabria;080;Reggio di Calabria;080086;Seminara;080086;Seminara;280;Reggio Calabria;18;Calabria
18;Calabria;080;Reggio di Calabria;080087;Serrata;080087;Serrata;280;Reggio Calabria;18;Calabria
18;Calabria;080;Reggio di Calabria;080088;Siderno;080088;Siderno;280;Reggio Calabria;18;Calabria
18;Calabria;080;Reggio di Calabria;080089;Sinopoli;080089;Sinopoli;280;Reggio Calabria;18;Calabria
18;Calabria;080;Reggio di Calabria;080090;Staiti;080090;Staiti;280;Reggio Calabria;18;Calabria
18;Calabria;080;Reggio di Calabria;080091;Stignano;080091;Stignano;280;Reggio Calabria;18;Calabria
18;Calabria;080;Reggio di Calabria;080092;Stilo;080092;Stilo;280;Reggio Calabria;18;Calabria
18;Calabria;080;Reggio di Calabria;080093;Taurianova;080093;Taurianova;280;Reggio Calabria;18;Calabria
18;Calabria;080;Reggio di Calabria;080094;Terranova Sappo Minulio;080094;Terranova Sappo Minulio;280;Reggio Calabria;18;Calabria
18;Calabria;080;Reggio di Calabria;080095;Varapodio;080095;Varapodio;280;Reggio Calabria;18;Calabria
18;Calabria;080;Reggio di Calabria;080096;Villa San Giovanni;080096;Villa San Giovanni;280;Reggio Calabria;18;Calabria
18;Calabria;080;Reggio di Calabria;080097;San Ferdinando;080097;San Ferdinando;280;Reggio Calabria;18;Calabria
19;Sicilia;081;Trapani;081001;Alcamo;081001;Alcamo;081;Trapani;19;Sicilia
19;Sicilia;081;Trapani;081002;Buseto Palizzolo;081002;Buseto Palizzolo;081;Trapani;19;Sicilia
19;Sicilia;081;Trapani;081003;Calatafimi-Segesta;081003;Calatafimi-Segesta;081;Trapani;19;Sicilia
19;Sicilia;081;Trapani;081004;Campobello di Mazara;081004;Campobello di Mazara;081;Trapani;19;Sicilia
19;Sicilia;081;Trapani;081005;Castellammare del Golfo;081005;Castellammare del Golfo;081;Trapani;19;Sicilia
19;Sicilia;081;Trapani;081006;Castelvetrano;081006;Castelvetrano;081;Trapani;19;Sicilia
19;Sicilia;081;Trapani;081007;Custonaci;081007;Custonaci;081;Trapani;19;Sicilia
19;Sicilia;081;Trapani;081008;Erice;081008;Erice;081;Trapani;19;Sicilia
19;Sicilia;081;Trapani;081009;Favignana;081009;Favignana;081;Trapani;19;Sicilia
19;Sicilia;081;Trapani;081010;Gibellina;081010;Gibellina;081;Trapani;19;Sicilia
19;Sicilia;081;Trapani;081011;Marsala;081011;Marsala;081;Trapani;19;Sicilia
19;Sicilia;081;Trapani;081012;Mazara del Vallo;081012;Mazara del Vallo;081;Trapani;19;Sicilia
19;Sicilia;081;Trapani;081013;Paceco;081013;Paceco;081;Trapani;19;Sicilia
19;Sicilia;081;Trapani;081014;Pantelleria;081014;Pantelleria;081;Trapani;19;Sicilia
19;Sicilia;081;Trapani;081015;Partanna;081015;Partanna;081;Trapani;19;Sicilia
19;Sicilia;081;Trapani;081016;Poggioreale;081016;Poggioreale;081;Trapani;19;Sicilia
19;Sicilia;081;Trapani;081017;Salaparuta;081017;Salaparuta;081;Trapani;19;Sicilia
19;Sicilia;081;Trapani;081018;Salemi;081018;Salemi;081;Trapani;19;Sicilia
19;Sicilia;081;Trapani;081019;Santa Ninfa;081019;Santa Ninfa;081;Trapani;19;Sicilia
19;Sicilia;081;Trapani;081020;San Vito Lo Capo;081020;San Vito Lo Capo;081;Trapani;19;Sicilia
19;Sicilia;081;Trapani;081021;Trapani;081021;Trapani;081;Trapani;19;Sicilia
19;Sicilia;081;Trapani;081022;Valderice;081022;Valderice;081;Trapani;19;Sicilia
19;Sicilia;081;Trapani;081023;Vita;081023;Vita;081;Trapani;19;Sicilia
19;Sicilia;081;Trapani;081024;Petrosino;081024;Petrosino;081;Trapani;19;Sicilia
19;Sicilia;082;Palermo;082001;Alia;082001;Alia;282;Palermo;19;Sicilia
19;Sicilia;082;Palermo;082002;Alimena;082002;Alimena;282;Palermo;19;Sicilia
19;Sicilia;082;Palermo;082003;Aliminusa;082003;Aliminusa;282;Palermo;19;Sicilia
19;Sicilia;082;Palermo;082004;Altavilla Milicia;082004;Altavilla Milicia;282;Palermo;19;Sicilia
19;Sicilia;082;Palermo;082005;Altofonte;082005;Altofonte;282;Palermo;19;Sicilia
19;Sicilia;082;Palermo;082006;Bagheria;082006;Bagheria;282;Palermo;19;Sicilia
19;Sicilia;082;Palermo;082007;Balestrate;082007;Balestrate;282;Palermo;19;Sicilia
19;Sicilia;082;Palermo;082008;Baucina;082008;Baucina;282;Palermo;19;Sicilia
19;Sicilia;082;Palermo;082009;Belmonte Mezzagno;082009;Belmonte Mezzagno;282;Palermo;19;Sicilia
19;Sicilia;082;Palermo;082010;Bisacquino;082010;Bisacquino;282;Palermo;19;Sicilia
19;Sicilia;082;Palermo;082011;Bolognetta;082011;Bolognetta;282;Palermo;19;Sicilia
19;Sicilia;082;Palermo;082012;Bompietro;082012;Bompietro;282;Palermo;19;Sicilia
19;Sicilia;082;Palermo;082013;Borgetto;082013;Borgetto;282;Palermo;19;Sicilia
19;Sicilia;082;Palermo;082014;Caccamo;082014;Caccamo;282;Palermo;19;Sicilia
19;Sicilia;082;Palermo;082015;Caltavuturo;082015;Caltavuturo;282;Palermo;19;Sicilia
19;Sicilia;082;Palermo;082016;Campofelice di Fitalia;082016;Campofelice di Fitalia;282;Palermo;19;Sicilia
19;Sicilia;082;Palermo;082017;Campofelice di Roccella;082017;Campofelice di Roccella;282;Palermo;19;Sicilia
19;Sicilia;082;Palermo;082018;Campofiorito;082018;Campofiorito;282;Palermo;19;Sicilia
19;Sicilia;082;Palermo;082019;Camporeale;082019;Camporeale;282;Palermo;19;Sicilia
19;Sicilia;082;Palermo;082020;Capaci;082020;Capaci;282;Palermo;19;Sicilia
19;Sicilia;082;Palermo;082021;Carini;082021;Carini;282;Palermo;19;Sicilia
19;Sicilia;082;Palermo;082022;Castelbuono;082022;Castelbuono;282;Palermo;19;Sicilia
19;Sicilia;082;Palermo;082023;Casteldaccia;082023;Casteldaccia;282;Palermo;19;Sicilia
19;Sicilia;082;Palermo;082024;Castellana Sicula;082024;Castellana Sicula;282;Palermo;19;Sicilia
19;Sicilia;082;Palermo;082025;Castronovo di Sicilia;082025;Castronovo di Sicilia;282;Palermo;19;Sicilia
19;Sicilia;082;Palermo;082026;Cefalà Diana;082026;Cefalà Diana;282;Palermo;19;Sicilia
19;Sicilia;082;Palermo;082027;Cefalù;082027;Cefalù;282;Palermo;19;Sicilia
19;Sicilia;082;Palermo;082028;Cerda;082028;Cerda;282;Palermo;19;Sicilia
19;Sicilia;082;Palermo;082029;Chiusa Sclafani;082029;Chiusa Sclafani;282;Palermo;19;Sicilia
19;Sicilia;082;Palermo;082030;Ciminna;082030;Ciminna;282;Palermo;19;Sicilia
19;Sicilia;082;Palermo;082031;Cinisi;082031;Cinisi;282;Palermo;19;Sicilia
19;Sicilia;082;Palermo;082032;Collesano;082032;Collesano;282;Palermo;19;Sicilia
19;Sicilia;082;Palermo;082033;Contessa Entellina;082033;Contessa Entellina;282;Palermo;19;Sicilia
19;Sicilia;082;Palermo;082034;Corleone;082034;Corleone;282;Palermo;19;Sicilia
19;Sicilia;082;Palermo;082035;Ficarazzi;082035;Ficarazzi;282;Palermo;19;Sicilia
19;Sicilia;082;Palermo;082036;Gangi;082036;Gangi;282;Palermo;19;Sicilia
19;Sicilia;082;Palermo;082037;Geraci Siculo;082037;Geraci Siculo;282;Palermo;19;Sicilia
19;Sicilia;082;Palermo;082038;Giardinello;082038;Giardinello;282;Palermo;19;Sicilia
19;Sicilia;082;Palermo;082039;Giuliana;082039;Giuliana;282;Palermo;19;Sicilia
19;Sicilia;082;Palermo;082040;Godrano;082040;Godrano;282;Palermo;19;Sicilia
19;Sicilia;082;Palermo;082041;Gratteri;082041;Gratteri;282;Palermo;19;Sicilia
19;Sicilia;082;Palermo;082042;Isnello;082042;Isnello;282;Palermo;19;Sicilia
19;Sicilia;082;Palermo;082043;Isola delle Femmine;082043;Isola delle Femmine;282;Palermo;19;Sicilia
19;Sicilia;082;Palermo;082044;Lascari;082044;Lascari;282;Palermo;19;Sicilia
19;Sicilia;082;Palermo;082045;Lercara Friddi;082045;Lercara Friddi;282;Palermo;19;Sicilia
19;Sicilia;082;Palermo;082046;Marineo;082046;Marineo;282;Palermo;19;Sicilia
19;Sicilia;082;Palermo;082047;Mezzojuso;082047;Mezzojuso;282;Palermo;19;Sicilia
19;Sicilia;082;Palermo;082048;Misilmeri;082048;Misilmeri;282;Palermo;19;Sicilia
19;Sicilia;082;Palermo;082049;Monreale;082049;Monreale;282;Palermo;19;Sicilia
19;Sicilia;082;Palermo;082050;Montelepre;082050;Montelepre;282;Palermo;19;Sicilia
19;Sicilia;082;Palermo;082051;Montemaggiore Belsito;082051;Montemaggiore Belsito;282;Palermo;19;Sicilia
19;Sicilia;082;Palermo;082052;Palazzo Adriano;082052;Palazzo Adriano;282;Palermo;19;Sicilia
19;Sicilia;082;Palermo;082053;Palermo;082053;Palermo;282;Palermo;19;Sicilia
19;Sicilia;082;Palermo;082054;Partinico;082054;Partinico;282;Palermo;19;Sicilia
19;Sicilia;082;Palermo;082055;Petralia Soprana;082055;Petralia Soprana;282;Palermo;19;Sicilia
19;Sicilia;082;Palermo;082056;Petralia Sottana;082056;Petralia Sottana;282;Palermo;19;Sicilia
19;Sicilia;082;Palermo;082057;Piana degli Albanesi;082057;Piana degli Albanesi;282;Palermo;19;Sicilia
19;Sicilia;082;Palermo;082058;Polizzi Generosa;082058;Polizzi Generosa;282;Palermo;19;Sicilia
19;Sicilia;082;Palermo;082059;Pollina;082059;Pollina;282;Palermo;19;Sicilia
19;Sicilia;082;Palermo;082060;Prizzi;082060;Prizzi;282;Palermo;19;Sicilia
19;Sicilia;082;Palermo;082061;Roccamena;082061;Roccamena;282;Palermo;19;Sicilia
19;Sicilia;082;Palermo;082062;Roccapalumba;082062;Roccapalumba;282;Palermo;19;Sicilia
19;Sicilia;082;Palermo;082063;San Cipirello;082063;San Cipirello;282;Palermo;19;Sicilia
19;Sicilia;082;Palermo;082064;San Giuseppe Jato;082064;San Giuseppe Jato;282;Palermo;19;Sicilia
19;Sicilia;082;Palermo;082065;San Mauro Castelverde;082065;San Mauro Castelverde;282;Palermo;19;Sicilia
19;Sicilia;082;Palermo;082066;Santa Cristina Gela;082066;Santa Cristina Gela;282;Palermo;19;Sicilia
19;Sicilia;082;Palermo;082067;Santa Flavia;082067;Santa Flavia;282;Palermo;19;Sicilia
19;Sicilia;082;Palermo;082068;Sciara;082068;Sciara;282;Palermo;19;Sicilia
19;Sicilia;082;Palermo;082069;Sclafani Bagni;082069;Sclafani Bagni;282;Palermo;19;Sicilia
19;Sicilia;082;Palermo;082070;Termini Imerese;082070;Termini Imerese;282;Palermo;19;Sicilia
19;Sicilia;082;Palermo;082071;Terrasini;082071;Terrasini;282;Palermo;19;Sicilia
19;Sicilia;082;Palermo;082072;Torretta;082072;Torretta;282;Palermo;19;Sicilia
19;Sicilia;082;Palermo;082073;Trabia;082073;Trabia;282;Palermo;19;Sicilia
19;Sicilia;082;Palermo;082074;Trappeto;082074;Trappeto;282;Palermo;19;Sicilia
19;Sicilia;082;Palermo;082075;Ustica;082075;Ustica;282;Palermo;19;Sicilia
19;Sicilia;082;Palermo;082076;Valledolmo;082076;Valledolmo;282;Palermo;19;Sicilia
19;Sicilia;082;Palermo;082077;Ventimiglia di Sicilia;082077;Ventimiglia di Sicilia;282;Palermo;19;Sicilia
19;Sicilia;082;Palermo;082078;Vicari;082078;Vicari;282;Palermo;19;Sicilia
19;Sicilia;082;Palermo;082079;Villabate;082079;Villabate;282;Palermo;19;Sicilia
19;Sicilia;082;Palermo;082080;Villafrati;082080;Villafrati;282;Palermo;19;Sicilia
19;Sicilia;082;Palermo;082081;Scillato;082081;Scillato;282;Palermo;19;Sicilia
19;Sicilia;082;Palermo;082082;Blufi;082082;Blufi;282;Palermo;19;Sicilia
19;Sicilia;083;Messina;083001;Alcara li Fusi;083001;Alcara li Fusi;283;Messina;19;Sicilia
19;Sicilia;083;Messina;083002;Alì;083002;Alì;283;Messina;19;Sicilia
19;Sicilia;083;Messina;083003;Alì Terme;083003;Alì Terme;283;Messina;19;Sicilia
19;Sicilia;083;Messina;083004;Antillo;083004;Antillo;283;Messina;19;Sicilia
19;Sicilia;083;Messina;083005;Barcellona Pozzo di Gotto;083005;Barcellona Pozzo di Gotto;283;Messina;19;Sicilia
19;Sicilia;083;Messina;083006;Basicò;083006;Basicò;283;Messina;19;Sicilia
19;Sicilia;083;Messina;083007;Brolo;083007;Brolo;283;Messina;19;Sicilia
19;Sicilia;083;Messina;083008;Capizzi;083008;Capizzi;283;Messina;19;Sicilia
19;Sicilia;083;Messina;083009;Capo d'Orlando;083009;Capo d'Orlando;283;Messina;19;Sicilia
19;Sicilia;083;Messina;083010;Capri Leone;083010;Capri Leone;283;Messina;19;Sicilia
19;Sicilia;083;Messina;083011;Caronia;083011;Caronia;283;Messina;19;Sicilia
19;Sicilia;083;Messina;083012;Casalvecchio Siculo;083012;Casalvecchio Siculo;283;Messina;19;Sicilia
19;Sicilia;083;Messina;083013;Castel di Lucio;083013;Castel di Lucio;283;Messina;19;Sicilia
19;Sicilia;083;Messina;083014;Castell'Umberto;083014;Castell'Umberto;283;Messina;19;Sicilia
19;Sicilia;083;Messina;083015;Castelmola;083015;Castelmola;283;Messina;19;Sicilia
19;Sicilia;083;Messina;083016;Castroreale;083016;Castroreale;283;Messina;19;Sicilia
19;Sicilia;083;Messina;083017;Cesarò;083017;Cesarò;283;Messina;19;Sicilia
19;Sicilia;083;Messina;083018;Condrò;083018;Condrò;283;Messina;19;Sicilia
19;Sicilia;083;Messina;083019;Falcone;083019;Falcone;283;Messina;19;Sicilia
19;Sicilia;083;Messina;083020;Ficarra;083020;Ficarra;283;Messina;19;Sicilia
19;Sicilia;083;Messina;083021;Fiumedinisi;083021;Fiumedinisi;283;Messina;19;Sicilia
19;Sicilia;083;Messina;083022;Floresta;083022;Floresta;283;Messina;19;Sicilia
19;Sicilia;083;Messina;083023;Fondachelli-Fantina;083023;Fondachelli-Fantina;283;Messina;19;Sicilia
19;Sicilia;083;Messina;083024;Forza d'Agrò;083024;Forza d'Agrò;283;Messina;19;Sicilia
19;Sicilia;083;Messina;083025;Francavilla di Sicilia;083025;Francavilla di Sicilia;283;Messina;19;Sicilia
19;Sicilia;083;Messina;083026;Frazzanò;083026;Frazzanò;283;Messina;19;Sicilia
19;Sicilia;083;Messina;083027;Furci Siculo;083027;Furci Siculo;283;Messina;19;Sicilia
19;Sicilia;083;Messina;083028;Furnari;083028;Furnari;283;Messina;19;Sicilia
19;Sicilia;083;Messina;083029;Gaggi;083029;Gaggi;283;Messina;19;Sicilia
19;Sicilia;083;Messina;083030;Galati Mamertino;083030;Galati Mamertino;283;Messina;19;Sicilia
19;Sicilia;083;Messina;083031;Gallodoro;083031;Gallodoro;283;Messina;19;Sicilia
19;Sicilia;083;Messina;083032;Giardini-Naxos;083032;Giardini-Naxos;283;Messina;19;Sicilia
19;Sicilia;083;Messina;083033;Gioiosa Marea;083033;Gioiosa Marea;283;Messina;19;Sicilia
19;Sicilia;083;Messina;083034;Graniti;083034;Graniti;283;Messina;19;Sicilia
19;Sicilia;083;Messina;083035;Gualtieri Sicaminò;083035;Gualtieri Sicaminò;283;Messina;19;Sicilia
19;Sicilia;083;Messina;083036;Itala;083036;Itala;283;Messina;19;Sicilia
19;Sicilia;083;Messina;083037;Leni;083037;Leni;283;Messina;19;Sicilia
19;Sicilia;083;Messina;083038;Letojanni;083038;Letojanni;283;Messina;19;Sicilia
19;Sicilia;083;Messina;083039;Librizzi;083039;Librizzi;283;Messina;19;Sicilia
19;Sicilia;083;Messina;083040;Limina;083040;Limina;283;Messina;19;Sicilia
19;Sicilia;083;Messina;083041;Lipari;083041;Lipari;283;Messina;19;Sicilia
19;Sicilia;083;Messina;083042;Longi;083042;Longi;283;Messina;19;Sicilia
19;Sicilia;083;Messina;083043;Malfa;083043;Malfa;283;Messina;19;Sicilia
19;Sicilia;083;Messina;083044;Malvagna;083044;Malvagna;283;Messina;19;Sicilia
19;Sicilia;083;Messina;083045;Mandanici;083045;Mandanici;283;Messina;19;Sicilia
19;Sicilia;083;Messina;083046;Mazzarrà Sant'Andrea;083046;Mazzarrà Sant'Andrea;283;Messina;19;Sicilia
19;Sicilia;083;Messina;083047;Merì;083047;Merì;283;Messina;19;Sicilia
19;Sicilia;083;Messina;083048;Messina;083048;Messina;283;Messina;19;Sicilia
19;Sicilia;083;Messina;083049;Milazzo;083049;Milazzo;283;Messina;19;Sicilia
19;Sicilia;083;Messina;083050;Militello Rosmarino;083050;Militello Rosmarino;283;Messina;19;Sicilia
19;Sicilia;083;Messina;083051;Mirto;083051;Mirto;283;Messina;19;Sicilia
19;Sicilia;083;Messina;083052;Mistretta;083052;Mistretta;283;Messina;19;Sicilia
19;Sicilia;083;Messina;083053;Moio Alcantara;083053;Moio Alcantara;283;Messina;19;Sicilia
19;Sicilia;083;Messina;083054;Monforte San Giorgio;083054;Monforte San Giorgio;283;Messina;19;Sicilia
19;Sicilia;083;Messina;083055;Mongiuffi Melia;083055;Mongiuffi Melia;283;Messina;19;Sicilia
19;Sicilia;083;Messina;083056;Montagnareale;083056;Montagnareale;283;Messina;19;Sicilia
19;Sicilia;083;Messina;083057;Montalbano Elicona;083057;Montalbano Elicona;283;Messina;19;Sicilia
19;Sicilia;083;Messina;083058;Motta Camastra;083058;Motta Camastra;283;Messina;19;Sicilia
19;Sicilia;083;Messina;083059;Motta d'Affermo;083059;Motta d'Affermo;283;Messina;19;Sicilia
19;Sicilia;083;Messina;083060;Naso;083060;Naso;283;Messina;19;Sicilia
19;Sicilia;083;Messina;083061;Nizza di Sicilia;083061;Nizza di Sicilia;283;Messina;19;Sicilia
19;Sicilia;083;Messina;083062;Novara di Sicilia;083062;Novara di Sicilia;283;Messina;19;Sicilia
19;Sicilia;083;Messina;083063;Oliveri;083063;Oliveri;283;Messina;19;Sicilia
19;Sicilia;083;Messina;083064;Pace del Mela;083064;Pace del Mela;283;Messina;19;Sicilia
19;Sicilia;083;Messina;083065;Pagliara;083065;Pagliara;283;Messina;19;Sicilia
19;Sicilia;083;Messina;083066;Patti;083066;Patti;283;Messina;19;Sicilia
19;Sicilia;083;Messina;083067;Pettineo;083067;Pettineo;283;Messina;19;Sicilia
19;Sicilia;083;Messina;083068;Piraino;083068;Piraino;283;Messina;19;Sicilia
19;Sicilia;083;Messina;083069;Raccuja;083069;Raccuja;283;Messina;19;Sicilia
19;Sicilia;083;Messina;083070;Reitano;083070;Reitano;283;Messina;19;Sicilia
19;Sicilia;083;Messina;083071;Roccafiorita;083071;Roccafiorita;283;Messina;19;Sicilia
19;Sicilia;083;Messina;083072;Roccalumera;083072;Roccalumera;283;Messina;19;Sicilia
19;Sicilia;083;Messina;083073;Roccavaldina;083073;Roccavaldina;283;Messina;19;Sicilia
19;Sicilia;083;Messina;083074;Roccella Valdemone;083074;Roccella Valdemone;283;Messina;19;Sicilia
19;Sicilia;083;Messina;083075;Rodì Milici;083075;Rodì Milici;283;Messina;19;Sicilia
19;Sicilia;083;Messina;083076;Rometta;083076;Rometta;283;Messina;19;Sicilia
19;Sicilia;083;Messina;083077;San Filippo del Mela;083077;San Filippo del Mela;283;Messina;19;Sicilia
19;Sicilia;083;Messina;083078;San Fratello;083078;San Fratello;283;Messina;19;Sicilia
19;Sicilia;083;Messina;083079;San Marco d'Alunzio;083079;San Marco d'Alunzio;283;Messina;19;Sicilia
19;Sicilia;083;Messina;083080;San Pier Niceto;083080;San Pier Niceto;283;Messina;19;Sicilia
19;Sicilia;083;Messina;083081;San Piero Patti;083081;San Piero Patti;283;Messina;19;Sicilia
19;Sicilia;083;Messina;083082;San Salvatore di Fitalia;083082;San Salvatore di Fitalia;283;Messina;19;Sicilia
19;Sicilia;083;Messina;083083;Santa Domenica Vittoria;083083;Santa Domenica Vittoria;283;Messina;19;Sicilia
19;Sicilia;083;Messina;083084;Sant'Agata di Militello;083084;Sant'Agata di Militello;283;Messina;19;Sicilia
19;Sicilia;083;Messina;083085;Sant'Alessio Siculo;083085;Sant'Alessio Siculo;283;Messina;19;Sicilia
19;Sicilia;083;Messina;083086;Santa Lucia del Mela;083086;Santa Lucia del Mela;283;Messina;19;Sicilia
19;Sicilia;083;Messina;083087;Santa Marina Salina;083087;Santa Marina Salina;283;Messina;19;Sicilia
19;Sicilia;083;Messina;083088;Sant'Angelo di Brolo;083088;Sant'Angelo di Brolo;283;Messina;19;Sicilia
19;Sicilia;083;Messina;083089;Santa Teresa di Riva;083089;Santa Teresa di Riva;283;Messina;19;Sicilia
19;Sicilia;083;Messina;083090;San Teodoro;083090;San Teodoro;283;Messina;19;Sicilia
19;Sicilia;083;Messina;083091;Santo Stefano di Camastra;083091;Santo Stefano di Camastra;283;Messina;19;Sicilia
19;Sicilia;083;Messina;083092;Saponara;083092;Saponara;283;Messina;19;Sicilia
19;Sicilia;083;Messina;083093;Savoca;083093;Savoca;283;Messina;19;Sicilia
19;Sicilia;083;Messina;083094;Scaletta Zanclea;083094;Scaletta Zanclea;283;Messina;19;Sicilia
19;Sicilia;083;Messina;083095;Sinagra;083095;Sinagra;283;Messina;19;Sicilia
19;Sicilia;083;Messina;083096;Spadafora;083096;Spadafora;283;Messina;19;Sicilia
19;Sicilia;083;Messina;083097;Taormina;083097;Taormina;283;Messina;19;Sicilia
19;Sicilia;083;Messina;083098;Torregrotta;083098;Torregrotta;283;Messina;19;Sicilia
19;Sicilia;083;Messina;083099;Tortorici;083099;Tortorici;283;Messina;19;Sicilia
19;Sicilia;083;Messina;083100;Tripi;083100;Tripi;283;Messina;19;Sicilia
19;Sicilia;083;Messina;083101;Tusa;083101;Tusa;283;Messina;19;Sicilia
19;Sicilia;083;Messina;083102;Ucria;083102;Ucria;283;Messina;19;Sicilia
19;Sicilia;083;Messina;083103;Valdina;083103;Valdina;283;Messina;19;Sicilia
19;Sicilia;083;Messina;083104;Venetico;083104;Venetico;283;Messina;19;Sicilia
19;Sicilia;083;Messina;083105;Villafranca Tirrena;083105;Villafranca Tirrena;283;Messina;19;Sicilia
19;Sicilia;083;Messina;083106;Terme Vigliatore;083106;Terme Vigliatore;283;Messina;19;Sicilia
19;Sicilia;083;Messina;083107;Acquedolci;083107;Acquedolci;283;Messina;19;Sicilia
19;Sicilia;083;Messina;083108;Torrenova;083108;Torrenova;283;Messina;19;Sicilia
19;Sicilia;084;Agrigento;084001;Agrigento;084001;Agrigento;084;Agrigento;19;Sicilia
19;Sicilia;084;Agrigento;084002;Alessandria della Rocca;084002;Alessandria della Rocca;084;Agrigento;19;Sicilia
19;Sicilia;084;Agrigento;084003;Aragona;084003;Aragona;084;Agrigento;19;Sicilia
19;Sicilia;084;Agrigento;084004;Bivona;084004;Bivona;084;Agrigento;19;Sicilia
19;Sicilia;084;Agrigento;084005;Burgio;084005;Burgio;084;Agrigento;19;Sicilia
19;Sicilia;084;Agrigento;084006;Calamonaci;084006;Calamonaci;084;Agrigento;19;Sicilia
19;Sicilia;084;Agrigento;084007;Caltabellotta;084007;Caltabellotta;084;Agrigento;19;Sicilia
19;Sicilia;084;Agrigento;084008;Camastra;084008;Camastra;084;Agrigento;19;Sicilia
19;Sicilia;084;Agrigento;084009;Cammarata;084009;Cammarata;084;Agrigento;19;Sicilia
19;Sicilia;084;Agrigento;084010;Campobello di Licata;084010;Campobello di Licata;084;Agrigento;19;Sicilia
19;Sicilia;084;Agrigento;084011;Canicattì;084011;Canicattì;084;Agrigento;19;Sicilia
19;Sicilia;084;Agrigento;084012;Casteltermini;084012;Casteltermini;084;Agrigento;19;Sicilia
19;Sicilia;084;Agrigento;084013;Castrofilippo;084013;Castrofilippo;084;Agrigento;19;Sicilia
19;Sicilia;084;Agrigento;084014;Cattolica Eraclea;084014;Cattolica Eraclea;084;Agrigento;19;Sicilia
19;Sicilia;084;Agrigento;084015;Cianciana;084015;Cianciana;084;Agrigento;19;Sicilia
19;Sicilia;084;Agrigento;084016;Comitini;084016;Comitini;084;Agrigento;19;Sicilia
19;Sicilia;084;Agrigento;084017;Favara;084017;Favara;084;Agrigento;19;Sicilia
19;Sicilia;084;Agrigento;084018;Grotte;084018;Grotte;084;Agrigento;19;Sicilia
19;Sicilia;084;Agrigento;084019;Joppolo Giancaxio;084019;Joppolo Giancaxio;084;Agrigento;19;Sicilia
19;Sicilia;084;Agrigento;084020;Lampedusa e Linosa;084020;Lampedusa e Linosa;084;Agrigento;19;Sicilia
19;Sicilia;084;Agrigento;084021;Licata;084021;Licata;084;Agrigento;19;Sicilia
19;Sicilia;084;Agrigento;084022;Lucca Sicula;084022;Lucca Sicula;084;Agrigento;19;Sicilia
19;Sicilia;084;Agrigento;084023;Menfi;084023;Menfi;084;Agrigento;19;Sicilia
19;Sicilia;084;Agrigento;084024;Montallegro;084024;Montallegro;084;Agrigento;19;Sicilia
19;Sicilia;084;Agrigento;084025;Montevago;084025;Montevago;084;Agrigento;19;Sicilia
19;Sicilia;084;Agrigento;084026;Naro;084026;Naro;084;Agrigento;19;Sicilia
19;Sicilia;084;Agrigento;084027;Palma di Montechiaro;084027;Palma di Montechiaro;084;Agrigento;19;Sicilia
19;Sicilia;084;Agrigento;084028;Porto Empedocle;084028;Porto Empedocle;084;Agrigento;19;Sicilia
19;Sicilia;084;Agrigento;084029;Racalmuto;084029;Racalmuto;084;Agrigento;19;Sicilia
19;Sicilia;084;Agrigento;084030;Raffadali;084030;Raffadali;084;Agrigento;19;Sicilia
19;Sicilia;084;Agrigento;084031;Ravanusa;084031;Ravanusa;084;Agrigento;19;Sicilia
19;Sicilia;084;Agrigento;084032;Realmonte;084032;Realmonte;084;Agrigento;19;Sicilia
19;Sicilia;084;Agrigento;084033;Ribera;084033;Ribera;084;Agrigento;19;Sicilia
19;Sicilia;084;Agrigento;084034;Sambuca di Sicilia;084034;Sambuca di Sicilia;084;Agrigento;19;Sicilia
19;Sicilia;084;Agrigento;084035;San Biagio Platani;084035;San Biagio Platani;084;Agrigento;19;Sicilia
19;Sicilia;084;Agrigento;084036;San Giovanni Gemini;084036;San Giovanni Gemini;084;Agrigento;19;Sicilia
19;Sicilia;084;Agrigento;084037;Santa Elisabetta;084037;Santa Elisabetta;084;Agrigento;19;Sicilia
19;Sicilia;084;Agrigento;084038;Santa Margherita di Belice;084038;Santa Margherita di Belice;084;Agrigento;19;Sicilia
19;Sicilia;084;Agrigento;084039;Sant'Angelo Muxaro;084039;Sant'Angelo Muxaro;084;Agrigento;19;Sicilia
19;Sicilia;084;Agrigento;084040;Santo Stefano Quisquina;084040;Santo Stefano Quisquina;084;Agrigento;19;Sicilia
19;Sicilia;084;Agrigento;084041;Sciacca;084041;Sciacca;084;Agrigento;19;Sicilia
19;Sicilia;084;Agrigento;084042;Siculiana;084042;Siculiana;084;Agrigento;19;Sicilia
19;Sicilia;084;Agrigento;084043;Villafranca Sicula;084043;Villafranca Sicula;084;Agrigento;19;Sicilia
19;Sicilia;085;Caltanissetta;085001;Acquaviva Platani;085001;Acquaviva Platani;085;Caltanissetta;19;Sicilia
19;Sicilia;085;Caltanissetta;085002;Bompensiere;085002;Bompensiere;085;Caltanissetta;19;Sicilia
19;Sicilia;085;Caltanissetta;085003;Butera;085003;Butera;085;Caltanissetta;19;Sicilia
19;Sicilia;085;Caltanissetta;085004;Caltanissetta;085004;Caltanissetta;085;Caltanissetta;19;Sicilia
19;Sicilia;085;Caltanissetta;085005;Campofranco;085005;Campofranco;085;Caltanissetta;19;Sicilia
19;Sicilia;085;Caltanissetta;085006;Delia;085006;Delia;085;Caltanissetta;19;Sicilia
19;Sicilia;085;Caltanissetta;085007;Gela;085007;Gela;085;Caltanissetta;19;Sicilia
19;Sicilia;085;Caltanissetta;085008;Marianopoli;085008;Marianopoli;085;Caltanissetta;19;Sicilia
19;Sicilia;085;Caltanissetta;085009;Mazzarino;085009;Mazzarino;085;Caltanissetta;19;Sicilia
19;Sicilia;085;Caltanissetta;085010;Milena;085010;Milena;085;Caltanissetta;19;Sicilia
19;Sicilia;085;Caltanissetta;085011;Montedoro;085011;Montedoro;085;Caltanissetta;19;Sicilia
19;Sicilia;085;Caltanissetta;085012;Mussomeli;085012;Mussomeli;085;Caltanissetta;19;Sicilia
19;Sicilia;085;Caltanissetta;085013;Niscemi;085013;Niscemi;085;Caltanissetta;19;Sicilia
19;Sicilia;085;Caltanissetta;085014;Resuttano;085014;Resuttano;085;Caltanissetta;19;Sicilia
19;Sicilia;085;Caltanissetta;085015;Riesi;085015;Riesi;085;Caltanissetta;19;Sicilia
19;Sicilia;085;Caltanissetta;085016;San Cataldo;085016;San Cataldo;085;Caltanissetta;19;Sicilia
19;Sicilia;085;Caltanissetta;085017;Santa Caterina Villarmosa;085017;Santa Caterina Villarmosa;085;Caltanissetta;19;Sicilia
19;Sicilia;085;Caltanissetta;085018;Serradifalco;085018;Serradifalco;085;Caltanissetta;19;Sicilia
19;Sicilia;085;Caltanissetta;085019;Sommatino;085019;Sommatino;085;Caltanissetta;19;Sicilia
19;Sicilia;085;Caltanissetta;085020;Sutera;085020;Sutera;085;Caltanissetta;19;Sicilia
19;Sicilia;085;Caltanissetta;085021;Vallelunga Pratameno;085021;Vallelunga Pratameno;085;Caltanissetta;19;Sicilia
19;Sicilia;085;Caltanissetta;085022;Villalba;085022;Villalba;085;Caltanissetta;19;Sicilia
19;Sicilia;086;Enna;086001;Agira;086001;Agira;086;Enna;19;Sicilia
19;Sicilia;086;Enna;086002;Aidone;086002;Aidone;086;Enna;19;Sicilia
19;Sicilia;086;Enna;086003;Assoro;086003;Assoro;086;Enna;19;Sicilia
19;Sicilia;086;Enna;086004;Barrafranca;086004;Barrafranca;086;Enna;19;Sicilia
19;Sicilia;086;Enna;086005;Calascibetta;086005;Calascibetta;086;Enna;19;Sicilia
19;Sicilia;086;Enna;086006;Catenanuova;086006;Catenanuova;086;Enna;19;Sicilia
19;Sicilia;086;Enna;086007;Centuripe;086007;Centuripe;086;Enna;19;Sicilia
19;Sicilia;086;Enna;086008;Cerami;086008;Cerami;086;Enna;19;Sicilia
19;Sicilia;086;Enna;086009;Enna;086009;Enna;086;Enna;19;Sicilia
19;Sicilia;086;Enna;086010;Gagliano Castelferrato;086010;Gagliano Castelferrato;086;Enna;19;Sicilia
19;Sicilia;086;Enna;086011;Leonforte;086011;Leonforte;086;Enna;19;Sicilia
19;Sicilia;086;Enna;086012;Nicosia;086012;Nicosia;086;Enna;19;Sicilia
19;Sicilia;086;Enna;086013;Nissoria;086013;Nissoria;086;Enna;19;Sicilia
19;Sicilia;086;Enna;086014;Piazza Armerina;086014;Piazza Armerina;086;Enna;19;Sicilia
19;Sicilia;086;Enna;086015;Pietraperzia;086015;Pietraperzia;086;Enna;19;Sicilia
19;Sicilia;086;Enna;086016;Regalbuto;086016;Regalbuto;086;Enna;19;Sicilia
19;Sicilia;086;Enna;086017;Sperlinga;086017;Sperlinga;086;Enna;19;Sicilia
19;Sicilia;086;Enna;086018;Troina;086018;Troina;086;Enna;19;Sicilia
19;Sicilia;086;Enna;086019;Valguarnera Caropepe;086019;Valguarnera Caropepe;086;Enna;19;Sicilia
19;Sicilia;086;Enna;086020;Villarosa;086020;Villarosa;086;Enna;19;Sicilia
19;Sicilia;087;Catania;087001;Aci Bonaccorsi;087001;Aci Bonaccorsi;287;Catania;19;Sicilia
19;Sicilia;087;Catania;087002;Aci Castello;087002;Aci Castello;287;Catania;19;Sicilia
19;Sicilia;087;Catania;087003;Aci Catena;087003;Aci Catena;287;Catania;19;Sicilia
19;Sicilia;087;Catania;087004;Acireale;087004;Acireale;287;Catania;19;Sicilia
19;Sicilia;087;Catania;087005;Aci Sant'Antonio;087005;Aci Sant'Antonio;287;Catania;19;Sicilia
19;Sicilia;087;Catania;087006;Adrano;087006;Adrano;287;Catania;19;Sicilia
19;Sicilia;087;Catania;087007;Belpasso;087007;Belpasso;287;Catania;19;Sicilia
19;Sicilia;087;Catania;087008;Biancavilla;087008;Biancavilla;287;Catania;19;Sicilia
19;Sicilia;087;Catania;087009;Bronte;087009;Bronte;287;Catania;19;Sicilia
19;Sicilia;087;Catania;087010;Calatabiano;087010;Calatabiano;287;Catania;19;Sicilia
19;Sicilia;087;Catania;087011;Caltagirone;087011;Caltagirone;287;Catania;19;Sicilia
19;Sicilia;087;Catania;087012;Camporotondo Etneo;087012;Camporotondo Etneo;287;Catania;19;Sicilia
19;Sicilia;087;Catania;087013;Castel di Iudica;087013;Castel di Iudica;287;Catania;19;Sicilia
19;Sicilia;087;Catania;087014;Castiglione di Sicilia;087014;Castiglione di Sicilia;287;Catania;19;Sicilia
19;Sicilia;087;Catania;087015;Catania;087015;Catania;287;Catania;19;Sicilia
19;Sicilia;087;Catania;087016;Fiumefreddo di Sicilia;087016;Fiumefreddo di Sicilia;287;Catania;19;Sicilia
19;Sicilia;087;Catania;087017;Giarre;087017;Giarre;287;Catania;19;Sicilia
19;Sicilia;087;Catania;087018;Grammichele;087018;Grammichele;287;Catania;19;Sicilia
19;Sicilia;087;Catania;087019;Gravina di Catania;087019;Gravina di Catania;287;Catania;19;Sicilia
19;Sicilia;087;Catania;087020;Licodia Eubea;087020;Licodia Eubea;287;Catania;19;Sicilia
19;Sicilia;087;Catania;087021;Linguaglossa;087021;Linguaglossa;287;Catania;19;Sicilia
19;Sicilia;087;Catania;087022;Maletto;087022;Maletto;287;Catania;19;Sicilia
19;Sicilia;087;Catania;087023;Mascali;087023;Mascali;287;Catania;19;Sicilia
19;Sicilia;087;Catania;087024;Mascalucia;087024;Mascalucia;287;Catania;19;Sicilia
19;Sicilia;087;Catania;087025;Militello in Val di Catania;087025;Militello in Val di Catania;287;Catania;19;Sicilia
19;Sicilia;087;Catania;087026;Milo;087026;Milo;287;Catania;19;Sicilia
19;Sicilia;087;Catania;087027;Mineo;087027;Mineo;287;Catania;19;Sicilia
19;Sicilia;087;Catania;087028;Mirabella Imbaccari;087028;Mirabella Imbaccari;287;Catania;19;Sicilia
19;Sicilia;087;Catania;087029;Misterbianco;087029;Misterbianco;287;Catania;19;Sicilia
19;Sicilia;087;Catania;087030;Motta Sant'Anastasia;087030;Motta Sant'Anastasia;287;Catania;19;Sicilia
19;Sicilia;087;Catania;087031;Nicolosi;087031;Nicolosi;287;Catania;19;Sicilia
19;Sicilia;087;Catania;087032;Palagonia;087032;Palagonia;287;Catania;19;Sicilia
19;Sicilia;087;Catania;087033;Paternò;087033;Paternò;287;Catania;19;Sicilia
19;Sicilia;087;Catania;087034;Pedara;087034;Pedara;287;Catania;19;Sicilia
19;Sicilia;087;Catania;087035;Piedimonte Etneo;087035;Piedimonte Etneo;287;Catania;19;Sicilia
19;Sicilia;087;Catania;087036;Raddusa;087036;Raddusa;287;Catania;19;Sicilia
19;Sicilia;087;Catania;087037;Ramacca;087037;Ramacca;287;Catania;19;Sicilia
19;Sicilia;087;Catania;087038;Randazzo;087038;Randazzo;287;Catania;19;Sicilia
19;Sicilia;087;Catania;087039;Riposto;087039;Riposto;287;Catania;19;Sicilia
19;Sicilia;087;Catania;087040;San Cono;087040;San Cono;287;Catania;19;Sicilia
19;Sicilia;087;Catania;087041;San Giovanni la Punta;087041;San Giovanni la Punta;287;Catania;19;Sicilia
19;Sicilia;087;Catania;087042;San Gregorio di Catania;087042;San Gregorio di Catania;287;Catania;19;Sicilia
19;Sicilia;087;Catania;087043;San Michele di Ganzaria;087043;San Michele di Ganzaria;287;Catania;19;Sicilia
19;Sicilia;087;Catania;087044;San Pietro Clarenza;087044;San Pietro Clarenza;287;Catania;19;Sicilia
19;Sicilia;087;Catania;087045;Sant'Agata li Battiati;087045;Sant'Agata li Battiati;287;Catania;19;Sicilia
19;Sicilia;087;Catania;087046;Sant'Alfio;087046;Sant'Alfio;287;Catania;19;Sicilia
19;Sicilia;087;Catania;087047;Santa Maria di Licodia;087047;Santa Maria di Licodia;287;Catania;19;Sicilia
19;Sicilia;087;Catania;087048;Santa Venerina;087048;Santa Venerina;287;Catania;19;Sicilia
19;Sicilia;087;Catania;087049;Scordia;087049;Scordia;287;Catania;19;Sicilia
19;Sicilia;087;Catania;087050;Trecastagni;087050;Trecastagni;287;Catania;19;Sicilia
19;Sicilia;087;Catania;087051;Tremestieri Etneo;087051;Tremestieri Etneo;287;Catania;19;Sicilia
19;Sicilia;087;Catania;087052;Valverde;087052;Valverde;287;Catania;19;Sicilia
19;Sicilia;087;Catania;087053;Viagrande;087053;Viagrande;287;Catania;19;Sicilia
19;Sicilia;087;Catania;087054;Vizzini;087054;Vizzini;287;Catania;19;Sicilia
19;Sicilia;087;Catania;087055;Zafferana Etnea;087055;Zafferana Etnea;287;Catania;19;Sicilia
19;Sicilia;087;Catania;087056;Mazzarrone;087056;Mazzarrone;287;Catania;19;Sicilia
19;Sicilia;087;Catania;087057;Maniace;087057;Maniace;287;Catania;19;Sicilia
19;Sicilia;087;Catania;087058;Ragalna;087058;Ragalna;287;Catania;19;Sicilia
19;Sicilia;088;Ragusa;088001;Acate;088001;Acate;088;Ragusa;19;Sicilia
19;Sicilia;088;Ragusa;088002;Chiaramonte Gulfi;088002;Chiaramonte Gulfi;088;Ragusa;19;Sicilia
19;Sicilia;088;Ragusa;088003;Comiso;088003;Comiso;088;Ragusa;19;Sicilia
19;Sicilia;088;Ragusa;088004;Giarratana;088004;Giarratana;088;Ragusa;19;Sicilia
19;Sicilia;088;Ragusa;088005;Ispica;088005;Ispica;088;Ragusa;19;Sicilia
19;Sicilia;088;Ragusa;088006;Modica;088006;Modica;088;Ragusa;19;Sicilia
19;Sicilia;088;Ragusa;088007;Monterosso Almo;088007;Monterosso Almo;088;Ragusa;19;Sicilia
19;Sicilia;088;Ragusa;088008;Pozzallo;088008;Pozzallo;088;Ragusa;19;Sicilia
19;Sicilia;088;Ragusa;088009;Ragusa;088009;Ragusa;088;Ragusa;19;Sicilia
19;Sicilia;088;Ragusa;088010;Santa Croce Camerina;088010;Santa Croce Camerina;088;Ragusa;19;Sicilia
19;Sicilia;088;Ragusa;088011;Scicli;088011;Scicli;088;Ragusa;19;Sicilia
19;Sicilia;088;Ragusa;088012;Vittoria;088012;Vittoria;088;Ragusa;19;Sicilia
19;Sicilia;089;Siracusa;089001;Augusta;089001;Augusta;089;Siracusa;19;Sicilia
19;Sicilia;089;Siracusa;089002;Avola;089002;Avola;089;Siracusa;19;Sicilia
19;Sicilia;089;Siracusa;089003;Buccheri;089003;Buccheri;089;Siracusa;19;Sicilia
19;Sicilia;089;Siracusa;089004;Buscemi;089004;Buscemi;089;Siracusa;19;Sicilia
19;Sicilia;089;Siracusa;089005;Canicattini Bagni;089005;Canicattini Bagni;089;Siracusa;19;Sicilia
19;Sicilia;089;Siracusa;089006;Carlentini;089006;Carlentini;089;Siracusa;19;Sicilia
19;Sicilia;089;Siracusa;089007;Cassaro;089007;Cassaro;089;Siracusa;19;Sicilia
19;Sicilia;089;Siracusa;089008;Ferla;089008;Ferla;089;Siracusa;19;Sicilia
19;Sicilia;089;Siracusa;089009;Floridia;089009;Floridia;089;Siracusa;19;Sicilia
19;Sicilia;089;Siracusa;089010;Francofonte;089010;Francofonte;089;Siracusa;19;Sicilia
19;Sicilia;089;Siracusa;089011;Lentini;089011;Lentini;089;Siracusa;19;Sicilia
19;Sicilia;089;Siracusa;089012;Melilli;089012;Melilli;089;Siracusa;19;Sicilia
19;Sicilia;089;Siracusa;089013;Noto;089013;Noto;089;Siracusa;19;Sicilia
19;Sicilia;089;Siracusa;089014;Pachino;089014;Pachino;089;Siracusa;19;Sicilia
19;Sicilia;089;Siracusa;089015;Palazzolo Acreide;089015;Palazzolo Acreide;089;Siracusa;19;Sicilia
19;Sicilia;089;Siracusa;089016;Rosolini;089016;Rosolini;089;Siracusa;19;Sicilia
19;Sicilia;089;Siracusa;089017;Siracusa;089017;Siracusa;089;Siracusa;19;Sicilia
19;Sicilia;089;Siracusa;089018;Solarino;089018;Solarino;089;Siracusa;19;Sicilia
19;Sicilia;089;Siracusa;089019;Sortino;089019;Sortino;089;Siracusa;19;Sicilia
19;Sicilia;089;Siracusa;089020;Portopalo di Capo Passero;089020;Portopalo di Capo Passero;089;Siracusa;19;Sicilia
19;Sicilia;089;Siracusa;089021;Priolo Gargallo;089021;Priolo Gargallo;089;Siracusa;19;Sicilia
20;Sardegna;090;Sassari;090003;Alghero;090003;Alghero;090;Sassari;20;Sardegna
20;Sardegna;090;Sassari;090004;Anela;090004;Anela;090;Sassari;20;Sardegna
20;Sardegna;090;Sassari;090005;Ardara;090005;Ardara;090;Sassari;20;Sardegna
20;Sardegna;090;Sassari;090007;Banari;090007;Banari;090;Sassari;20;Sardegna
20;Sardegna;090;Sassari;090008;Benetutti;090008;Benetutti;090;Sassari;20;Sardegna
20;Sardegna;090;Sassari;090010;Bessude;090010;Bessude;090;Sassari;20;Sardegna
20;Sardegna;090;Sassari;090011;Bonnanaro;090011;Bonnanaro;090;Sassari;20;Sardegna
20;Sardegna;090;Sassari;090012;Bono;090012;Bono;090;Sassari;20;Sardegna
20;Sardegna;090;Sassari;090013;Bonorva;090013;Bonorva;090;Sassari;20;Sardegna
20;Sardegna;090;Sassari;090015;Borutta;090015;Borutta;090;Sassari;20;Sardegna
20;Sardegna;090;Sassari;090016;Bottidda;090016;Bottidda;090;Sassari;20;Sardegna
20;Sardegna;090;Sassari;090018;Bultei;090018;Bultei;090;Sassari;20;Sardegna
20;Sardegna;090;Sassari;090019;Bulzi;090019;Bulzi;090;Sassari;20;Sardegna
20;Sardegna;090;Sassari;090020;Burgos;090020;Burgos;090;Sassari;20;Sardegna
20;Sardegna;090;Sassari;090022;Cargeghe;090022;Cargeghe;090;Sassari;20;Sardegna
20;Sardegna;090;Sassari;090023;Castelsardo;090023;Castelsardo;090;Sassari;20;Sardegna
20;Sardegna;090;Sassari;090024;Cheremule;090024;Cheremule;090;Sassari;20;Sardegna
20;Sardegna;090;Sassari;090025;Chiaramonti;090025;Chiaramonti;090;Sassari;20;Sardegna
20;Sardegna;090;Sassari;090026;Codrongianos;090026;Codrongianos;090;Sassari;20;Sardegna
20;Sardegna;090;Sassari;090027;Cossoine;090027;Cossoine;090;Sassari;20;Sardegna
20;Sardegna;090;Sassari;090028;Esporlatu;090028;Esporlatu;090;Sassari;20;Sardegna
20;Sardegna;090;Sassari;090029;Florinas;090029;Florinas;090;Sassari;20;Sardegna
20;Sardegna;090;Sassari;090030;Giave;090030;Giave;090;Sassari;20;Sardegna
20;Sardegna;090;Sassari;090031;Illorai;090031;Illorai;090;Sassari;20;Sardegna
20;Sardegna;090;Sassari;090032;Ittireddu;090032;Ittireddu;090;Sassari;20;Sardegna
20;Sardegna;090;Sassari;090033;Ittiri;090033;Ittiri;090;Sassari;20;Sardegna
20;Sardegna;090;Sassari;090034;Laerru;090034;Laerru;090;Sassari;20;Sardegna
20;Sardegna;090;Sassari;090038;Mara;090038;Mara;090;Sassari;20;Sardegna
20;Sardegna;090;Sassari;090039;Martis;090039;Martis;090;Sassari;20;Sardegna
20;Sardegna;090;Sassari;090040;Monteleone Rocca Doria;090040;Monteleone Rocca Doria;090;Sassari;20;Sardegna
20;Sardegna;090;Sassari;090042;Mores;090042;Mores;090;Sassari;20;Sardegna
20;Sardegna;090;Sassari;090043;Muros;090043;Muros;090;Sassari;20;Sardegna
20;Sardegna;090;Sassari;090044;Nughedu San Nicolò;090044;Nughedu San Nicolò;090;Sassari;20;Sardegna
20;Sardegna;090;Sassari;090045;Nule;090045;Nule;090;Sassari;20;Sardegna
20;Sardegna;090;Sassari;090046;Nulvi;090046;Nulvi;090;Sassari;20;Sardegna
20;Sardegna;090;Sassari;090048;Olmedo;090048;Olmedo;090;Sassari;20;Sardegna
20;Sardegna;090;Sassari;090050;Osilo;090050;Osilo;090;Sassari;20;Sardegna
20;Sardegna;090;Sassari;090051;Ossi;090051;Ossi;090;Sassari;20;Sardegna
20;Sardegna;090;Sassari;090052;Ozieri;090052;Ozieri;090;Sassari;20;Sardegna
20;Sardegna;090;Sassari;090053;Padria;090053;Padria;090;Sassari;20;Sardegna
20;Sardegna;090;Sassari;090055;Pattada;090055;Pattada;090;Sassari;20;Sardegna
20;Sardegna;090;Sassari;090056;Perfugas;090056;Perfugas;090;Sassari;20;Sardegna
20;Sardegna;090;Sassari;090057;Ploaghe;090057;Ploaghe;090;Sassari;20;Sardegna
20;Sardegna;090;Sassari;090058;Porto Torres;090058;Porto Torres;090;Sassari;20;Sardegna
20;Sardegna;090;Sassari;090059;Pozzomaggiore;090059;Pozzomaggiore;090;Sassari;20;Sardegna
20;Sardegna;090;Sassari;090060;Putifigari;090060;Putifigari;090;Sassari;20;Sardegna
20;Sardegna;090;Sassari;090061;Romana;090061;Romana;090;Sassari;20;Sardegna
20;Sardegna;090;Sassari;090064;Sassari;090064;Sassari;090;Sassari;20;Sardegna
20;Sardegna;090;Sassari;090065;Sedini;090065;Sedini;090;Sassari;20;Sardegna
20;Sardegna;090;Sassari;090066;Semestene;090066;Semestene;090;Sassari;20;Sardegna
20;Sardegna;090;Sassari;090067;Sennori;090067;Sennori;090;Sassari;20;Sardegna
20;Sardegna;090;Sassari;090068;Siligo;090068;Siligo;090;Sassari;20;Sardegna
20;Sardegna;090;Sassari;090069;Sorso;090069;Sorso;090;Sassari;20;Sardegna
20;Sardegna;090;Sassari;090071;Thiesi;090071;Thiesi;090;Sassari;20;Sardegna
20;Sardegna;090;Sassari;090072;Tissi;090072;Tissi;090;Sassari;20;Sardegna
20;Sardegna;090;Sassari;090073;Torralba;090073;Torralba;090;Sassari;20;Sardegna
20;Sardegna;090;Sassari;090075;Tula;090075;Tula;090;Sassari;20;Sardegna
20;Sardegna;090;Sassari;090076;Uri;090076;Uri;090;Sassari;20;Sardegna
20;Sardegna;090;Sassari;090077;Usini;090077;Usini;090;Sassari;20;Sardegna
20;Sardegna;090;Sassari;090078;Villanova Monteleone;090078;Villanova Monteleone;090;Sassari;20;Sardegna
20;Sardegna;090;Sassari;090079;Valledoria;090079;Valledoria;090;Sassari;20;Sardegna
20;Sardegna;090;Sassari;090082;Viddalba;090082;Viddalba;090;Sassari;20;Sardegna
20;Sardegna;090;Sassari;090086;Tergu;090086;Tergu;090;Sassari;20;Sardegna
20;Sardegna;090;Sassari;090087;Santa Maria Coghinas;090087;Santa Maria Coghinas;090;Sassari;20;Sardegna
20;Sardegna;090;Sassari;090088;Erula;090088;Erula;090;Sassari;20;Sardegna
20;Sardegna;090;Sassari;090089;Stintino;090089;Stintino;090;Sassari;20;Sardegna
20;Sardegna;091;Nuoro;091001;Aritzo;091001;Aritzo;091;Nuoro;20;Sardegna
20;Sardegna;091;Nuoro;091003;Atzara;091003;Atzara;091;Nuoro;20;Sardegna
20;Sardegna;091;Nuoro;091004;Austis;091004;Austis;091;Nuoro;20;Sardegna
20;Sardegna;091;Nuoro;091007;Belvì;091007;Belvì;091;Nuoro;20;Sardegna
20;Sardegna;091;Nuoro;091008;Birori;091008;Birori;091;Nuoro;20;Sardegna
20;Sardegna;091;Nuoro;091009;Bitti;091009;Bitti;091;Nuoro;20;Sardegna
20;Sardegna;091;Nuoro;091010;Bolotana;091010;Bolotana;091;Nuoro;20;Sardegna
20;Sardegna;091;Nuoro;091011;Borore;091011;Borore;091;Nuoro;20;Sardegna
20;Sardegna;091;Nuoro;091012;Bortigali;091012;Bortigali;091;Nuoro;20;Sardegna
20;Sardegna;091;Nuoro;091016;Desulo;091016;Desulo;091;Nuoro;20;Sardegna
20;Sardegna;091;Nuoro;091017;Dorgali;091017;Dorgali;091;Nuoro;20;Sardegna
20;Sardegna;091;Nuoro;091018;Dualchi;091018;Dualchi;091;Nuoro;20;Sardegna
20;Sardegna;091;Nuoro;091024;Fonni;091024;Fonni;091;Nuoro;20;Sardegna
20;Sardegna;091;Nuoro;091025;Gadoni;091025;Gadoni;091;Nuoro;20;Sardegna
20;Sardegna;091;Nuoro;091027;Galtellì;091027;Galtellì;091;Nuoro;20;Sardegna
20;Sardegna;091;Nuoro;091028;Gavoi;091028;Gavoi;091;Nuoro;20;Sardegna
20;Sardegna;091;Nuoro;091033;Irgoli;091033;Irgoli;091;Nuoro;20;Sardegna
20;Sardegna;091;Nuoro;091038;Lei;091038;Lei;091;Nuoro;20;Sardegna
20;Sardegna;091;Nuoro;091040;Loculi;091040;Loculi;091;Nuoro;20;Sardegna
20;Sardegna;091;Nuoro;091041;Lodè;091041;Lodè;091;Nuoro;20;Sardegna
20;Sardegna;091;Nuoro;091043;Lula;091043;Lula;091;Nuoro;20;Sardegna
20;Sardegna;091;Nuoro;091044;Macomer;091044;Macomer;091;Nuoro;20;Sardegna
20;Sardegna;091;Nuoro;091046;Mamoiada;091046;Mamoiada;091;Nuoro;20;Sardegna
20;Sardegna;091;Nuoro;091047;Meana Sardo;091047;Meana Sardo;091;Nuoro;20;Sardegna
20;Sardegna;091;Nuoro;091050;Noragugume;091050;Noragugume;091;Nuoro;20;Sardegna
20;Sardegna;091;Nuoro;091051;Nuoro;091051;Nuoro;091;Nuoro;20;Sardegna
20;Sardegna;091;Nuoro;091055;Oliena;091055;Oliena;091;Nuoro;20;Sardegna
20;Sardegna;091;Nuoro;091056;Ollolai;091056;Ollolai;091;Nuoro;20;Sardegna
20;Sardegna;091;Nuoro;091057;Olzai;091057;Olzai;091;Nuoro;20;Sardegna
20;Sardegna;091;Nuoro;091058;Onanì;091058;Onanì;091;Nuoro;20;Sardegna
20;Sardegna;091;Nuoro;091059;Onifai;091059;Onifai;091;Nuoro;20;Sardegna
20;Sardegna;091;Nuoro;091060;Oniferi;091060;Oniferi;091;Nuoro;20;Sardegna
20;Sardegna;091;Nuoro;091061;Orani;091061;Orani;091;Nuoro;20;Sardegna
20;Sardegna;091;Nuoro;091062;Orgosolo;091062;Orgosolo;091;Nuoro;20;Sardegna
20;Sardegna;091;Nuoro;091063;Orosei;091063;Orosei;091;Nuoro;20;Sardegna
20;Sardegna;091;Nuoro;091064;Orotelli;091064;Orotelli;091;Nuoro;20;Sardegna
20;Sardegna;091;Nuoro;091066;Ortueri;091066;Ortueri;091;Nuoro;20;Sardegna
20;Sardegna;091;Nuoro;091067;Orune;091067;Orune;091;Nuoro;20;Sardegna
20;Sardegna;091;Nuoro;091068;Osidda;091068;Osidda;091;Nuoro;20;Sardegna
20;Sardegna;091;Nuoro;091070;Ottana;091070;Ottana;091;Nuoro;20;Sardegna
20;Sardegna;091;Nuoro;091071;Ovodda;091071;Ovodda;091;Nuoro;20;Sardegna
20;Sardegna;091;Nuoro;091073;Posada;091073;Posada;091;Nuoro;20;Sardegna
20;Sardegna;091;Nuoro;091077;Sarule;091077;Sarule;091;Nuoro;20;Sardegna
20;Sardegna;091;Nuoro;091083;Silanus;091083;Silanus;091;Nuoro;20;Sardegna
20;Sardegna;091;Nuoro;091084;Sindia;091084;Sindia;091;Nuoro;20;Sardegna
20;Sardegna;091;Nuoro;091085;Siniscola;091085;Siniscola;091;Nuoro;20;Sardegna
20;Sardegna;091;Nuoro;091086;Sorgono;091086;Sorgono;091;Nuoro;20;Sardegna
20;Sardegna;091;Nuoro;091090;Teti;091090;Teti;091;Nuoro;20;Sardegna
20;Sardegna;091;Nuoro;091091;Tiana;091091;Tiana;091;Nuoro;20;Sardegna
20;Sardegna;091;Nuoro;091093;Tonara;091093;Tonara;091;Nuoro;20;Sardegna
20;Sardegna;091;Nuoro;091094;Torpè;091094;Torpè;091;Nuoro;20;Sardegna
20;Sardegna;091;Nuoro;091104;Lodine;091104;Lodine;091;Nuoro;20;Sardegna
20;Sardegna;092;Cagliari;092002;Armungia;111002;Armungia;111;Sud Sardegna;20;Sardegna
20;Sardegna;092;Cagliari;092003;Assemini;092003;Assemini;292;Cagliari;20;Sardegna
20;Sardegna;092;Cagliari;092004;Ballao;111003;Ballao;111;Sud Sardegna;20;Sardegna
20;Sardegna;092;Cagliari;092005;Barrali;111004;Barrali;111;Sud Sardegna;20;Sardegna
20;Sardegna;092;Cagliari;092008;Burcei;111007;Burcei;111;Sud Sardegna;20;Sardegna
20;Sardegna;092;Cagliari;092009;Cagliari;092009;Cagliari;292;Cagliari;20;Sardegna
20;Sardegna;092;Cagliari;092011;Capoterra;092011;Capoterra;292;Cagliari;20;Sardegna
20;Sardegna;092;Cagliari;092015;Decimomannu;092015;Decimomannu;292;Cagliari;20;Sardegna
20;Sardegna;092;Cagliari;092016;Decimoputzu;111013;Decimoputzu;111;Sud Sardegna;20;Sardegna
20;Sardegna;092;Cagliari;092017;Dolianova;111014;Dolianova;111;Sud Sardegna;20;Sardegna
20;Sardegna;092;Cagliari;092018;Domus de Maria;111015;Domus de Maria;111;Sud Sardegna;20;Sardegna
20;Sardegna;092;Cagliari;092020;Donori;111017;Donori;111;Sud Sardegna;20;Sardegna
20;Sardegna;092;Cagliari;092024;Gesico;111026;Gesico;111;Sud Sardegna;20;Sardegna
20;Sardegna;092;Cagliari;092027;Goni;111029;Goni;111;Sud Sardegna;20;Sardegna
20;Sardegna;092;Cagliari;092030;Guamaggiore;111032;Guamaggiore;111;Sud Sardegna;20;Sardegna
20;Sardegna;092;Cagliari;092031;Guasila;111033;Guasila;111;Sud Sardegna;20;Sardegna
20;Sardegna;092;Cagliari;092036;Mandas;111039;Mandas;111;Sud Sardegna;20;Sardegna
20;Sardegna;092;Cagliari;092037;Maracalagonis;092037;Maracalagonis;292;Cagliari;20;Sardegna
20;Sardegna;092;Cagliari;092038;Monastir;111041;Monastir;111;Sud Sardegna;20;Sardegna
20;Sardegna;092;Cagliari;092039;Muravera;111042;Muravera;111;Sud Sardegna;20;Sardegna
20;Sardegna;092;Cagliari;092042;Nuraminis;111047;Nuraminis;111;Sud Sardegna;20;Sardegna
20;Sardegna;092;Cagliari;092044;Ortacesus;111051;Ortacesus;111;Sud Sardegna;20;Sardegna
20;Sardegna;092;Cagliari;092048;Pimentel;111055;Pimentel;111;Sud Sardegna;20;Sardegna
20;Sardegna;092;Cagliari;092050;Pula;092050;Pula;292;Cagliari;20;Sardegna
20;Sardegna;092;Cagliari;092051;Quartu Sant'Elena;092051;Quartu Sant'Elena;292;Cagliari;20;Sardegna
20;Sardegna;092;Cagliari;092053;Samatzai;111060;Samatzai;111;Sud Sardegna;20;Sardegna
20;Sardegna;092;Cagliari;092054;San Basilio;111061;San Basilio;111;Sud Sardegna;20;Sardegna
20;Sardegna;092;Cagliari;092058;San Nicolò Gerrei;111064;San Nicolò Gerrei;111;Sud Sardegna;20;Sardegna
20;Sardegna;092;Cagliari;092059;San Sperate;111065;San Sperate;111;Sud Sardegna;20;Sardegna
20;Sardegna;092;Cagliari;092061;Sant'Andrea Frius;111069;Sant'Andrea Frius;111;Sud Sardegna;20;Sardegna
20;Sardegna;092;Cagliari;092064;San Vito;111066;San Vito;111;Sud Sardegna;20;Sardegna
20;Sardegna;092;Cagliari;092066;Sarroch;092066;Sarroch;292;Cagliari;20;Sardegna
20;Sardegna;092;Cagliari;092068;Selargius;092068;Selargius;292;Cagliari;20;Sardegna
20;Sardegna;092;Cagliari;092069;Selegas;111074;Selegas;111;Sud Sardegna;20;Sardegna
20;Sardegna;092;Cagliari;092070;Senorbì;111075;Senorbì;111;Sud Sardegna;20;Sardegna
20;Sardegna;092;Cagliari;092071;Serdiana;111076;Serdiana;111;Sud Sardegna;20;Sardegna
20;Sardegna;092;Cagliari;092074;Sestu;092074;Sestu;292;Cagliari;20;Sardegna
20;Sardegna;092;Cagliari;092075;Settimo San Pietro;092075;Settimo San Pietro;292;Cagliari;20;Sardegna
20;Sardegna;092;Cagliari;092078;Siliqua;111084;Siliqua;111;Sud Sardegna;20;Sardegna
20;Sardegna;092;Cagliari;092079;Silius;111085;Silius;111;Sud Sardegna;20;Sardegna
20;Sardegna;092;Cagliari;092080;Sinnai;092080;Sinnai;292;Cagliari;20;Sardegna
20;Sardegna;092;Cagliari;092081;Siurgus Donigala;111086;Siurgus Donigala;111;Sud Sardegna;20;Sardegna
20;Sardegna;092;Cagliari;092082;Soleminis;111087;Soleminis;111;Sud Sardegna;20;Sardegna
20;Sardegna;092;Cagliari;092083;Suelli;111088;Suelli;111;Sud Sardegna;20;Sardegna
20;Sardegna;092;Cagliari;092084;Teulada;111089;Teulada;111;Sud Sardegna;20;Sardegna
20;Sardegna;092;Cagliari;092088;Ussana;111093;Ussana;111;Sud Sardegna;20;Sardegna
20;Sardegna;092;Cagliari;092090;Uta;092090;Uta;292;Cagliari;20;Sardegna
20;Sardegna;092;Cagliari;092091;Vallermosa;111095;Vallermosa;111;Sud Sardegna;20;Sardegna
20;Sardegna;092;Cagliari;092097;Villaputzu;111103;Villaputzu;111;Sud Sardegna;20;Sardegna
20;Sardegna;092;Cagliari;092098;Villasalto;111104;Villasalto;111;Sud Sardegna;20;Sardegna
20;Sardegna;092;Cagliari;092099;Villa San Pietro;092099;Villa San Pietro;292;Cagliari;20;Sardegna
20;Sardegna;092;Cagliari;092100;Villasimius;111105;Villasimius;111;Sud Sardegna;20;Sardegna
20;Sardegna;092;Cagliari;092101;Villasor;111106;Villasor;111;Sud Sardegna;20;Sardegna
20;Sardegna;092;Cagliari;092102;Villaspeciosa;111107;Villaspeciosa;111;Sud Sardegna;20;Sardegna
20;Sardegna;092;Cagliari;092105;Quartucciu;092105;Quartucciu;292;Cagliari;20;Sardegna
20;Sardegna;092;Cagliari;092106;Castiadas;111011;Castiadas;111;Sud Sardegna;20;Sardegna
20;Sardegna;092;Cagliari;092108;Elmas;092108;Elmas;292;Cagliari;20;Sardegna
20;Sardegna;092;Cagliari;092109;Monserrato;092109;Monserrato;292;Cagliari;20;Sardegna
20;Sardegna;092;Cagliari;092110;Escalaplano;111018;Escalaplano;111;Sud Sardegna;20;Sardegna
20;Sardegna;092;Cagliari;092111;Escolca;111019;Escolca;111;Sud Sardegna;20;Sardegna
20;Sardegna;092;Cagliari;092112;Esterzili;111020;Esterzili;111;Sud Sardegna;20;Sardegna
20;Sardegna;092;Cagliari;092113;Gergei;111025;Gergei;111;Sud Sardegna;20;Sardegna
20;Sardegna;092;Cagliari;092114;Isili;111036;Isili;111;Sud Sardegna;20;Sardegna
20;Sardegna;092;Cagliari;092115;Nuragus;111045;Nuragus;111;Sud Sardegna;20;Sardegna
20;Sardegna;092;Cagliari;092116;Nurallao;111046;Nurallao;111;Sud Sardegna;20;Sardegna
20;Sardegna;092;Cagliari;092117;Nurri;111048;Nurri;111;Sud Sardegna;20;Sardegna
20;Sardegna;092;Cagliari;092118;Orroli;111050;Orroli;111;Sud Sardegna;20;Sardegna
20;Sardegna;092;Cagliari;092119;Sadali;111058;Sadali;111;Sud Sardegna;20;Sardegna
20;Sardegna;092;Cagliari;092120;Serri;111079;Serri;111;Sud Sardegna;20;Sardegna
20;Sardegna;092;Cagliari;092121;Seulo;111082;Seulo;111;Sud Sardegna;20;Sardegna
20;Sardegna;092;Cagliari;092122;Villanova Tulo;111099;Villanova Tulo;111;Sud Sardegna;20;Sardegna
06;Friuli-Venezia Giulia;093;Pordenone;093001;Andreis;093001;Andreis;093;Pordenone;06;Friuli-Venezia Giulia
06;Friuli-Venezia Giulia;093;Pordenone;093002;Arba;093002;Arba;093;Pordenone;06;Friuli-Venezia Giulia
06;Friuli-Venezia Giulia;093;Pordenone;093003;Arzene;093053;Valvasone Arzene;093;Pordenone;06;Friuli-Venezia Giulia
06;Friuli-Venezia Giulia;093;Pordenone;093004;Aviano;093004;Aviano;093;Pordenone;06;Friuli-Venezia Giulia
06;Friuli-Venezia Giulia;093;Pordenone;093005;Azzano Decimo;093005;Azzano Decimo;093;Pordenone;06;Friuli-Venezia Giulia
06;Friuli-Venezia Giulia;093;Pordenone;093006;Barcis;093006;Barcis;093;Pordenone;06;Friuli-Venezia Giulia
06;Friuli-Venezia Giulia;093;Pordenone;093007;Brugnera;093007;Brugnera;093;Pordenone;06;Friuli-Venezia Giulia
06;Friuli-Venezia Giulia;093;Pordenone;093008;Budoia;093008;Budoia;093;Pordenone;06;Friuli-Venezia Giulia
06;Friuli-Venezia Giulia;093;Pordenone;093009;Caneva;093009;Caneva;093;Pordenone;06;Friuli-Venezia Giulia
06;Friuli-Venezia Giulia;093;Pordenone;093010;Casarsa della Delizia;093010;Casarsa della Delizia;093;Pordenone;06;Friuli-Venezia Giulia
06;Friuli-Venezia Giulia;093;Pordenone;093011;Castelnovo del Friuli;093011;Castelnovo del Friuli;093;Pordenone;06;Friuli-Venezia Giulia
06;Friuli-Venezia Giulia;093;Pordenone;093012;Cavasso Nuovo;093012;Cavasso Nuovo;093;Pordenone;06;Friuli-Venezia Giulia
06;Friuli-Venezia Giulia;093;Pordenone;093013;Chions;093013;Chions;093;Pordenone;06;Friuli-Venezia Giulia
06;Friuli-Venezia Giulia;093;Pordenone;093014;Cimolais;093014;Cimolais;093;Pordenone;06;Friuli-Venezia Giulia
06;Friuli-Venezia Giulia;093;Pordenone;093015;Claut;093015;Claut;093;Pordenone;06;Friuli-Venezia Giulia
06;Friuli-Venezia Giulia;093;Pordenone;093016;Clauzetto;093016;Clauzetto;093;Pordenone;06;Friuli-Venezia Giulia
06;Friuli-Venezia Giulia;093;Pordenone;093017;Cordenons;093017;Cordenons;093;Pordenone;06;Friuli-Venezia Giulia
06;Friuli-Venezia Giulia;093;Pordenone;093018;Cordovado;093018;Cordovado;093;Pordenone;06;Friuli-Venezia Giulia
06;Friuli-Venezia Giulia;093;Pordenone;093019;Erto e Casso;093019;Erto e Casso;093;Pordenone;06;Friuli-Venezia Giulia
06;Friuli-Venezia Giulia;093;Pordenone;093020;Fanna;093020;Fanna;093;Pordenone;06;Friuli-Venezia Giulia
06;Friuli-Venezia Giulia;093;Pordenone;093021;Fiume Veneto;093021;Fiume Veneto;093;Pordenone;06;Friuli-Venezia Giulia
06;Friuli-Venezia Giulia;093;Pordenone;093022;Fontanafredda;093022;Fontanafredda;093;Pordenone;06;Friuli-Venezia Giulia
06;Friuli-Venezia Giulia;093;Pordenone;093024;Frisanco;093024;Frisanco;093;Pordenone;06;Friuli-Venezia Giulia
06;Friuli-Venezia Giulia;093;Pordenone;093025;Maniago;093025;Maniago;093;Pordenone;06;Friuli-Venezia Giulia
06;Friuli-Venezia Giulia;093;Pordenone;093026;Meduno;093026;Meduno;093;Pordenone;06;Friuli-Venezia Giulia
06;Friuli-Venezia Giulia;093;Pordenone;093027;Montereale Valcellina;093027;Montereale Valcellina;093;Pordenone;06;Friuli-Venezia Giulia
06;Friuli-Venezia Giulia;093;Pordenone;093028;Morsano al Tagliamento;093028;Morsano al Tagliamento;093;Pordenone;06;Friuli-Venezia Giulia
06;Friuli-Venezia Giulia;093;Pordenone;093029;Pasiano di Pordenone;093029;Pasiano di Pordenone;093;Pordenone;06;Friuli-Venezia Giulia
06;Friuli-Venezia Giulia;093;Pordenone;093030;Pinzano al Tagliamento;093030;Pinzano al Tagliamento;093;Pordenone;06;Friuli-Venezia Giulia
06;Friuli-Venezia Giulia;093;Pordenone;093031;Polcenigo;093031;Polcenigo;093;Pordenone;06;Friuli-Venezia Giulia
06;Friuli-Venezia Giulia;093;Pordenone;093032;Porcia;093032;Porcia;093;Pordenone;06;Friuli-Venezia Giulia
06;Friuli-Venezia Giulia;093;Pordenone;093033;Pordenone;093033;Pordenone;093;Pordenone;06;Friuli-Venezia Giulia
06;Friuli-Venezia Giulia;093;Pordenone;093034;Prata di Pordenone;093034;Prata di Pordenone;093;Pordenone;06;Friuli-Venezia Giulia
06;Friuli-Venezia Giulia;093;Pordenone;093035;Pravisdomini;093035;Pravisdomini;093;Pordenone;06;Friuli-Venezia Giulia
06;Friuli-Venezia Giulia;093;Pordenone;093036;Roveredo in Piano;093036;Roveredo in Piano;093;Pordenone;06;Friuli-Venezia Giulia
06;Friuli-Venezia Giulia;093;Pordenone;093037;Sacile;093037;Sacile;093;Pordenone;06;Friuli-Venezia Giulia
06;Friuli-Venezia Giulia;093;Pordenone;093038;San Giorgio della Richinvelda;093038;San Giorgio della Richinvelda;093;Pordenone;06;Friuli-Venezia Giulia
06;Friuli-Venezia Giulia;093;Pordenone;093039;San Martino al Tagliamento;093039;San Martino al Tagliamento;093;Pordenone;06;Friuli-Venezia Giulia
06;Friuli-Venezia Giulia;093;Pordenone;093040;San Quirino;093040;San Quirino;093;Pordenone;06;Friuli-Venezia Giulia
06;Friuli-Venezia Giulia;093;Pordenone;093041;San Vito al Tagliamento;093041;San Vito al Tagliamento;093;Pordenone;06;Friuli-Venezia Giulia
06;Friuli-Venezia Giulia;093;Pordenone;093042;Sequals;093042;Sequals;093;Pordenone;06;Friuli-Venezia Giulia
06;Friuli-Venezia Giulia;093;Pordenone;093043;Sesto al Reghena;093043;Sesto al Reghena;093;Pordenone;06;Friuli-Venezia Giulia
06;Friuli-Venezia Giulia;093;Pordenone;093044;Spilimbergo;093044;Spilimbergo;093;Pordenone;06;Friuli-Venezia Giulia
06;Friuli-Venezia Giulia;093;Pordenone;093045;Tramonti di Sopra;093045;Tramonti di Sopra;093;Pordenone;06;Friuli-Venezia Giulia
06;Friuli-Venezia Giulia;093;Pordenone;093046;Tramonti di Sotto;093046;Tramonti di Sotto;093;Pordenone;06;Friuli-Venezia Giulia
06;Friuli-Venezia Giulia;093;Pordenone;093047;Travesio;093047;Travesio;093;Pordenone;06;Friuli-Venezia Giulia
06;Friuli-Venezia Giulia;093;Pordenone;093048;Valvasone;093053;Valvasone Arzene;093;Pordenone;06;Friuli-Venezia Giulia
06;Friuli-Venezia Giulia;093;Pordenone;093049;Vito d'Asio;093049;Vito d'Asio;093;Pordenone;06;Friuli-Venezia Giulia
06;Friuli-Venezia Giulia;093;Pordenone;093050;Vivaro;093050;Vivaro;093;Pordenone;06;Friuli-Venezia Giulia
06;Friuli-Venezia Giulia;093;Pordenone;093051;Zoppola;093051;Zoppola;093;Pordenone;06;Friuli-Venezia Giulia
06;Friuli-Venezia Giulia;093;Pordenone;093052;Vajont;093052;Vajont;093;Pordenone;06;Friuli-Venezia Giulia
14;Molise;094;Isernia;094001;Acquaviva d'Isernia;094001;Acquaviva d'Isernia;094;Isernia;14;Molise
14;Molise;094;Isernia;094002;Agnone;094002;Agnone;094;Isernia;14;Molise
14;Molise;094;Isernia;094003;Bagnoli del Trigno;094003;Bagnoli del Trigno;094;Isernia;14;Molise
14;Molise;094;Isernia;094004;Belmonte del Sannio;094004;Belmonte del Sannio;094;Isernia;14;Molise
14;Molise;094;Isernia;094005;Cantalupo nel Sannio;094005;Cantalupo nel Sannio;094;Isernia;14;Molise
14;Molise;094;Isernia;094006;Capracotta;094006;Capracotta;094;Isernia;14;Molise
14;Molise;094;Isernia;094007;Carovilli;094007;Carovilli;094;Isernia;14;Molise
14;Molise;094;Isernia;094008;Carpinone;094008;Carpinone;094;Isernia;14;Molise
14;Molise;094;Isernia;094009;Castel del Giudice;094009;Castel del Giudice;094;Isernia;14;Molise
14;Molise;094;Isernia;094010;Castelpetroso;094010;Castelpetroso;094;Isernia;14;Molise
14;Molise;094;Isernia;094011;Castelpizzuto;094011;Castelpizzuto;094;Isernia;14;Molise
14;Molise;094;Isernia;094012;Castel San Vincenzo;094012;Castel San Vincenzo;094;Isernia;14;Molise
14;Molise;094;Isernia;094013;Castelverrino;094013;Castelverrino;094;Isernia;14;Molise
14;Molise;094;Isernia;094014;Cerro al Volturno;094014;Cerro al Volturno;094;Isernia;14;Molise
14;Molise;094;Isernia;094015;Chiauci;094015;Chiauci;094;Isernia;14;Molise
14;Molise;094;Isernia;094016;Civitanova del Sannio;094016;Civitanova del Sannio;094;Isernia;14;Molise
14;Molise;094;Isernia;094017;Colli a Volturno;094017;Colli a Volturno;094;Isernia;14;Molise
14;Molise;094;Isernia;094018;Conca Casale;094018;Conca Casale;094;Isernia;14;Molise
14;Molise;094;Isernia;094019;Filignano;094019;Filignano;094;Isernia;14;Molise
14;Molise;094;Isernia;094020;Forlì del Sannio;094020;Forlì del Sannio;094;Isernia;14;Molise
14;Molise;094;Isernia;094021;Fornelli;094021;Fornelli;094;Isernia;14;Molise
14;Molise;094;Isernia;094022;Frosolone;094022;Frosolone;094;Isernia;14;Molise
14;Molise;094;Isernia;094023;Isernia;094023;Isernia;094;Isernia;14;Molise
14;Molise;094;Isernia;094024;Longano;094024;Longano;094;Isernia;14;Molise
14;Molise;094;Isernia;094025;Macchia d'Isernia;094025;Macchia d'Isernia;094;Isernia;14;Molise
14;Molise;094;Isernia;094026;Macchiagodena;094026;Macchiagodena;094;Isernia;14;Molise
14;Molise;094;Isernia;094027;Miranda;094027;Miranda;094;Isernia;14;Molise
14;Molise;094;Isernia;094028;Montaquila;094028;Montaquila;094;Isernia;14;Molise
14;Molise;094;Isernia;094029;Montenero Val Cocchiara;094029;Montenero Val Cocchiara;094;Isernia;14;Molise
14;Molise;094;Isernia;094030;Monteroduni;094030;Monteroduni;094;Isernia;14;Molise
14;Molise;094;Isernia;094031;Pesche;094031;Pesche;094;Isernia;14;Molise
14;Molise;094;Isernia;094032;Pescolanciano;094032;Pescolanciano;094;Isernia;14;Molise
14;Molise;094;Isernia;094033;Pescopennataro;094033;Pescopennataro;094;Isernia;14;Molise
14;Molise;094;Isernia;094034;Pettoranello del Molise;094034;Pettoranello del Molise;094;Isernia;14;Molise
14;Molise;094;Isernia;094035;Pietrabbondante;094035;Pietrabbondante;094;Isernia;14;Molise
14;Molise;094;Isernia;094036;Pizzone;094036;Pizzone;094;Isernia;14;Molise
14;Molise;094;Isernia;094037;Poggio Sannita;094037;Poggio Sannita;094;Isernia;14;Molise
14;Molise;094;Isernia;094038;Pozzilli;094038;Pozzilli;094;Isernia;14;Molise
14;Molise;094;Isernia;094039;Rionero Sannitico;094039;Rionero Sannitico;094;Isernia;14;Molise
14;Molise;094;Isernia;094040;Roccamandolfi;094040;Roccamandolfi;094;Isernia;14;Molise
14;Molise;094;Isernia;094041;Roccasicura;094041;Roccasicura;094;Isernia;14;Molise
14;Molise;094;Isernia;094042;Rocchetta a Volturno;094042;Rocchetta a Volturno;094;Isernia;14;Molise
14;Molise;094;Isernia;094043;San Pietro Avellana;094043;San Pietro Avellana;094;Isernia;14;Molise
14;Molise;094;Isernia;094044;Sant'Agapito;094044;Sant'Agapito;094;Isernia;14;Molise
14;Molise;094;Isernia;094045;Santa Maria del Molise;094045;Santa Maria del Molise;094;Isernia;14;Molise
14;Molise;094;Isernia;094046;Sant'Angelo del Pesco;094046;Sant'Angelo del Pesco;094;Isernia;14;Molise
14;Molise;094;Isernia;094047;Sant'Elena Sannita;094047;Sant'Elena Sannita;094;Isernia;14;Molise
14;Molise;094;Isernia;094048;Scapoli;094048;Scapoli;094;Isernia;14;Molise
14;Molise;094;Isernia;094049;Sessano del Molise;094049;Sessano del Molise;094;Isernia;14;Molise
14;Molise;094;Isernia;094050;Sesto Campano;094050;Sesto Campano;094;Isernia;14;Molise
14;Molise;094;Isernia;094051;Vastogirardi;094051;Vastogirardi;094;Isernia;14;Molise
14;Molise;094;Isernia;094052;Venafro;094052;Venafro;094;Isernia;14;Molise
20;Sardegna;095;Oristano;095001;Abbasanta;095001;Abbasanta;095;Oristano;20;Sardegna
20;Sardegna;095;Oristano;095002;Aidomaggiore;095002;Aidomaggiore;095;Oristano;20;Sardegna
20;Sardegna;095;Oristano;095003;Albagiara;095003;Albagiara;095;Oristano;20;Sardegna
20;Sardegna;095;Oristano;095004;Ales;095004;Ales;095;Oristano;20;Sardegna
20;Sardegna;095;Oristano;095005;Allai;095005;Allai;095;Oristano;20;Sardegna
20;Sardegna;095;Oristano;095006;Arborea;095006;Arborea;095;Oristano;20;Sardegna
20;Sardegna;095;Oristano;095007;Ardauli;095007;Ardauli;095;Oristano;20;Sardegna
20;Sardegna;095;Oristano;095008;Assolo;095008;Assolo;095;Oristano;20;Sardegna
20;Sardegna;095;Oristano;095009;Asuni;095009;Asuni;095;Oristano;20;Sardegna
20;Sardegna;095;Oristano;095010;Baradili;095010;Baradili;095;Oristano;20;Sardegna
20;Sardegna;095;Oristano;095011;Baratili San Pietro;095011;Baratili San Pietro;095;Oristano;20;Sardegna
20;Sardegna;095;Oristano;095012;Baressa;095012;Baressa;095;Oristano;20;Sardegna
20;Sardegna;095;Oristano;095013;Bauladu;095013;Bauladu;095;Oristano;20;Sardegna
20;Sardegna;095;Oristano;095014;Bidonì;095014;Bidonì;095;Oristano;20;Sardegna
20;Sardegna;095;Oristano;095015;Bonarcado;095015;Bonarcado;095;Oristano;20;Sardegna
20;Sardegna;095;Oristano;095016;Boroneddu;095016;Boroneddu;095;Oristano;20;Sardegna
20;Sardegna;095;Oristano;095017;Busachi;095017;Busachi;095;Oristano;20;Sardegna
20;Sardegna;095;Oristano;095018;Cabras;095018;Cabras;095;Oristano;20;Sardegna
20;Sardegna;095;Oristano;095019;Cuglieri;095019;Cuglieri;095;Oristano;20;Sardegna
20;Sardegna;095;Oristano;095020;Fordongianus;095020;Fordongianus;095;Oristano;20;Sardegna
20;Sardegna;095;Oristano;095021;Ghilarza;095021;Ghilarza;095;Oristano;20;Sardegna
20;Sardegna;095;Oristano;095022;Gonnoscodina;095022;Gonnoscodina;095;Oristano;20;Sardegna
20;Sardegna;095;Oristano;095023;Gonnosnò;095023;Gonnosnò;095;Oristano;20;Sardegna
20;Sardegna;095;Oristano;095024;Gonnostramatza;095024;Gonnostramatza;095;Oristano;20;Sardegna
20;Sardegna;095;Oristano;095025;Marrubiu;095025;Marrubiu;095;Oristano;20;Sardegna
20;Sardegna;095;Oristano;095026;Masullas;095026;Masullas;095;Oristano;20;Sardegna
20;Sardegna;095;Oristano;095027;Milis;095027;Milis;095;Oristano;20;Sardegna
20;Sardegna;095;Oristano;095028;Mogorella;095028;Mogorella;095;Oristano;20;Sardegna
20;Sardegna;095;Oristano;095029;Mogoro;095029;Mogoro;095;Oristano;20;Sardegna
20;Sardegna;095;Oristano;095030;Morgongiori;095030;Morgongiori;095;Oristano;20;Sardegna
20;Sardegna;095;Oristano;095031;Narbolia;095031;Narbolia;095;Oristano;20;Sardegna
20;Sardegna;095;Oristano;095032;Neoneli;095032;Neoneli;095;Oristano;20;Sardegna
20;Sardegna;095;Oristano;095033;Norbello;095033;Norbello;095;Oristano;20;Sardegna
20;Sardegna;095;Oristano;095034;Nughedu Santa Vittoria;095034;Nughedu Santa Vittoria;095;Oristano;20;Sardegna
20;Sardegna;095;Oristano;095035;Nurachi;095035;Nurachi;095;Oristano;20;Sardegna
20;Sardegna;095;Oristano;095036;Nureci;095036;Nureci;095;Oristano;20;Sardegna
20;Sardegna;095;Oristano;095037;Ollastra;095037;Ollastra;095;Oristano;20;Sardegna
20;Sardegna;095;Oristano;095038;Oristano;095038;Oristano;095;Oristano;20;Sardegna
20;Sardegna;095;Oristano;095039;Palmas Arborea;095039;Palmas Arborea;095;Oristano;20;Sardegna
20;Sardegna;095;Oristano;095040;Pau;095040;Pau;095;Oristano;20;Sardegna
20;Sardegna;095;Oristano;095041;Paulilatino;095041;Paulilatino;095;Oristano;20;Sardegna
20;Sardegna;095;Oristano;095042;Pompu;095042;Pompu;095;Oristano;20;Sardegna
20;Sardegna;095;Oristano;095043;Riola Sardo;095043;Riola Sardo;095;Oristano;20;Sardegna
20;Sardegna;095;Oristano;095044;Ruinas;095044;Ruinas;095;Oristano;20;Sardegna
20;Sardegna;095;Oristano;095045;Samugheo;095045;Samugheo;095;Oristano;20;Sardegna
20;Sardegna;095;Oristano;095046;San Nicolò d'Arcidano;095046;San Nicolò d'Arcidano;095;Oristano;20;Sardegna
20;Sardegna;095;Oristano;095047;Santa Giusta;095047;Santa Giusta;095;Oristano;20;Sardegna
20;Sardegna;095;Oristano;095048;Villa Sant'Antonio;095048;Villa Sant'Antonio;095;Oristano;20;Sardegna
20;Sardegna;095;Oristano;095049;Santu Lussurgiu;095049;Santu Lussurgiu;095;Oristano;20;Sardegna
20;Sardegna;095;Oristano;095050;San Vero Milis;095050;San Vero Milis;095;Oristano;20;Sardegna
20;Sardegna;095;Oristano;095051;Scano di Montiferro;095051;Scano di Montiferro;095;Oristano;20;Sardegna
20;Sardegna;095;Oristano;095052;Sedilo;095052;Sedilo;095;Oristano;20;Sardegna
20;Sardegna;095;Oristano;095053;Seneghe;095053;Seneghe;095;Oristano;20;Sardegna
20;Sardegna;095;Oristano;095054;Senis;095054;Senis;095;Oristano;20;Sardegna
20;Sardegna;095;Oristano;095055;Sennariolo;095055;Sennariolo;095;Oristano;20;Sardegna
20;Sardegna;095;Oristano;095056;Siamaggiore;095056;Siamaggiore;095;Oristano;20;Sardegna
20;Sardegna;095;Oristano;095057;Siamanna;095057;Siamanna;095;Oristano;20;Sardegna
20;Sardegna;095;Oristano;095058;Simala;095058;Simala;095;Oristano;20;Sardegna
20;Sardegna;095;Oristano;095059;Simaxis;095059;Simaxis;095;Oristano;20;Sardegna
20;Sardegna;095;Oristano;095060;Sini;095060;Sini;095;Oristano;20;Sardegna
20;Sardegna;095;Oristano;095061;Siris;095061;Siris;095;Oristano;20;Sardegna
20;Sardegna;095;Oristano;095062;Solarussa;095062;Solarussa;095;Oristano;20;Sardegna
20;Sardegna;095;Oristano;095063;Sorradile;095063;Sorradile;095;Oristano;20;Sardegna
20;Sardegna;095;Oristano;095064;Tadasuni;095064;Tadasuni;095;Oristano;20;Sardegna
20;Sardegna;095;Oristano;095065;Terralba;095065;Terralba;095;Oristano;20;Sardegna
20;Sardegna;095;Oristano;095066;Tramatza;095066;Tramatza;095;Oristano;20;Sardegna
20;Sardegna;095;Oristano;095067;Tresnuraghes;095067;Tresnuraghes;095;Oristano;20;Sardegna
20;Sardegna;095;Oristano;095068;Ulà Tirso;095068;Ulà Tirso;095;Oristano;20;Sardegna
20;Sardegna;095;Oristano;095069;Uras;095069;Uras;095;Oristano;20;Sardegna
20;Sardegna;095;Oristano;095070;Usellus;095070;Usellus;095;Oristano;20;Sardegna
20;Sardegna;095;Oristano;095071;Villanova Truschedu;095071;Villanova Truschedu;095;Oristano;20;Sardegna
20;Sardegna;095;Oristano;095072;Villaurbana;095072;Villaurbana;095;Oristano;20;Sardegna
20;Sardegna;095;Oristano;095073;Villa Verde;095073;Villa Verde;095;Oristano;20;Sardegna
20;Sardegna;095;Oristano;095074;Zeddiani;095074;Zeddiani;095;Oristano;20;Sardegna
20;Sardegna;095;Oristano;095075;Zerfaliu;095075;Zerfaliu;095;Oristano;20;Sardegna
20;Sardegna;095;Oristano;095076;Siapiccia;095076;Siapiccia;095;Oristano;20;Sardegna
20;Sardegna;095;Oristano;095077;Curcuris;095077;Curcuris;095;Oristano;20;Sardegna
20;Sardegna;095;Oristano;095078;Soddì;095078;Soddì;095;Oristano;20;Sardegna
20;Sardegna;095;Oristano;095079;Bosa;095079;Bosa;095;Oristano;20;Sardegna
20;Sardegna;095;Oristano;095080;Flussio;095080;Flussio;095;Oristano;20;Sardegna
20;Sardegna;095;Oristano;095081;Genoni;111023;Genoni;111;Sud Sardegna;20;Sardegna
20;Sardegna;095;Oristano;095082;Laconi;095082;Laconi;095;Oristano;20;Sardegna
20;Sardegna;095;Oristano;095083;Magomadas;095083;Magomadas;095;Oristano;20;Sardegna
20;Sardegna;095;Oristano;095084;Modolo;095084;Modolo;095;Oristano;20;Sardegna
20;Sardegna;095;Oristano;095085;Montresta;095085;Montresta;095;Oristano;20;Sardegna
20;Sardegna;095;Oristano;095086;Sagama;095086;Sagama;095;Oristano;20;Sardegna
20;Sardegna;095;Oristano;095087;Suni;095087;Suni;095;Oristano;20;Sardegna
20;Sardegna;095;Oristano;095088;Tinnura;095088;Tinnura;095;Oristano;20;Sardegna
01;Piemonte;096;Biella;096001;Ailoche;096001;Ailoche;096;Biella;01;Piemonte
01;Piemonte;096;Biella;096002;Andorno Micca;096002;Andorno Micca;096;Biella;01;Piemonte
01;Piemonte;096;Biella;096003;Benna;096003;Benna;096;Biella;01;Piemonte
01;Piemonte;096;Biella;096004;Biella;096004;Biella;096;Biella;01;Piemonte
01;Piemonte;096;Biella;096005;Bioglio;096005;Bioglio;096;Biella;01;Piemonte
01;Piemonte;096;Biella;096006;Borriana;096006;Borriana;096;Biella;01;Piemonte
01;Piemonte;096;Biella;096007;Brusnengo;096007;Brusnengo;096;Biella;01;Piemonte
01;Piemonte;096;Biella;096008;Callabiana;096008;Callabiana;096;Biella;01;Piemonte
01;Piemonte;096;Biella;096009;Camandona;096009;Camandona;096;Biella;01;Piemonte
01;Piemonte;096;Biella;096010;Camburzano;096010;Camburzano;096;Biella;01;Piemonte
01;Piemonte;096;Biella;096011;Campiglia Cervo;096086;Campiglia Cervo;096;Biella;01;Piemonte
01;Piemonte;096;Biella;096012;Candelo;096012;Candelo;096;Biella;01;Piemonte
01;Piemonte;096;Biella;096013;Caprile;096013;Caprile;096;Biella;01;Piemonte
01;Piemonte;096;Biella;096014;Casapinta;096014;Casapinta;096;Biella;01;Piemonte
01;Piemonte;096;Biella;096015;Castelletto Cervo;096015;Castelletto Cervo;096;Biella;01;Piemonte
01;Piemonte;096;Biella;096016;Cavaglià;096016;Cavaglià;096;Biella;01;Piemonte
01;Piemonte;096;Biella;096017;Cerreto Castello;096087;Quaregna Cerreto;096;Biella;01;Piemonte
01;Piemonte;096;Biella;096018;Cerrione;096018;Cerrione;096;Biella;01;Piemonte
01;Piemonte;096;Biella;096019;Coggiola;096019;Coggiola;096;Biella;01;Piemonte
01;Piemonte;096;Biella;096020;Cossato;096020;Cossato;096;Biella;01;Piemonte
01;Piemonte;096;Biella;096021;Crevacuore;096021;Crevacuore;096;Biella;01;Piemonte
01;Piemonte;096;Biella;096022;Crosa;096085;Lessona;096;Biella;01;Piemonte
01;Piemonte;096;Biella;096023;Curino;096023;Curino;096;Biella;01;Piemonte
01;Piemonte;096;Biella;096024;Donato;096024;Donato;096;Biella;01;Piemonte
01;Piemonte;096;Biella;096025;Dorzano;096025;Dorzano;096;Biella;01;Piemonte
01;Piemonte;096;Biella;096026;Gaglianico;096026;Gaglianico;096;Biella;01;Piemonte
01;Piemonte;096;Biella;096027;Gifflenga;096027;Gifflenga;096;Biella;01;Piemonte
01;Piemonte;096;Biella;096028;Graglia;096028;Graglia;096;Biella;01;Piemonte
01;Piemonte;096;Biella;096029;Lessona;096085;Lessona;096;Biella;01;Piemonte
01;Piemonte;096;Biella;096030;Magnano;096030;Magnano;096;Biella;01;Piemonte
01;Piemonte;096;Biella;096031;Massazza;096031;Massazza;096;Biella;01;Piemonte
01;Piemonte;096;Biella;096032;Masserano;096032;Masserano;096;Biella;01;Piemonte
01;Piemonte;096;Biella;096033;Mezzana Mortigliengo;096033;Mezzana Mortigliengo;096;Biella;01;Piemonte
01;Piemonte;096;Biella;096034;Miagliano;096034;Miagliano;096;Biella;01;Piemonte
01;Piemonte;096;Biella;096035;Mongrando;096035;Mongrando;096;Biella;01;Piemonte
01;Piemonte;096;Biella;096037;Mottalciata;096037;Mottalciata;096;Biella;01;Piemonte
01;Piemonte;096;Biella;096038;Muzzano;096038;Muzzano;096;Biella;01;Piemonte
01;Piemonte;096;Biella;096039;Netro;096039;Netro;096;Biella;01;Piemonte
01;Piemonte;096;Biella;096040;Occhieppo Inferiore;096040;Occhieppo Inferiore;096;Biella;01;Piemonte
01;Piemonte;096;Biella;096041;Occhieppo Superiore;096041;Occhieppo Superiore;096;Biella;01;Piemonte
01;Piemonte;096;Biella;096042;Pettinengo;096042;Pettinengo;096;Biella;01;Piemonte
01;Piemonte;096;Biella;096043;Piatto;096043;Piatto;096;Biella;01;Piemonte
01;Piemonte;096;Biella;096044;Piedicavallo;096044;Piedicavallo;096;Biella;01;Piemonte
01;Piemonte;096;Biella;096046;Pollone;096046;Pollone;096;Biella;01;Piemonte
01;Piemonte;096;Biella;096047;Ponderano;096047;Ponderano;096;Biella;01;Piemonte
01;Piemonte;096;Biella;096048;Portula;096048;Portula;096;Biella;01;Piemonte
01;Piemonte;096;Biella;096049;Pralungo;096049;Pralungo;096;Biella;01;Piemonte
01;Piemonte;096;Biella;096050;Pray;096050;Pray;096;Biella;01;Piemonte
01;Piemonte;096;Biella;096051;Quaregna;096087;Quaregna Cerreto;096;Biella;01;Piemonte
01;Piemonte;096;Biella;096052;Quittengo;096086;Campiglia Cervo;096;Biella;01;Piemonte
01;Piemonte;096;Biella;096053;Ronco Biellese;096053;Ronco Biellese;096;Biella;01;Piemonte
01;Piemonte;096;Biella;096054;Roppolo;096054;Roppolo;096;Biella;01;Piemonte
01;Piemonte;096;Biella;096055;Rosazza;096055;Rosazza;096;Biella;01;Piemonte
01;Piemonte;096;Biella;096056;Sagliano Micca;096056;Sagliano Micca;096;Biella;01;Piemonte
01;Piemonte;096;Biella;096057;Sala Biellese;096057;Sala Biellese;096;Biella;01;Piemonte
01;Piemonte;096;Biella;096058;Salussola;096058;Salussola;096;Biella;01;Piemonte
01;Piemonte;096;Biella;096059;Sandigliano;096059;Sandigliano;096;Biella;01;Piemonte
01;Piemonte;096;Biella;096060;San Paolo Cervo;096086;Campiglia Cervo;096;Biella;01;Piemonte
01;Piemonte;096;Biella;096061;Selve Marcone;096042;Pettinengo;096;Biella;01;Piemonte
01;Piemonte;096;Biella;096062;Soprana;096088;Valdilana;096;Biella;01;Piemonte
01;Piemonte;096;Biella;096063;Sordevolo;096063;Sordevolo;096;Biella;01;Piemonte
01;Piemonte;096;Biella;096064;Sostegno;096064;Sostegno;096;Biella;01;Piemonte
01;Piemonte;096;Biella;096065;Strona;096065;Strona;096;Biella;01;Piemonte
01;Piemonte;096;Biella;096066;Tavigliano;096066;Tavigliano;096;Biella;01;Piemonte
01;Piemonte;096;Biella;096067;Ternengo;096067;Ternengo;096;Biella;01;Piemonte
01;Piemonte;096;Biella;096068;Tollegno;096068;Tollegno;096;Biella;01;Piemonte
01;Piemonte;096;Biella;096069;Torrazzo;096069;Torrazzo;096;Biella;01;Piemonte
01;Piemonte;096;Biella;096070;Trivero;096088;Valdilana;096;Biella;01;Piemonte
01;Piemonte;096;Biella;096071;Valdengo;096071;Valdengo;096;Biella;01;Piemonte
01;Piemonte;096;Biella;096072;Vallanzengo;096072;Vallanzengo;096;Biella;01;Piemonte
01;Piemonte;096;Biella;096073;Valle Mosso;096088;Valdilana;096;Biella;01;Piemonte
01;Piemonte;096;Biella;096074;Valle San Nicolao;096074;Valle San Nicolao;096;Biella;01;Piemonte
01;Piemonte;096;Biella;096075;Veglio;096075;Veglio;096;Biella;01;Piemonte
01;Piemonte;096;Biella;096076;Verrone;096076;Verrone;096;Biella;01;Piemonte
01;Piemonte;096;Biella;096077;Vigliano Biellese;096077;Vigliano Biellese;096;Biella;01;Piemonte
01;Piemonte;096;Biella;096078;Villa del Bosco;096078;Villa del Bosco;096;Biella;01;Piemonte
01;Piemonte;096;Biella;096079;Villanova Biellese;096079;Villanova Biellese;096;Biella;01;Piemonte
01;Piemonte;096;Biella;096080;Viverone;096080;Viverone;096;Biella;01;Piemonte
01;Piemonte;096;Biella;096081;Zimone;096081;Zimone;096;Biella;01;Piemonte
01;Piemonte;096;Biella;096082;Zubiena;096082;Zubiena;096;Biella;01;Piemonte
01;Piemonte;096;Biella;096083;Zumaglia;096083;Zumaglia;096;Biella;01;Piemonte
01;Piemonte;096;Biella;096084;Mosso;096088;Valdilana;096;Biella;01;Piemonte
03;Lombardia;097;Lecco;097001;Abbadia Lariana;097001;Abbadia Lariana;097;Lecco;03;Lombardia
03;Lombardia;097;Lecco;097002;Airuno;097002;Airuno;097;Lecco;03;Lombardia
03;Lombardia;097;Lecco;097003;Annone di Brianza;097003;Annone di Brianza;097;Lecco;03;Lombardia
03;Lombardia;097;Lecco;097004;Ballabio;097004;Ballabio;097;Lecco;03;Lombardia
03;Lombardia;097;Lecco;097005;Barzago;097005;Barzago;097;Lecco;03;Lombardia
03;Lombardia;097;Lecco;097006;Barzanò;097006;Barzanò;097;Lecco;03;Lombardia
03;Lombardia;097;Lecco;097007;Barzio;097007;Barzio;097;Lecco;03;Lombardia
03;Lombardia;097;Lecco;097008;Bellano;097008;Bellano;097;Lecco;03;Lombardia
03;Lombardia;097;Lecco;097009;Bosisio Parini;097009;Bosisio Parini;097;Lecco;03;Lombardia
03;Lombardia;097;Lecco;097010;Brivio;097010;Brivio;097;Lecco;03;Lombardia
03;Lombardia;097;Lecco;097011;Bulciago;097011;Bulciago;097;Lecco;03;Lombardia
03;Lombardia;097;Lecco;097012;Calco;097012;Calco;097;Lecco;03;Lombardia
03;Lombardia;097;Lecco;097013;Calolziocorte;097013;Calolziocorte;097;Lecco;03;Lombardia
03;Lombardia;097;Lecco;097014;Carenno;097014;Carenno;097;Lecco;03;Lombardia
03;Lombardia;097;Lecco;097015;Casargo;097015;Casargo;097;Lecco;03;Lombardia
03;Lombardia;097;Lecco;097016;Casatenovo;097016;Casatenovo;097;Lecco;03;Lombardia
03;Lombardia;097;Lecco;097017;Cassago Brianza;097017;Cassago Brianza;097;Lecco;03;Lombardia
03;Lombardia;097;Lecco;097018;Cassina Valsassina;097018;Cassina Valsassina;097;Lecco;03;Lombardia
03;Lombardia;097;Lecco;097019;Castello di Brianza;097019;Castello di Brianza;097;Lecco;03;Lombardia
03;Lombardia;097;Lecco;097020;Cernusco Lombardone;097020;Cernusco Lombardone;097;Lecco;03;Lombardia
03;Lombardia;097;Lecco;097021;Cesana Brianza;097021;Cesana Brianza;097;Lecco;03;Lombardia
03;Lombardia;097;Lecco;097022;Civate;097022;Civate;097;Lecco;03;Lombardia
03;Lombardia;097;Lecco;097023;Colico;097023;Colico;097;Lecco;03;Lombardia
03;Lombardia;097;Lecco;097024;Colle Brianza;097024;Colle Brianza;097;Lecco;03;Lombardia
03;Lombardia;097;Lecco;097025;Cortenova;097025;Cortenova;097;Lecco;03;Lombardia
03;Lombardia;097;Lecco;097026;Costa Masnaga;097026;Costa Masnaga;097;Lecco;03;Lombardia
03;Lombardia;097;Lecco;097027;Crandola Valsassina;097027;Crandola Valsassina;097;Lecco;03;Lombardia
03;Lombardia;097;Lecco;097028;Cremella;097028;Cremella;097;Lecco;03;Lombardia
03;Lombardia;097;Lecco;097029;Cremeno;097029;Cremeno;097;Lecco;03;Lombardia
03;Lombardia;097;Lecco;097030;Dervio;097030;Dervio;097;Lecco;03;Lombardia
03;Lombardia;097;Lecco;097031;Dolzago;097031;Dolzago;097;Lecco;03;Lombardia
03;Lombardia;097;Lecco;097032;Dorio;097032;Dorio;097;Lecco;03;Lombardia
03;Lombardia;097;Lecco;097033;Ello;097033;Ello;097;Lecco;03;Lombardia
03;Lombardia;097;Lecco;097034;Erve;097034;Erve;097;Lecco;03;Lombardia
03;Lombardia;097;Lecco;097035;Esino Lario;097035;Esino Lario;097;Lecco;03;Lombardia
03;Lombardia;097;Lecco;097036;Galbiate;097036;Galbiate;097;Lecco;03;Lombardia
03;Lombardia;097;Lecco;097037;Garbagnate Monastero;097037;Garbagnate Monastero;097;Lecco;03;Lombardia
03;Lombardia;097;Lecco;097038;Garlate;097038;Garlate;097;Lecco;03;Lombardia
03;Lombardia;097;Lecco;097039;Imbersago;097039;Imbersago;097;Lecco;03;Lombardia
03;Lombardia;097;Lecco;097040;Introbio;097040;Introbio;097;Lecco;03;Lombardia
03;Lombardia;097;Lecco;097041;Introzzo;097093;Valvarrone;097;Lecco;03;Lombardia
03;Lombardia;097;Lecco;097042;Lecco;097042;Lecco;097;Lecco;03;Lombardia
03;Lombardia;097;Lecco;097043;Lierna;097043;Lierna;097;Lecco;03;Lombardia
03;Lombardia;097;Lecco;097044;Lomagna;097044;Lomagna;097;Lecco;03;Lombardia
03;Lombardia;097;Lecco;097045;Malgrate;097045;Malgrate;097;Lecco;03;Lombardia
03;Lombardia;097;Lecco;097046;Mandello del Lario;097046;Mandello del Lario;097;Lecco;03;Lombardia
03;Lombardia;097;Lecco;097047;Margno;097047;Margno;097;Lecco;03;Lombardia
03;Lombardia;097;Lecco;097048;Merate;097048;Merate;097;Lecco;03;Lombardia
03;Lombardia;097;Lecco;097049;Missaglia;097049;Missaglia;097;Lecco;03;Lombardia
03;Lombardia;097;Lecco;097050;Moggio;097050;Moggio;097;Lecco;03;Lombardia
03;Lombardia;097;Lecco;097051;Molteno;097051;Molteno;097;Lecco;03;Lombardia
03;Lombardia;097;Lecco;097052;Monte Marenzo;097052;Monte Marenzo;097;Lecco;03;Lombardia
03;Lombardia;097;Lecco;097053;Montevecchia;097053;Montevecchia;097;Lecco;03;Lombardia
03;Lombardia;097;Lecco;097054;Monticello Brianza;097054;Monticello Brianza;097;Lecco;03;Lombardia
03;Lombardia;097;Lecco;097055;Morterone;097055;Morterone;097;Lecco;03;Lombardia
03;Lombardia;097;Lecco;097056;Nibionno;097056;Nibionno;097;Lecco;03;Lombardia
03;Lombardia;097;Lecco;097057;Oggiono;097057;Oggiono;097;Lecco;03;Lombardia
03;Lombardia;097;Lecco;097058;Olgiate Molgora;097058;Olgiate Molgora;097;Lecco;03;Lombardia
03;Lombardia;097;Lecco;097059;Olginate;097059;Olginate;097;Lecco;03;Lombardia
03;Lombardia;097;Lecco;097060;Oliveto Lario;097060;Oliveto Lario;097;Lecco;03;Lombardia
03;Lombardia;097;Lecco;097061;Osnago;097061;Osnago;097;Lecco;03;Lombardia
03;Lombardia;097;Lecco;097062;Paderno d'Adda;097062;Paderno d'Adda;097;Lecco;03;Lombardia
03;Lombardia;097;Lecco;097063;Pagnona;097063;Pagnona;097;Lecco;03;Lombardia
03;Lombardia;097;Lecco;097064;Parlasco;097064;Parlasco;097;Lecco;03;Lombardia
03;Lombardia;097;Lecco;097065;Pasturo;097065;Pasturo;097;Lecco;03;Lombardia
03;Lombardia;097;Lecco;097066;Perego;097092;La Valletta Brianza;097;Lecco;03;Lombardia
03;Lombardia;097;Lecco;097067;Perledo;097067;Perledo;097;Lecco;03;Lombardia
03;Lombardia;097;Lecco;097068;Pescate;097068;Pescate;097;Lecco;03;Lombardia
03;Lombardia;097;Lecco;097069;Premana;097069;Premana;097;Lecco;03;Lombardia
03;Lombardia;097;Lecco;097070;Primaluna;097070;Primaluna;097;Lecco;03;Lombardia
03;Lombardia;097;Lecco;097071;Robbiate;097071;Robbiate;097;Lecco;03;Lombardia
03;Lombardia;097;Lecco;097072;Rogeno;097072;Rogeno;097;Lecco;03;Lombardia
03;Lombardia;097;Lecco;097073;Rovagnate;097092;La Valletta Brianza;097;Lecco;03;Lombardia
03;Lombardia;097;Lecco;097074;Santa Maria Hoè;097074;Santa Maria Hoè;097;Lecco;03;Lombardia
03;Lombardia;097;Lecco;097075;Sirone;097075;Sirone;097;Lecco;03;Lombardia
03;Lombardia;097;Lecco;097076;Sirtori;097076;Sirtori;097;Lecco;03;Lombardia
03;Lombardia;097;Lecco;097077;Sueglio;097077;Sueglio;097;Lecco;03;Lombardia
03;Lombardia;097;Lecco;097078;Suello;097078;Suello;097;Lecco;03;Lombardia
03;Lombardia;097;Lecco;097079;Taceno;097079;Taceno;097;Lecco;03;Lombardia
03;Lombardia;097;Lecco;097080;Torre de' Busi;016215;Torre de' Busi;016;Bergamo;03;Lombardia
03;Lombardia;097;Lecco;097081;Tremenico;097093;Valvarrone;097;Lecco;03;Lombardia
03;Lombardia;097;Lecco;097082;Valgreghentino;097082;Valgreghentino;097;Lecco;03;Lombardia
03;Lombardia;097;Lecco;097083;Valmadrera;097083;Valmadrera;097;Lecco;03;Lombardia
03;Lombardia;097;Lecco;097084;Varenna;097084;Varenna;097;Lecco;03;Lombardia
03;Lombardia;097;Lecco;097085;Vendrogno;097008;Bellano;097;Lecco;03;Lombardia
03;Lombardia;097;Lecco;097086;Vercurago;097086;Vercurago;097;Lecco;03;Lombardia
03;Lombardia;097;Lecco;097087;Verderio Inferiore;097091;Verderio;097;Lecco;03;Lombardia
03;Lombardia;097;Lecco;097088;Verderio Superiore;097091;Verderio;097;Lecco;03;Lombardia
03;Lombardia;097;Lecco;097089;Vestreno;097093;Valvarrone;097;Lecco;03;Lombardia
03;Lombardia;097;Lecco;097090;Viganò;097090;Viganò;097;Lecco;03;Lombardia
03;Lombardia;098;Lodi;098001;Abbadia Cerreto;098001;Abbadia Cerreto;098;Lodi;03;Lombardia
03;Lombardia;098;Lodi;098002;Bertonico;098002;Bertonico;098;Lodi;03;Lombardia
03;Lombardia;098;Lodi;098003;Boffalora d'Adda;098003;Boffalora d'Adda;098;Lodi;03;Lombardia
03;Lombardia;098;Lodi;098004;Borghetto Lodigiano;098004;Borghetto Lodigiano;098;Lodi;03;Lombardia
03;Lombardia;098;Lodi;098005;Borgo San Giovanni;098005;Borgo San Giovanni;098;Lodi;03;Lombardia
03;Lombardia;098;Lodi;098006;Brembio;098006;Brembio;098;Lodi;03;Lombardia
03;Lombardia;098;Lodi;098007;Camairago;098062;Castelgerundo;098;Lodi;03;Lombardia
03;Lombardia;098;Lodi;098008;Casaletto Lodigiano;098008;Casaletto Lodigiano;098;Lodi;03;Lombardia
03;Lombardia;098;Lodi;098009;Casalmaiocco;098009;Casalmaiocco;098;Lodi;03;Lombardia
03;Lombardia;098;Lodi;098010;Casalpusterlengo;098010;Casalpusterlengo;098;Lodi;03;Lombardia
03;Lombardia;098;Lodi;098011;Caselle Landi;098011;Caselle Landi;098;Lodi;03;Lombardia
03;Lombardia;098;Lodi;098012;Caselle Lurani;098012;Caselle Lurani;098;Lodi;03;Lombardia
03;Lombardia;098;Lodi;098013;Castelnuovo Bocca d'Adda;098013;Castelnuovo Bocca d'Adda;098;Lodi;03;Lombardia
03;Lombardia;098;Lodi;098014;Castiglione d'Adda;098014;Castiglione d'Adda;098;Lodi;03;Lombardia
03;Lombardia;098;Lodi;098015;Castiraga Vidardo;098015;Castiraga Vidardo;098;Lodi;03;Lombardia
03;Lombardia;098;Lodi;098016;Cavacurta;098062;Castelgerundo;098;Lodi;03;Lombardia
03;Lombardia;098;Lodi;098017;Cavenago d'Adda;098017;Cavenago d'Adda;098;Lodi;03;Lombardia
03;Lombardia;098;Lodi;098018;Cervignano d'Adda;098018;Cervignano d'Adda;098;Lodi;03;Lombardia
03;Lombardia;098;Lodi;098019;Codogno;098019;Codogno;098;Lodi;03;Lombardia
03;Lombardia;098;Lodi;098020;Comazzo;098020;Comazzo;098;Lodi;03;Lombardia
03;Lombardia;098;Lodi;098021;Cornegliano Laudense;098021;Cornegliano Laudense;098;Lodi;03;Lombardia
03;Lombardia;098;Lodi;098022;Corno Giovine;098022;Corno Giovine;098;Lodi;03;Lombardia
03;Lombardia;098;Lodi;098023;Cornovecchio;098023;Cornovecchio;098;Lodi;03;Lombardia
03;Lombardia;098;Lodi;098024;Corte Palasio;098024;Corte Palasio;098;Lodi;03;Lombardia
03;Lombardia;098;Lodi;098025;Crespiatica;098025;Crespiatica;098;Lodi;03;Lombardia
03;Lombardia;098;Lodi;098026;Fombio;098026;Fombio;098;Lodi;03;Lombardia
03;Lombardia;098;Lodi;098027;Galgagnano;098027;Galgagnano;098;Lodi;03;Lombardia
03;Lombardia;098;Lodi;098028;Graffignana;098028;Graffignana;098;Lodi;03;Lombardia
03;Lombardia;098;Lodi;098029;Guardamiglio;098029;Guardamiglio;098;Lodi;03;Lombardia
03;Lombardia;098;Lodi;098030;Livraga;098030;Livraga;098;Lodi;03;Lombardia
03;Lombardia;098;Lodi;098031;Lodi;098031;Lodi;098;Lodi;03;Lombardia
03;Lombardia;098;Lodi;098032;Lodi Vecchio;098032;Lodi Vecchio;098;Lodi;03;Lombardia
03;Lombardia;098;Lodi;098033;Maccastorna;098033;Maccastorna;098;Lodi;03;Lombardia
03;Lombardia;098;Lodi;098034;Mairago;098034;Mairago;098;Lodi;03;Lombardia
03;Lombardia;098;Lodi;098035;Maleo;098035;Maleo;098;Lodi;03;Lombardia
03;Lombardia;098;Lodi;098036;Marudo;098036;Marudo;098;Lodi;03;Lombardia
03;Lombardia;098;Lodi;098037;Massalengo;098037;Massalengo;098;Lodi;03;Lombardia
03;Lombardia;098;Lodi;098038;Meleti;098038;Meleti;098;Lodi;03;Lombardia
03;Lombardia;098;Lodi;098039;Merlino;098039;Merlino;098;Lodi;03;Lombardia
03;Lombardia;098;Lodi;098040;Montanaso Lombardo;098040;Montanaso Lombardo;098;Lodi;03;Lombardia
03;Lombardia;098;Lodi;098041;Mulazzano;098041;Mulazzano;098;Lodi;03;Lombardia
03;Lombardia;098;Lodi;098042;Orio Litta;098042;Orio Litta;098;Lodi;03;Lombardia
03;Lombardia;098;Lodi;098043;Ospedaletto Lodigiano;098043;Ospedaletto Lodigiano;098;Lodi;03;Lombardia
03;Lombardia;098;Lodi;098044;Ossago Lodigiano;098044;Ossago Lodigiano;098;Lodi;03;Lombardia
03;Lombardia;098;Lodi;098045;Pieve Fissiraga;098045;Pieve Fissiraga;098;Lodi;03;Lombardia
03;Lombardia;098;Lodi;098046;Salerano sul Lambro;098046;Salerano sul Lambro;098;Lodi;03;Lombardia
03;Lombardia;098;Lodi;098047;San Fiorano;098047;San Fiorano;098;Lodi;03;Lombardia
03;Lombardia;098;Lodi;098048;San Martino in Strada;098048;San Martino in Strada;098;Lodi;03;Lombardia
03;Lombardia;098;Lodi;098049;San Rocco al Porto;098049;San Rocco al Porto;098;Lodi;03;Lombardia
03;Lombardia;098;Lodi;098050;Sant'Angelo Lodigiano;098050;Sant'Angelo Lodigiano;098;Lodi;03;Lombardia
03;Lombardia;098;Lodi;098051;Santo Stefano Lodigiano;098051;Santo Stefano Lodigiano;098;Lodi;03;Lombardia
03;Lombardia;098;Lodi;098052;Secugnago;098052;Secugnago;098;Lodi;03;Lombardia
03;Lombardia;098;Lodi;098053;Senna Lodigiana;098053;Senna Lodigiana;098;Lodi;03;Lombardia
03;Lombardia;098;Lodi;098054;Somaglia;098054;Somaglia;098;Lodi;03;Lombardia
03;Lombardia;098;Lodi;098055;Sordio;098055;Sordio;098;Lodi;03;Lombardia
03;Lombardia;098;Lodi;098056;Tavazzano con Villavesco;098056;Tavazzano con Villavesco;098;Lodi;03;Lombardia
03;Lombardia;098;Lodi;098057;Terranova dei Passerini;098057;Terranova dei Passerini;098;Lodi;03;Lombardia
03;Lombardia;098;Lodi;098058;Turano Lodigiano;098058;Turano Lodigiano;098;Lodi;03;Lombardia
03;Lombardia;098;Lodi;098059;Valera Fratta;098059;Valera Fratta;098;Lodi;03;Lombardia
03;Lombardia;098;Lodi;098060;Villanova del Sillaro;098060;Villanova del Sillaro;098;Lodi;03;Lombardia
03;Lombardia;098;Lodi;098061;Zelo Buon Persico;098061;Zelo Buon Persico;098;Lodi;03;Lombardia
08;Emilia-Romagna;099;Rimini;099001;Bellaria-Igea Marina;099001;Bellaria-Igea Marina;099;Rimini;08;Emilia-Romagna
08;Emilia-Romagna;099;Rimini;099002;Cattolica;099002;Cattolica;099;Rimini;08;Emilia-Romagna
08;Emilia-Romagna;099;Rimini;099003;Coriano;099003;Coriano;099;Rimini;08;Emilia-Romagna
08;Emilia-Romagna;099;Rimini;099004;Gemmano;099004;Gemmano;099;Rimini;08;Emilia-Romagna
08;Emilia-Romagna;099;Rimini;099005;Misano Adriatico;099005;Misano Adriatico;099;Rimini;08;Emilia-Romagna
08;Emilia-Romagna;099;Rimini;099006;Mondaino;099006;Mondaino;099;Rimini;08;Emilia-Romagna
08;Emilia-Romagna;099;Rimini;099007;Monte Colombo;099029;Montescudo-Monte Colombo;099;Rimini;08;Emilia-Romagna
08;Emilia-Romagna;099;Rimini;099008;Montefiore Conca;099008;Montefiore Conca;099;Rimini;08;Emilia-Romagna
08;Emilia-Romagna;099;Rimini;099009;Montegridolfo;099009;Montegridolfo;099;Rimini;08;Emilia-Romagna
08;Emilia-Romagna;099;Rimini;099010;Montescudo;099029;Montescudo-Monte Colombo;099;Rimini;08;Emilia-Romagna
08;Emilia-Romagna;099;Rimini;099011;Morciano di Romagna;099011;Morciano di Romagna;099;Rimini;08;Emilia-Romagna
08;Emilia-Romagna;099;Rimini;099012;Poggio Berni;099028;Poggio Torriana;099;Rimini;08;Emilia-Romagna
08;Emilia-Romagna;099;Rimini;099013;Riccione;099013;Riccione;099;Rimini;08;Emilia-Romagna
08;Emilia-Romagna;099;Rimini;099014;Rimini;099014;Rimini;099;Rimini;08;Emilia-Romagna
08;Emilia-Romagna;099;Rimini;099015;Saludecio;099015;Saludecio;099;Rimini;08;Emilia-Romagna
08;Emilia-Romagna;099;Rimini;099016;San Clemente;099016;San Clemente;099;Rimini;08;Emilia-Romagna
08;Emilia-Romagna;099;Rimini;099017;San Giovanni in Marignano;099017;San Giovanni in Marignano;099;Rimini;08;Emilia-Romagna
08;Emilia-Romagna;099;Rimini;099018;Santarcangelo di Romagna;099018;Santarcangelo di Romagna;099;Rimini;08;Emilia-Romagna
08;Emilia-Romagna;099;Rimini;099019;Torriana;099028;Poggio Torriana;099;Rimini;08;Emilia-Romagna
08;Emilia-Romagna;099;Rimini;099020;Verucchio;099020;Verucchio;099;Rimini;08;Emilia-Romagna
08;Emilia-Romagna;099;Rimini;099021;Casteldelci;099021;Casteldelci;099;Rimini;08;Emilia-Romagna
08;Emilia-Romagna;099;Rimini;099022;Maiolo;099022;Maiolo;099;Rimini;08;Emilia-Romagna
08;Emilia-Romagna;099;Rimini;099023;Novafeltria;099023;Novafeltria;099;Rimini;08;Emilia-Romagna
08;Emilia-Romagna;099;Rimini;099024;Pennabilli;099024;Pennabilli;099;Rimini;08;Emilia-Romagna
08;Emilia-Romagna;099;Rimini;099025;San Leo;099025;San Leo;099;Rimini;08;Emilia-Romagna
08;Emilia-Romagna;099;Rimini;099026;Sant'Agata Feltria;099026;Sant'Agata Feltria;099;Rimini;08;Emilia-Romagna
08;Emilia-Romagna;099;Rimini;099027;Talamello;099027;Talamello;099;Rimini;08;Emilia-Romagna
09;Toscana;100;Prato;100001;Cantagallo;100001;Cantagallo;100;Prato;09;Toscana
09;Toscana;100;Prato;100002;Carmignano;100002;Carmignano;100;Prato;09;Toscana
09;Toscana;100;Prato;100003;Montemurlo;100003;Montemurlo;100;Prato;09;Toscana
09;Toscana;100;Prato;100004;Poggio a Caiano;100004;Poggio a Caiano;100;Prato;09;Toscana
09;Toscana;100;Prato;100005;Prato;100005;Prato;100;Prato;09;Toscana
09;Toscana;100;Prato;100006;Vaiano;100006;Vaiano;100;Prato;09;Toscana
09;Toscana;100;Prato;100007;Vernio;100007;Vernio;100;Prato;09;Toscana
18;Calabria;101;Crotone;101001;Belvedere di Spinello;101001;Belvedere di Spinello;101;Crotone;18;Calabria
18;Calabria;101;Crotone;101002;Caccuri;101002;Caccuri;101;Crotone;18;Calabria
18;Calabria;101;Crotone;101003;Carfizzi;101003;Carfizzi;101;Crotone;18;Calabria
18;Calabria;101;Crotone;101004;Casabona;101004;Casabona;101;Crotone;18;Calabria
18;Calabria;101;Crotone;101005;Castelsilano;101005;Castelsilano;101;Crotone;18;Calabria
18;Calabria;101;Crotone;101006;Cerenzia;101006;Cerenzia;101;Crotone;18;Calabria
18;Calabria;101;Crotone;101007;Cirò;101007;Cirò;101;Crotone;18;Calabria
18;Calabria;101;Crotone;101008;Cirò Marina;101008;Cirò Marina;101;Crotone;18;Calabria
18;Calabria;101;Crotone;101009;Cotronei;101009;Cotronei;101;Crotone;18;Calabria
18;Calabria;101;Crotone;101010;Crotone;101010;Crotone;101;Crotone;18;Calabria
18;Calabria;101;Crotone;101011;Crucoli;101011;Crucoli;101;Crotone;18;Calabria
18;Calabria;101;Crotone;101012;Cutro;101012;Cutro;101;Crotone;18;Calabria
18;Calabria;101;Crotone;101013;Isola di Capo Rizzuto;101013;Isola di Capo Rizzuto;101;Crotone;18;Calabria
18;Calabria;101;Crotone;101014;Melissa;101014;Melissa;101;Crotone;18;Calabria
18;Calabria;101;Crotone;101015;Mesoraca;101015;Mesoraca;101;Crotone;18;Calabria
18;Calabria;101;Crotone;101016;Pallagorio;101016;Pallagorio;101;Crotone;18;Calabria
18;Calabria;101;Crotone;101017;Petilia Policastro;101017;Petilia Policastro;101;Crotone;18;Calabria
18;Calabria;101;Crotone;101018;Roccabernarda;101018;Roccabernarda;101;Crotone;18;Calabria
18;Calabria;101;Crotone;101019;Rocca di Neto;101019;Rocca di Neto;101;Crotone;18;Calabria
18;Calabria;101;Crotone;101020;San Mauro Marchesato;101020;San Mauro Marchesato;101;Crotone;18;Calabria
18;Calabria;101;Crotone;101021;San Nicola dell'Alto;101021;San Nicola dell'Alto;101;Crotone;18;Calabria
18;Calabria;101;Crotone;101022;Santa Severina;101022;Santa Severina;101;Crotone;18;Calabria
18;Calabria;101;Crotone;101023;Savelli;101023;Savelli;101;Crotone;18;Calabria
18;Calabria;101;Crotone;101024;Scandale;101024;Scandale;101;Crotone;18;Calabria
18;Calabria;101;Crotone;101025;Strongoli;101025;Strongoli;101;Crotone;18;Calabria
18;Calabria;101;Crotone;101026;Umbriatico;101026;Umbriatico;101;Crotone;18;Calabria
18;Calabria;101;Crotone;101027;Verzino;101027;Verzino;101;Crotone;18;Calabria
18;Calabria;102;Vibo Valentia;102001;Acquaro;102001;Acquaro;102;Vibo Valentia;18;Calabria
18;Calabria;102;Vibo Valentia;102002;Arena;102002;Arena;102;Vibo Valentia;18;Calabria
18;Calabria;102;Vibo Valentia;102003;Briatico;102003;Briatico;102;Vibo Valentia;18;Calabria
18;Calabria;102;Vibo Valentia;102004;Brognaturo;102004;Brognaturo;102;Vibo Valentia;18;Calabria
18;Calabria;102;Vibo Valentia;102005;Capistrano;102005;Capistrano;102;Vibo Valentia;18;Calabria
18;Calabria;102;Vibo Valentia;102006;Cessaniti;102006;Cessaniti;102;Vibo Valentia;18;Calabria
18;Calabria;102;Vibo Valentia;102007;Dasà;102007;Dasà;102;Vibo Valentia;18;Calabria
18;Calabria;102;Vibo Valentia;102008;Dinami;102008;Dinami;102;Vibo Valentia;18;Calabria
18;Calabria;102;Vibo Valentia;102009;Drapia;102009;Drapia;102;Vibo Valentia;18;Calabria
18;Calabria;102;Vibo Valentia;102010;Fabrizia;102010;Fabrizia;102;Vibo Valentia;18;Calabria
18;Calabria;102;Vibo Valentia;102011;Filadelfia;102011;Filadelfia;102;Vibo Valentia;18;Calabria
18;Calabria;102;Vibo Valentia;102012;Filandari;102012;Filandari;102;Vibo Valentia;18;Calabria
18;Calabria;102;Vibo Valentia;102013;Filogaso;102013;Filogaso;102;Vibo Valentia;18;Calabria
18;Calabria;102;Vibo Valentia;102014;Francavilla Angitola;102014;Francavilla Angitola;102;Vibo Valentia;18;Calabria
18;Calabria;102;Vibo Valentia;102015;Francica;102015;Francica;102;Vibo Valentia;18;Calabria
18;Calabria;102;Vibo Valentia;102016;Gerocarne;102016;Gerocarne;102;Vibo Valentia;18;Calabria
18;Calabria;102;Vibo Valentia;102017;Jonadi;102017;Jonadi;102;Vibo Valentia;18;Calabria
18;Calabria;102;Vibo Valentia;102018;Joppolo;102018;Joppolo;102;Vibo Valentia;18;Calabria
18;Calabria;102;Vibo Valentia;102019;Limbadi;102019;Limbadi;102;Vibo Valentia;18;Calabria
18;Calabria;102;Vibo Valentia;102020;Maierato;102020;Maierato;102;Vibo Valentia;18;Calabria
18;Calabria;102;Vibo Valentia;102021;Mileto;102021;Mileto;102;Vibo Valentia;18;Calabria
18;Calabria;102;Vibo Valentia;102022;Mongiana;102022;Mongiana;102;Vibo Valentia;18;Calabria
18;Calabria;102;Vibo Valentia;102023;Monterosso Calabro;102023;Monterosso Calabro;102;Vibo Valentia;18;Calabria
18;Calabria;102;Vibo Valentia;102024;Nardodipace;102024;Nardodipace;102;Vibo Valentia;18;Calabria
18;Calabria;102;Vibo Valentia;102025;Nicotera;102025;Nicotera;102;Vibo Valentia;18;Calabria
18;Calabria;102;Vibo Valentia;102026;Parghelia;102026;Parghelia;102;Vibo Valentia;18;Calabria
18;Calabria;102;Vibo Valentia;102027;Pizzo;102027;Pizzo;102;Vibo Valentia;18;Calabria
18;Calabria;102;Vibo Valentia;102028;Pizzoni;102028;Pizzoni;102;Vibo Valentia;18;Calabria
18;Calabria;102;Vibo Valentia;102029;Polia;102029;Polia;102;Vibo Valentia;18;Calabria
18;Calabria;102;Vibo Valentia;102030;Ricadi;102030;Ricadi;102;Vibo Valentia;18;Calabria
18;Calabria;102;Vibo Valentia;102031;Rombiolo;102031;Rombiolo;102;Vibo Valentia;18;Calabria
18;Calabria;102;Vibo Valentia;102032;San Calogero;102032;San Calogero;102;Vibo Valentia;18;Calabria
18;Calabria;102;Vibo Valentia;102033;San Costantino Calabro;102033;San Costantino Calabro;102;Vibo Valentia;18;Calabria
18;Calabria;102;Vibo Valentia;102034;San Gregorio d'Ippona;102034;San Gregorio d'Ippona;102;Vibo Valentia;18;Calabria
18;Calabria;102;Vibo Valentia;102035;San Nicola da Crissa;102035;San Nicola da Crissa;102;Vibo Valentia;18;Calabria
18;Calabria;102;Vibo Valentia;102036;Sant'Onofrio;102036;Sant'Onofrio;102;Vibo Valentia;18;Calabria
18;Calabria;102;Vibo Valentia;102037;Serra San Bruno;102037;Serra San Bruno;102;Vibo Valentia;18;Calabria
18;Calabria;102;Vibo Valentia;102038;Simbario;102038;Simbario;102;Vibo Valentia;18;Calabria
18;Calabria;102;Vibo Valentia;102039;Sorianello;102039;Sorianello;102;Vibo Valentia;18;Calabria
18;Calabria;102;Vibo Valentia;102040;Soriano Calabro;102040;Soriano Calabro;102;Vibo Valentia;18;Calabria
18;Calabria;102;Vibo Valentia;102041;Spadola;102041;Spadola;102;Vibo Valentia;18;Calabria
18;Calabria;102;Vibo Valentia;102042;Spilinga;102042;Spilinga;102;Vibo Valentia;18;Calabria
18;Calabria;102;Vibo Valentia;102043;Stefanaconi;102043;Stefanaconi;102;Vibo Valentia;18;Calabria
18;Calabria;102;Vibo Valentia;102044;Tropea;102044;Tropea;102;Vibo Valentia;18;Calabria
18;Calabria;102;Vibo Valentia;102045;Vallelonga;102045;Vallelonga;102;Vibo Valentia;18;Calabria
18;Calabria;102;Vibo Valentia;102046;Vazzano;102046;Vazzano;102;Vibo Valentia;18;Calabria
18;Calabria;102;Vibo Valentia;102047;Vibo Valentia;102047;Vibo Valentia;102;Vibo Valentia;18;Calabria
18;Calabria;102;Vibo Valentia;102048;Zaccanopoli;102048;Zaccanopoli;102;Vibo Valentia;18;Calabria
18;Calabria;102;Vibo Valentia;102049;Zambrone;102049;Zambrone;102;Vibo Valentia;18;Calabria
18;Calabria;102;Vibo Valentia;102050;Zungri;102050;Zungri;102;Vibo Valentia;18;Calabria
01;Piemonte;103;Verbano-Cusio-Ossola;103001;Antrona Schieranco;103001;Antrona Schieranco;103;Verbano-Cusio-Ossola;01;Piemonte
01;Piemonte;103;Verbano-Cusio-Ossola;103002;Anzola d'Ossola;103002;Anzola d'Ossola;103;Verbano-Cusio-Ossola;01;Piemonte
01;Piemonte;103;Verbano-Cusio-Ossola;103003;Arizzano;103003;Arizzano;103;Verbano-Cusio-Ossola;01;Piemonte
01;Piemonte;103;Verbano-Cusio-Ossola;103004;Arola;103004;Arola;103;Verbano-Cusio-Ossola;01;Piemonte
01;Piemonte;103;Verbano-Cusio-Ossola;103005;Aurano;103005;Aurano;103;Verbano-Cusio-Ossola;01;Piemonte
01;Piemonte;103;Verbano-Cusio-Ossola;103006;Baceno;103006;Baceno;103;Verbano-Cusio-Ossola;01;Piemonte
01;Piemonte;103;Verbano-Cusio-Ossola;103007;Bannio Anzino;103007;Bannio Anzino;103;Verbano-Cusio-Ossola;01;Piemonte
01;Piemonte;103;Verbano-Cusio-Ossola;103008;Baveno;103008;Baveno;103;Verbano-Cusio-Ossola;01;Piemonte
01;Piemonte;103;Verbano-Cusio-Ossola;103009;Bee;103009;Bee;103;Verbano-Cusio-Ossola;01;Piemonte
01;Piemonte;103;Verbano-Cusio-Ossola;103010;Belgirate;103010;Belgirate;103;Verbano-Cusio-Ossola;01;Piemonte
01;Piemonte;103;Verbano-Cusio-Ossola;103011;Beura-Cardezza;103011;Beura-Cardezza;103;Verbano-Cusio-Ossola;01;Piemonte
01;Piemonte;103;Verbano-Cusio-Ossola;103012;Bognanco;103012;Bognanco;103;Verbano-Cusio-Ossola;01;Piemonte
01;Piemonte;103;Verbano-Cusio-Ossola;103013;Brovello-Carpugnino;103013;Brovello-Carpugnino;103;Verbano-Cusio-Ossola;01;Piemonte
01;Piemonte;103;Verbano-Cusio-Ossola;103014;Calasca-Castiglione;103014;Calasca-Castiglione;103;Verbano-Cusio-Ossola;01;Piemonte
01;Piemonte;103;Verbano-Cusio-Ossola;103015;Cambiasca;103015;Cambiasca;103;Verbano-Cusio-Ossola;01;Piemonte
01;Piemonte;103;Verbano-Cusio-Ossola;103016;Cannero Riviera;103016;Cannero Riviera;103;Verbano-Cusio-Ossola;01;Piemonte
01;Piemonte;103;Verbano-Cusio-Ossola;103017;Cannobio;103017;Cannobio;103;Verbano-Cusio-Ossola;01;Piemonte
01;Piemonte;103;Verbano-Cusio-Ossola;103018;Caprezzo;103018;Caprezzo;103;Verbano-Cusio-Ossola;01;Piemonte
01;Piemonte;103;Verbano-Cusio-Ossola;103019;Casale Corte Cerro;103019;Casale Corte Cerro;103;Verbano-Cusio-Ossola;01;Piemonte
01;Piemonte;103;Verbano-Cusio-Ossola;103020;Cavaglio-Spoccia;103079;Valle Cannobina;103;Verbano-Cusio-Ossola;01;Piemonte
01;Piemonte;103;Verbano-Cusio-Ossola;103021;Ceppo Morelli;103021;Ceppo Morelli;103;Verbano-Cusio-Ossola;01;Piemonte
01;Piemonte;103;Verbano-Cusio-Ossola;103022;Cesara;103022;Cesara;103;Verbano-Cusio-Ossola;01;Piemonte
01;Piemonte;103;Verbano-Cusio-Ossola;103023;Cossogno;103023;Cossogno;103;Verbano-Cusio-Ossola;01;Piemonte
01;Piemonte;103;Verbano-Cusio-Ossola;103024;Craveggia;103024;Craveggia;103;Verbano-Cusio-Ossola;01;Piemonte
01;Piemonte;103;Verbano-Cusio-Ossola;103025;Crevoladossola;103025;Crevoladossola;103;Verbano-Cusio-Ossola;01;Piemonte
01;Piemonte;103;Verbano-Cusio-Ossola;103026;Crodo;103026;Crodo;103;Verbano-Cusio-Ossola;01;Piemonte
01;Piemonte;103;Verbano-Cusio-Ossola;103027;Cursolo-Orasso;103079;Valle Cannobina;103;Verbano-Cusio-Ossola;01;Piemonte
01;Piemonte;103;Verbano-Cusio-Ossola;103028;Domodossola;103028;Domodossola;103;Verbano-Cusio-Ossola;01;Piemonte
01;Piemonte;103;Verbano-Cusio-Ossola;103029;Druogno;103029;Druogno;103;Verbano-Cusio-Ossola;01;Piemonte
01;Piemonte;103;Verbano-Cusio-Ossola;103030;Falmenta;103079;Valle Cannobina;103;Verbano-Cusio-Ossola;01;Piemonte
01;Piemonte;103;Verbano-Cusio-Ossola;103031;Formazza;103031;Formazza;103;Verbano-Cusio-Ossola;01;Piemonte
01;Piemonte;103;Verbano-Cusio-Ossola;103032;Germagno;103032;Germagno;103;Verbano-Cusio-Ossola;01;Piemonte
01;Piemonte;103;Verbano-Cusio-Ossola;103033;Ghiffa;103033;Ghiffa;103;Verbano-Cusio-Ossola;01;Piemonte
01;Piemonte;103;Verbano-Cusio-Ossola;103034;Gignese;103034;Gignese;103;Verbano-Cusio-Ossola;01;Piemonte
01;Piemonte;103;Verbano-Cusio-Ossola;103035;Gravellona Toce;103035;Gravellona Toce;103;Verbano-Cusio-Ossola;01;Piemonte
01;Piemonte;103;Verbano-Cusio-Ossola;103036;Gurro;103036;Gurro;103;Verbano-Cusio-Ossola;01;Piemonte
01;Piemonte;103;Verbano-Cusio-Ossola;103037;Intragna;103037;Intragna;103;Verbano-Cusio-Ossola;01;Piemonte
01;Piemonte;103;Verbano-Cusio-Ossola;103038;Loreglia;103038;Loreglia;103;Verbano-Cusio-Ossola;01;Piemonte
01;Piemonte;103;Verbano-Cusio-Ossola;103039;Macugnaga;103039;Macugnaga;103;Verbano-Cusio-Ossola;01;Piemonte
01;Piemonte;103;Verbano-Cusio-Ossola;103040;Madonna del Sasso;103040;Madonna del Sasso;103;Verbano-Cusio-Ossola;01;Piemonte
01;Piemonte;103;Verbano-Cusio-Ossola;103041;Malesco;103041;Malesco;103;Verbano-Cusio-Ossola;01;Piemonte
01;Piemonte;103;Verbano-Cusio-Ossola;103042;Masera;103042;Masera;103;Verbano-Cusio-Ossola;01;Piemonte
01;Piemonte;103;Verbano-Cusio-Ossola;103043;Massiola;103043;Massiola;103;Verbano-Cusio-Ossola;01;Piemonte
01;Piemonte;103;Verbano-Cusio-Ossola;103044;Mergozzo;103044;Mergozzo;103;Verbano-Cusio-Ossola;01;Piemonte
01;Piemonte;103;Verbano-Cusio-Ossola;103045;Miazzina;103045;Miazzina;103;Verbano-Cusio-Ossola;01;Piemonte
01;Piemonte;103;Verbano-Cusio-Ossola;103046;Montecrestese;103046;Montecrestese;103;Verbano-Cusio-Ossola;01;Piemonte
01;Piemonte;103;Verbano-Cusio-Ossola;103047;Montescheno;103047;Montescheno;103;Verbano-Cusio-Ossola;01;Piemonte
01;Piemonte;103;Verbano-Cusio-Ossola;103048;Nonio;103048;Nonio;103;Verbano-Cusio-Ossola;01;Piemonte
01;Piemonte;103;Verbano-Cusio-Ossola;103049;Oggebbio;103049;Oggebbio;103;Verbano-Cusio-Ossola;01;Piemonte
01;Piemonte;103;Verbano-Cusio-Ossola;103050;Omegna;103050;Omegna;103;Verbano-Cusio-Ossola;01;Piemonte
01;Piemonte;103;Verbano-Cusio-Ossola;103051;Ornavasso;103051;Ornavasso;103;Verbano-Cusio-Ossola;01;Piemonte
01;Piemonte;103;Verbano-Cusio-Ossola;103052;Pallanzeno;103052;Pallanzeno;103;Verbano-Cusio-Ossola;01;Piemonte
01;Piemonte;103;Verbano-Cusio-Ossola;103053;Piedimulera;103053;Piedimulera;103;Verbano-Cusio-Ossola;01;Piemonte
01;Piemonte;103;Verbano-Cusio-Ossola;103054;Pieve Vergonte;103054;Pieve Vergonte;103;Verbano-Cusio-Ossola;01;Piemonte
01;Piemonte;103;Verbano-Cusio-Ossola;103055;Premeno;103055;Premeno;103;Verbano-Cusio-Ossola;01;Piemonte
01;Piemonte;103;Verbano-Cusio-Ossola;103056;Premia;103056;Premia;103;Verbano-Cusio-Ossola;01;Piemonte
01;Piemonte;103;Verbano-Cusio-Ossola;103057;Premosello-Chiovenda;103057;Premosello-Chiovenda;103;Verbano-Cusio-Ossola;01;Piemonte
01;Piemonte;103;Verbano-Cusio-Ossola;103058;Quarna Sopra;103058;Quarna Sopra;103;Verbano-Cusio-Ossola;01;Piemonte
01;Piemonte;103;Verbano-Cusio-Ossola;103059;Quarna Sotto;103059;Quarna Sotto;103;Verbano-Cusio-Ossola;01;Piemonte
01;Piemonte;103;Verbano-Cusio-Ossola;103060;Re;103060;Re;103;Verbano-Cusio-Ossola;01;Piemonte
01;Piemonte;103;Verbano-Cusio-Ossola;103061;San Bernardino Verbano;103061;San Bernardino Verbano;103;Verbano-Cusio-Ossola;01;Piemonte
01;Piemonte;103;Verbano-Cusio-Ossola;103062;Santa Maria Maggiore;103062;Santa Maria Maggiore;103;Verbano-Cusio-Ossola;01;Piemonte
01;Piemonte;103;Verbano-Cusio-Ossola;103063;Seppiana;103078;Borgomezzavalle;103;Verbano-Cusio-Ossola;01;Piemonte
01;Piemonte;103;Verbano-Cusio-Ossola;103064;Stresa;103064;Stresa;103;Verbano-Cusio-Ossola;01;Piemonte
01;Piemonte;103;Verbano-Cusio-Ossola;103065;Toceno;103065;Toceno;103;Verbano-Cusio-Ossola;01;Piemonte
01;Piemonte;103;Verbano-Cusio-Ossola;103066;Trarego Viggiona;103066;Trarego Viggiona;103;Verbano-Cusio-Ossola;01;Piemonte
01;Piemonte;103;Verbano-Cusio-Ossola;103067;Trasquera;103067;Trasquera;103;Verbano-Cusio-Ossola;01;Piemonte
01;Piemonte;103;Verbano-Cusio-Ossola;103068;Trontano;103068;Trontano;103;Verbano-Cusio-Ossola;01;Piemonte
01;Piemonte;103;Verbano-Cusio-Ossola;103069;Valstrona;103069;Valstrona;103;Verbano-Cusio-Ossola;01;Piemonte
01;Piemonte;103;Verbano-Cusio-Ossola;103070;Vanzone con San Carlo;103070;Vanzone con San Carlo;103;Verbano-Cusio-Ossola;01;Piemonte
01;Piemonte;103;Verbano-Cusio-Ossola;103071;Varzo;103071;Varzo;103;Verbano-Cusio-Ossola;01;Piemonte
01;Piemonte;103;Verbano-Cusio-Ossola;103072;Verbania;103072;Verbania;103;Verbano-Cusio-Ossola;01;Piemonte
01;Piemonte;103;Verbano-Cusio-Ossola;103073;Viganella;103078;Borgomezzavalle;103;Verbano-Cusio-Ossola;01;Piemonte
01;Piemonte;103;Verbano-Cusio-Ossola;103074;Vignone;103074;Vignone;103;Verbano-Cusio-Ossola;01;Piemonte
01;Piemonte;103;Verbano-Cusio-Ossola;103075;Villadossola;103075;Villadossola;103;Verbano-Cusio-Ossola;01;Piemonte
01;Piemonte;103;Verbano-Cusio-Ossola;103076;Villette;103076;Villette;103;Verbano-Cusio-Ossola;01;Piemonte
01;Piemonte;103;Verbano-Cusio-Ossola;103077;Vogogna;103077;Vogogna;103;Verbano-Cusio-Ossola;01;Piemonte
20;Sardegna;104;Olbia-Tempio;104001;Aggius;090001;Aggius;090;Sassari;20;Sardegna
20;Sardegna;104;Olbia-Tempio;104002;Aglientu;090062;Aglientu;090;Sassari;20;Sardegna
20;Sardegna;104;Olbia-Tempio;104003;Alà dei Sardi;090002;Alà dei Sardi;090;Sassari;20;Sardegna
20;Sardegna;104;Olbia-Tempio;104004;Arzachena;090006;Arzachena;090;Sassari;20;Sardegna
20;Sardegna;104;Olbia-Tempio;104005;Badesi;090081;Badesi;090;Sassari;20;Sardegna
20;Sardegna;104;Olbia-Tempio;104006;Berchidda;090009;Berchidda;090;Sassari;20;Sardegna
20;Sardegna;104;Olbia-Tempio;104007;Bortigiadas;090014;Bortigiadas;090;Sassari;20;Sardegna
20;Sardegna;104;Olbia-Tempio;104008;Buddusò;090017;Buddusò;090;Sassari;20;Sardegna
20;Sardegna;104;Olbia-Tempio;104009;Budoni;090091;Budoni;090;Sassari;20;Sardegna
20;Sardegna;104;Olbia-Tempio;104010;Calangianus;090021;Calangianus;090;Sassari;20;Sardegna
20;Sardegna;104;Olbia-Tempio;104011;Golfo Aranci;090083;Golfo Aranci;090;Sassari;20;Sardegna
20;Sardegna;104;Olbia-Tempio;104012;La Maddalena;090035;La Maddalena;090;Sassari;20;Sardegna
20;Sardegna;104;Olbia-Tempio;104013;Loiri Porto San Paolo;090084;Loiri Porto San Paolo;090;Sassari;20;Sardegna
20;Sardegna;104;Olbia-Tempio;104014;Luogosanto;090036;Luogosanto;090;Sassari;20;Sardegna
20;Sardegna;104;Olbia-Tempio;104015;Luras;090037;Luras;090;Sassari;20;Sardegna
20;Sardegna;104;Olbia-Tempio;104016;Monti;090041;Monti;090;Sassari;20;Sardegna
20;Sardegna;104;Olbia-Tempio;104017;Olbia;090047;Olbia;090;Sassari;20;Sardegna
20;Sardegna;104;Olbia-Tempio;104018;Oschiri;090049;Oschiri;090;Sassari;20;Sardegna
20;Sardegna;104;Olbia-Tempio;104019;Padru;090090;Padru;090;Sassari;20;Sardegna
20;Sardegna;104;Olbia-Tempio;104020;Palau;090054;Palau;090;Sassari;20;Sardegna
20;Sardegna;104;Olbia-Tempio;104021;Sant'Antonio di Gallura;090085;Sant'Antonio di Gallura;090;Sassari;20;Sardegna
20;Sardegna;104;Olbia-Tempio;104022;Santa Teresa Gallura;090063;Santa Teresa Gallura;090;Sassari;20;Sardegna
20;Sardegna;104;Olbia-Tempio;104023;San Teodoro;090092;San Teodoro;090;Sassari;20;Sardegna
20;Sardegna;104;Olbia-Tempio;104024;Telti;090080;Telti;090;Sassari;20;Sardegna
20;Sardegna;104;Olbia-Tempio;104025;Tempio Pausania;090070;Tempio Pausania;090;Sassari;20;Sardegna
20;Sardegna;104;Olbia-Tempio;104026;Trinità d'Agultu e Vignola;090074;Trinità d'Agultu e Vignola;090;Sassari;20;Sardegna
20;Sardegna;105;Ogliastra;105001;Arzana;091002;Arzana;091;Nuoro;20;Sardegna
20;Sardegna;105;Ogliastra;105002;Bari Sardo;091005;Bari Sardo;091;Nuoro;20;Sardegna
20;Sardegna;105;Ogliastra;105003;Baunei;091006;Baunei;091;Nuoro;20;Sardegna
20;Sardegna;105;Ogliastra;105004;Cardedu;091103;Cardedu;091;Nuoro;20;Sardegna
20;Sardegna;105;Ogliastra;105005;Elini;091019;Elini;091;Nuoro;20;Sardegna
20;Sardegna;105;Ogliastra;105006;Gairo;091026;Gairo;091;Nuoro;20;Sardegna
20;Sardegna;105;Ogliastra;105007;Girasole;091031;Girasole;091;Nuoro;20;Sardegna
20;Sardegna;105;Ogliastra;105008;Ilbono;091032;Ilbono;091;Nuoro;20;Sardegna
20;Sardegna;105;Ogliastra;105009;Jerzu;091035;Jerzu;091;Nuoro;20;Sardegna
20;Sardegna;105;Ogliastra;105010;Lanusei;091037;Lanusei;091;Nuoro;20;Sardegna
20;Sardegna;105;Ogliastra;105011;Loceri;091039;Loceri;091;Nuoro;20;Sardegna
20;Sardegna;105;Ogliastra;105012;Lotzorai;091042;Lotzorai;091;Nuoro;20;Sardegna
20;Sardegna;105;Ogliastra;105013;Osini;091069;Osini;091;Nuoro;20;Sardegna
20;Sardegna;105;Ogliastra;105014;Perdasdefogu;091072;Perdasdefogu;091;Nuoro;20;Sardegna
20;Sardegna;105;Ogliastra;105015;Seui;111081;Seui;111;Sud Sardegna;20;Sardegna
20;Sardegna;105;Ogliastra;105016;Talana;091088;Talana;091;Nuoro;20;Sardegna
20;Sardegna;105;Ogliastra;105017;Tertenia;091089;Tertenia;091;Nuoro;20;Sardegna
20;Sardegna;105;Ogliastra;105018;Tortolì;091095;Tortolì;091;Nuoro;20;Sardegna
20;Sardegna;105;Ogliastra;105019;Triei;091097;Triei;091;Nuoro;20;Sardegna
20;Sardegna;105;Ogliastra;105020;Ulassai;091098;Ulassai;091;Nuoro;20;Sardegna
20;Sardegna;105;Ogliastra;105021;Urzulei;091099;Urzulei;091;Nuoro;20;Sardegna
20;Sardegna;105;Ogliastra;105022;Ussassai;091100;Ussassai;091;Nuoro;20;Sardegna
20;Sardegna;105;Ogliastra;105023;Villagrande Strisaili;091101;Villagrande Strisaili;091;Nuoro;20;Sardegna
20;Sardegna;106;Medio Campidano;106001;Arbus;111001;Arbus;111;Sud Sardegna;20;Sardegna
20;Sardegna;106;Medio Campidano;106002;Barumini;111005;Barumini;111;Sud Sardegna;20;Sardegna
20;Sardegna;106;Medio Campidano;106003;Collinas;111012;Collinas;111;Sud Sardegna;20;Sardegna
20;Sardegna;106;Medio Campidano;106004;Furtei;111022;Furtei;111;Sud Sardegna;20;Sardegna
20;Sardegna;106;Medio Campidano;106005;Genuri;111024;Genuri;111;Sud Sardegna;20;Sardegna
20;Sardegna;106;Medio Campidano;106006;Gesturi;111027;Gesturi;111;Sud Sardegna;20;Sardegna
20;Sardegna;106;Medio Campidano;106007;Gonnosfanadiga;111031;Gonnosfanadiga;111;Sud Sardegna;20;Sardegna
20;Sardegna;106;Medio Campidano;106008;Guspini;111034;Guspini;111;Sud Sardegna;20;Sardegna
20;Sardegna;106;Medio Campidano;106009;Las Plassas;111037;Las Plassas;111;Sud Sardegna;20;Sardegna
20;Sardegna;106;Medio Campidano;106010;Lunamatrona;111038;Lunamatrona;111;Sud Sardegna;20;Sardegna
20;Sardegna;106;Medio Campidano;106011;Pabillonis;111052;Pabillonis;111;Sud Sardegna;20;Sardegna
20;Sardegna;106;Medio Campidano;106012;Pauli Arbarei;111053;Pauli Arbarei;111;Sud Sardegna;20;Sardegna
20;Sardegna;106;Medio Campidano;106013;Samassi;111059;Samassi;111;Sud Sardegna;20;Sardegna
20;Sardegna;106;Medio Campidano;106014;San Gavino Monreale;111062;San Gavino Monreale;111;Sud Sardegna;20;Sardegna
20;Sardegna;106;Medio Campidano;106015;Sanluri;111067;Sanluri;111;Sud Sardegna;20;Sardegna
20;Sardegna;106;Medio Campidano;106016;Sardara;111072;Sardara;111;Sud Sardegna;20;Sardegna
20;Sardegna;106;Medio Campidano;106017;Segariu;111073;Segariu;111;Sud Sardegna;20;Sardegna
20;Sardegna;106;Medio Campidano;106018;Serramanna;111077;Serramanna;111;Sud Sardegna;20;Sardegna
20;Sardegna;106;Medio Campidano;106019;Serrenti;111078;Serrenti;111;Sud Sardegna;20;Sardegna
20;Sardegna;106;Medio Campidano;106020;Setzu;111080;Setzu;111;Sud Sardegna;20;Sardegna
20;Sardegna;106;Medio Campidano;106021;Siddi;111083;Siddi;111;Sud Sardegna;20;Sardegna
20;Sardegna;106;Medio Campidano;106022;Tuili;111091;Tuili;111;Sud Sardegna;20;Sardegna
20;Sardegna;106;Medio Campidano;106023;Turri;111092;Turri;111;Sud Sardegna;20;Sardegna
20;Sardegna;106;Medio Campidano;106024;Ussaramanna;111094;Ussaramanna;111;Sud Sardegna;20;Sardegna
20;Sardegna;106;Medio Campidano;106025;Villacidro;111096;Villacidro;111;Sud Sardegna;20;Sardegna
20;Sardegna;106;Medio Campidano;106026;Villamar;111097;Villamar;111;Sud Sardegna;20;Sardegna
20;Sardegna;106;Medio Campidano;106027;Villanovaforru;111100;Villanovaforru;111;Sud Sardegna;20;Sardegna
20;Sardegna;106;Medio Campidano;106028;Villanovafranca;111101;Villanovafranca;111;Sud Sardegna;20;Sardegna
20;Sardegna;107;Carbonia-Iglesias;107001;Buggerru;111006;Buggerru;111;Sud Sardegna;20;Sardegna
20;Sardegna;107;Carbonia-Iglesias;107002;Calasetta;111008;Calasetta;111;Sud Sardegna;20;Sardegna
20;Sardegna;107;Carbonia-Iglesias;107003;Carbonia;111009;Carbonia;111;Sud Sardegna;20;Sardegna
20;Sardegna;107;Carbonia-Iglesias;107004;Carloforte;111010;Carloforte;111;Sud Sardegna;20;Sardegna
20;Sardegna;107;Carbonia-Iglesias;107005;Domusnovas;111016;Domusnovas;111;Sud Sardegna;20;Sardegna
20;Sardegna;107;Carbonia-Iglesias;107006;Fluminimaggiore;111021;Fluminimaggiore;111;Sud Sardegna;20;Sardegna
20;Sardegna;107;Carbonia-Iglesias;107007;Giba;111028;Giba;111;Sud Sardegna;20;Sardegna
20;Sardegna;107;Carbonia-Iglesias;107008;Gonnesa;111030;Gonnesa;111;Sud Sardegna;20;Sardegna
20;Sardegna;107;Carbonia-Iglesias;107009;Iglesias;111035;Iglesias;111;Sud Sardegna;20;Sardegna
20;Sardegna;107;Carbonia-Iglesias;107010;Masainas;111040;Masainas;111;Sud Sardegna;20;Sardegna
20;Sardegna;107;Carbonia-Iglesias;107011;Musei;111043;Musei;111;Sud Sardegna;20;Sardegna
20;Sardegna;107;Carbonia-Iglesias;107012;Narcao;111044;Narcao;111;Sud Sardegna;20;Sardegna
20;Sardegna;107;Carbonia-Iglesias;107013;Nuxis;111049;Nuxis;111;Sud Sardegna;20;Sardegna
20;Sardegna;107;Carbonia-Iglesias;107014;Perdaxius;111054;Perdaxius;111;Sud Sardegna;20;Sardegna
20;Sardegna;107;Carbonia-Iglesias;107015;Piscinas;111056;Piscinas;111;Sud Sardegna;20;Sardegna
20;Sardegna;107;Carbonia-Iglesias;107016;Portoscuso;111057;Portoscuso;111;Sud Sardegna;20;Sardegna
20;Sardegna;107;Carbonia-Iglesias;107017;San Giovanni Suergiu;111063;San Giovanni Suergiu;111;Sud Sardegna;20;Sardegna
20;Sardegna;107;Carbonia-Iglesias;107018;Santadi;111068;Santadi;111;Sud Sardegna;20;Sardegna
20;Sardegna;107;Carbonia-Iglesias;107019;Sant'Anna Arresi;111070;Sant'Anna Arresi;111;Sud Sardegna;20;Sardegna
20;Sardegna;107;Carbonia-Iglesias;107020;Sant'Antioco;111071;Sant'Antioco;111;Sud Sardegna;20;Sardegna
20;Sardegna;107;Carbonia-Iglesias;107021;Tratalias;111090;Tratalias;111;Sud Sardegna;20;Sardegna
20;Sardegna;107;Carbonia-Iglesias;107022;Villamassargia;111098;Villamassargia;111;Sud Sardegna;20;Sardegna
20;Sardegna;107;Carbonia-Iglesias;107023;Villaperuccio;111102;Villaperuccio;111;Sud Sardegna;20;Sardegna
03;Lombardia;108;Monza e della Brianza;108001;Agrate Brianza;108001;Agrate Brianza;108;Monza e della Brianza;03;Lombardia
03;Lombardia;108;Monza e della Brianza;108002;Aicurzio;108002;Aicurzio;108;Monza e della Brianza;03;Lombardia
03;Lombardia;108;Monza e della Brianza;108003;Albiate;108003;Albiate;108;Monza e della Brianza;03;Lombardia
03;Lombardia;108;Monza e della Brianza;108004;Arcore;108004;Arcore;108;Monza e della Brianza;03;Lombardia
03;Lombardia;108;Monza e della Brianza;108005;Barlassina;108005;Barlassina;108;Monza e della Brianza;03;Lombardia
03;Lombardia;108;Monza e della Brianza;108006;Bellusco;108006;Bellusco;108;Monza e della Brianza;03;Lombardia
03;Lombardia;108;Monza e della Brianza;108007;Bernareggio;108007;Bernareggio;108;Monza e della Brianza;03;Lombardia
03;Lombardia;108;Monza e della Brianza;108008;Besana in Brianza;108008;Besana in Brianza;108;Monza e della Brianza;03;Lombardia
03;Lombardia;108;Monza e della Brianza;108009;Biassono;108009;Biassono;108;Monza e della Brianza;03;Lombardia
03;Lombardia;108;Monza e della Brianza;108010;Bovisio-Masciago;108010;Bovisio-Masciago;108;Monza e della Brianza;03;Lombardia
03;Lombardia;108;Monza e della Brianza;108011;Briosco;108011;Briosco;108;Monza e della Brianza;03;Lombardia
03;Lombardia;108;Monza e della Brianza;108012;Brugherio;108012;Brugherio;108;Monza e della Brianza;03;Lombardia
03;Lombardia;108;Monza e della Brianza;108013;Burago di Molgora;108013;Burago di Molgora;108;Monza e della Brianza;03;Lombardia
03;Lombardia;108;Monza e della Brianza;108014;Camparada;108014;Camparada;108;Monza e della Brianza;03;Lombardia
03;Lombardia;108;Monza e della Brianza;108015;Carate Brianza;108015;Carate Brianza;108;Monza e della Brianza;03;Lombardia
03;Lombardia;108;Monza e della Brianza;108016;Carnate;108016;Carnate;108;Monza e della Brianza;03;Lombardia
03;Lombardia;108;Monza e della Brianza;108017;Cavenago di Brianza;108017;Cavenago di Brianza;108;Monza e della Brianza;03;Lombardia
03;Lombardia;108;Monza e della Brianza;108018;Ceriano Laghetto;108018;Ceriano Laghetto;108;Monza e della Brianza;03;Lombardia
03;Lombardia;108;Monza e della Brianza;108019;Cesano Maderno;108019;Cesano Maderno;108;Monza e della Brianza;03;Lombardia
03;Lombardia;108;Monza e della Brianza;108020;Cogliate;108020;Cogliate;108;Monza e della Brianza;03;Lombardia
03;Lombardia;108;Monza e della Brianza;108021;Concorezzo;108021;Concorezzo;108;Monza e della Brianza;03;Lombardia
03;Lombardia;108;Monza e della Brianza;108022;Correzzana;108022;Correzzana;108;Monza e della Brianza;03;Lombardia
03;Lombardia;108;Monza e della Brianza;108023;Desio;108023;Desio;108;Monza e della Brianza;03;Lombardia
03;Lombardia;108;Monza e della Brianza;108024;Giussano;108024;Giussano;108;Monza e della Brianza;03;Lombardia
03;Lombardia;108;Monza e della Brianza;108025;Lazzate;108025;Lazzate;108;Monza e della Brianza;03;Lombardia
03;Lombardia;108;Monza e della Brianza;108026;Lesmo;108026;Lesmo;108;Monza e della Brianza;03;Lombardia
03;Lombardia;108;Monza e della Brianza;108027;Limbiate;108027;Limbiate;108;Monza e della Brianza;03;Lombardia
03;Lombardia;108;Monza e della Brianza;108028;Lissone;108028;Lissone;108;Monza e della Brianza;03;Lombardia
03;Lombardia;108;Monza e della Brianza;108029;Macherio;108029;Macherio;108;Monza e della Brianza;03;Lombardia
03;Lombardia;108;Monza e della Brianza;108030;Meda;108030;Meda;108;Monza e della Brianza;03;Lombardia
03;Lombardia;108;Monza e della Brianza;108031;Mezzago;108031;Mezzago;108;Monza e della Brianza;03;Lombardia
03;Lombardia;108;Monza e della Brianza;108032;Misinto;108032;Misinto;108;Monza e della Brianza;03;Lombardia
03;Lombardia;108;Monza e della Brianza;108033;Monza;108033;Monza;108;Monza e della Brianza;03;Lombardia
03;Lombardia;108;Monza e della Brianza;108034;Muggiò;108034;Muggiò;108;Monza e della Brianza;03;Lombardia
03;Lombardia;108;Monza e della Brianza;108035;Nova Milanese;108035;Nova Milanese;108;Monza e della Brianza;03;Lombardia
03;Lombardia;108;Monza e della Brianza;108036;Ornago;108036;Ornago;108;Monza e della Brianza;03;Lombardia
03;Lombardia;108;Monza e della Brianza;108037;Renate;108037;Renate;108;Monza e della Brianza;03;Lombardia
03;Lombardia;108;Monza e della Brianza;108038;Ronco Briantino;108038;Ronco Briantino;108;Monza e della Brianza;03;Lombardia
03;Lombardia;108;Monza e della Brianza;108039;Seregno;108039;Seregno;108;Monza e della Brianza;03;Lombardia
03;Lombardia;108;Monza e della Brianza;108040;Seveso;108040;Seveso;108;Monza e della Brianza;03;Lombardia
03;Lombardia;108;Monza e della Brianza;108041;Sovico;108041;Sovico;108;Monza e della Brianza;03;Lombardia
03;Lombardia;108;Monza e della Brianza;108042;Sulbiate;108042;Sulbiate;108;Monza e della Brianza;03;Lombardia
03;Lombardia;108;Monza e della Brianza;108043;Triuggio;108043;Triuggio;108;Monza e della Brianza;03;Lombardia
03;Lombardia;108;Monza e della Brianza;108044;Usmate Velate;108044;Usmate Velate;108;Monza e della Brianza;03;Lombardia
03;Lombardia;108;Monza e della Brianza;108045;Varedo;108045;Varedo;108;Monza e della Brianza;03;Lombardia
03;Lombardia;108;Monza e della Brianza;108046;Vedano al Lambro;108046;Vedano al Lambro;108;Monza e della Brianza;03;Lombardia
03;Lombardia;108;Monza e della Brianza;108047;Veduggio con Colzano;108047;Veduggio con Colzano;108;Monza e della Brianza;03;Lombardia
03;Lombardia;108;Monza e della Brianza;108048;Verano Brianza;108048;Verano Brianza;108;Monza e della Brianza;03;Lombardia
03;Lombardia;108;Monza e della Brianza;108049;Villasanta;108049;Villasanta;108;Monza e della Brianza;03;Lombardia
03;Lombardia;108;Monza e della Brianza;108050;Vimercate;108050;Vimercate;108;Monza e della Brianza;03;Lombardia
03;Lombardia;108;Monza e della Brianza;108051;Busnago;108051;Busnago;108;Monza e della Brianza;03;Lombardia
03;Lombardia;108;Monza e della Brianza;108052;Caponago;108052;Caponago;108;Monza e della Brianza;03;Lombardia
03;Lombardia;108;Monza e della Brianza;108053;Cornate d'Adda;108053;Cornate d'Adda;108;Monza e della Brianza;03;Lombardia
03;Lombardia;108;Monza e della Brianza;108054;Lentate sul Seveso;108054;Lentate sul Seveso;108;Monza e della Brianza;03;Lombardia
03;Lombardia;108;Monza e della Brianza;108055;Roncello;108055;Roncello;108;Monza e della Brianza;03;Lombardia
11;Marche;109;Fermo;109001;Altidona;109001;Altidona;109;Fermo;11;Marche
11;Marche;109;Fermo;109002;Amandola;109002;Amandola;109;Fermo;11;Marche
11;Marche;109;Fermo;109003;Belmonte Piceno;109003;Belmonte Piceno;109;Fermo;11;Marche
11;Marche;109;Fermo;109004;Campofilone;109004;Campofilone;109;Fermo;11;Marche
11;Marche;109;Fermo;109005;Falerone;109005;Falerone;109;Fermo;11;Marche
11;Marche;109;Fermo;109006;Fermo;109006;Fermo;109;Fermo;11;Marche
11;Marche;109;Fermo;109007;Francavilla d'Ete;109007;Francavilla d'Ete;109;Fermo;11;Marche
11;Marche;109;Fermo;109008;Grottazzolina;109008;Grottazzolina;109;Fermo;11;Marche
11;Marche;109;Fermo;109009;Lapedona;109009;Lapedona;109;Fermo;11;Marche
11;Marche;109;Fermo;109010;Magliano di Tenna;109010;Magliano di Tenna;109;Fermo;11;Marche
11;Marche;109;Fermo;109011;Massa Fermana;109011;Massa Fermana;109;Fermo;11;Marche
11;Marche;109;Fermo;109012;Monsampietro Morico;109012;Monsampietro Morico;109;Fermo;11;Marche
11;Marche;109;Fermo;109013;Montappone;109013;Montappone;109;Fermo;11;Marche
11;Marche;109;Fermo;109014;Montefalcone Appennino;109014;Montefalcone Appennino;109;Fermo;11;Marche
11;Marche;109;Fermo;109015;Montefortino;109015;Montefortino;109;Fermo;11;Marche
11;Marche;109;Fermo;109016;Monte Giberto;109016;Monte Giberto;109;Fermo;11;Marche
11;Marche;109;Fermo;109017;Montegiorgio;109017;Montegiorgio;109;Fermo;11;Marche
11;Marche;109;Fermo;109018;Montegranaro;109018;Montegranaro;109;Fermo;11;Marche
11;Marche;109;Fermo;109019;Monteleone di Fermo;109019;Monteleone di Fermo;109;Fermo;11;Marche
11;Marche;109;Fermo;109020;Montelparo;109020;Montelparo;109;Fermo;11;Marche
11;Marche;109;Fermo;109021;Monte Rinaldo;109021;Monte Rinaldo;109;Fermo;11;Marche
11;Marche;109;Fermo;109022;Monterubbiano;109022;Monterubbiano;109;Fermo;11;Marche
11;Marche;109;Fermo;109023;Monte San Pietrangeli;109023;Monte San Pietrangeli;109;Fermo;11;Marche
11;Marche;109;Fermo;109024;Monte Urano;109024;Monte Urano;109;Fermo;11;Marche
11;Marche;109;Fermo;109025;Monte Vidon Combatte;109025;Monte Vidon Combatte;109;Fermo;11;Marche
11;Marche;109;Fermo;109026;Monte Vidon Corrado;109026;Monte Vidon Corrado;109;Fermo;11;Marche
11;Marche;109;Fermo;109027;Montottone;109027;Montottone;109;Fermo;11;Marche
11;Marche;109;Fermo;109028;Moresco;109028;Moresco;109;Fermo;11;Marche
11;Marche;109;Fermo;109029;Ortezzano;109029;Ortezzano;109;Fermo;11;Marche
11;Marche;109;Fermo;109030;Pedaso;109030;Pedaso;109;Fermo;11;Marche
11;Marche;109;Fermo;109031;Petritoli;109031;Petritoli;109;Fermo;11;Marche
11;Marche;109;Fermo;109032;Ponzano di Fermo;109032;Ponzano di Fermo;109;Fermo;11;Marche
11;Marche;109;Fermo;109033;Porto San Giorgio;109033;Porto San Giorgio;109;Fermo;11;Marche
11;Marche;109;Fermo;109034;Porto Sant'Elpidio;109034;Porto Sant'Elpidio;109;Fermo;11;Marche
11;Marche;109;Fermo;109035;Rapagnano;109035;Rapagnano;109;Fermo;11;Marche
11;Marche;109;Fermo;109036;Santa Vittoria in Matenano;109036;Santa Vittoria in Matenano;109;Fermo;11;Marche
11;Marche;109;Fermo;109037;Sant'Elpidio a Mare;109037;Sant'Elpidio a Mare;109;Fermo;11;Marche
11;Marche;109;Fermo;109038;Servigliano;109038;Servigliano;109;Fermo;11;Marche
11;Marche;109;Fermo;109039;Smerillo;109039;Smerillo;109;Fermo;11;Marche
11;Marche;109;Fermo;109040;Torre San Patrizio;109040;Torre San Patrizio;109;Fermo;11;Marche
16;Puglia;110;Barletta-Andria-Trani;110001;Andria;110001;Andria;110;Barletta-Andria-Trani;16;Puglia
16;Puglia;110;Barletta-Andria-Trani;110002;Barletta;110002;Barletta;110;Barletta-Andria-Trani;16;Puglia
16;Puglia;110;Barletta-Andria-Trani;110003;Bisceglie;110003;Bisceglie;110;Barletta-Andria-Trani;16;Puglia
16;Puglia;110;Barletta-Andria-Trani;110004;Canosa di Puglia;110004;Canosa di Puglia;110;Barletta-Andria-Trani;16;Puglia
16;Puglia;110;Barletta-Andria-Trani;110005;Margherita di Savoia;110005;Margherita di Savoia;110;Barletta-Andria-Trani;16;Puglia
16;Puglia;110;Barletta-Andria-Trani;110006;Minervino Murge;110006;Minervino Murge;110;Barletta-Andria-Trani;16;Puglia
16;Puglia;110;Barletta-Andria-Trani;110007;San Ferdinando di Puglia;110007;San Ferdinando di Puglia;110;Barletta-Andria-Trani;16;Puglia
16;Puglia;110;Barletta-Andria-Trani;110008;Spinazzola;110008;Spinazzola;110;Barletta-Andria-Trani;16;Puglia
16;Puglia;110;Barletta-Andria-Trani;110009;Trani;110009;Trani;110;Barletta-Andria-Trani;16;Puglia
16;Puglia;110;Barletta-Andria-Trani;110010;Trinitapoli;110010;Trinitapoli;110;Barletta-Andria-Trani;16;Puglia
;;;;;;001316;Mappano;201;Torino;01;Piemonte
;;;;;;081025;Misiliscemi;081;Trapani;19;Sicilia
